Workbook
Name LIST_CATEGORY: '08_Lists_Config'!$B$6:$B$15
Name LIST_TOPIC_STATUS: '08_Lists_Config'!$C$6:$C$8
Name LIST_PRIORITY: '08_Lists_Config'!$D$6:$D$9
Name LIST_YESNO: '08_Lists_Config'!$E$6:$E$7
Name LIST_ACTION_STATUS: '08_Lists_Config'!$F$6:$F$12
Name LIST_PQCP_STATUS: '08_Lists_Config'!$G$6:$G$12
Name LIST_EVIDENCE_AVAIL: '08_Lists_Config'!$H$6:$H$8
Name LIST_DOC_TYPE: '08_Lists_Config'!$I$6:$I$16
Name LIST_DOC_STATUS: '08_Lists_Config'!$J$6:$J$10
Name LIST_APPROVED: '08_Lists_Config'!$K$6:$K$8
Name DUE_SOON_DAYS: '08_Lists_Config'!$C$21

Sheet 00_Dashboard
B2: Commissioning Dashboard | O2: As of: | P2: =TODAY()
B3: Live counts pulled from the Topic, Action and PQCP registers. Nothing to fill in on this sheet.
B5: =COUNTIFS('02_Topic_Register'!$B$4:$B$33,"<>",'02_Topic_Register'!$H$4:$H$33,"<>Closed") | E5: =COUNTIFS('03_Action_Register'!$B$4:$B$33,"<>",'03_Action_Register'!$I$4:$I$33,"<>Closed") | H5: =COUNTIFS('03_Action_Register'!$B$4:$B$33,"<>",'03_Action_Register'!$L$4:$L$33,"Yes") | K5: =COUNTIFS('03_Action_Register'!$B$4:$B$33,"<>",'03_Action_Register'!$I$4:$I$33,"<>Closed",'03_Action_Register'!$L$4:$L$33,"<>Yes",'03_Action_Register'!$H$4:$H$33,">="&TODAY(),'03_Action_Register'!$H$4:$H$33,"<="&(TODAY()+DUE_SOON_DAYS)) | N5: =COUNTIFS('03_Action_Register'!$B$4:$B$33,"<>",'03_Action_Register'!$I$4:$I$33,"Closed")
B8: Open Topics | E8: Open Actions | H8: Overdue Actions | K8: Actions Due Soon | N8: Closed Actions
B10: =IFERROR(COUNTIFS('05_PQCP_Tracker'!$B$4:$B$33,"<>",'05_PQCP_Tracker'!$H$4:$H$33,"Complete")/COUNTIFS('05_PQCP_Tracker'!$B$4:$B$33,"<>"),"") | E10: =COUNTIFS('05_PQCP_Tracker'!$B$4:$B$33,"<>",'05_PQCP_Tracker'!$H$4:$H$33,"Complete") | H10: =COUNTIFS('05_PQCP_Tracker'!$B$4:$B$33,"<>",'05_PQCP_Tracker'!$H$4:$H$33,"In Progress") | K10: =COUNTIFS('05_PQCP_Tracker'!$B$4:$B$33,"<>",'05_PQCP_Tracker'!$J$4:$J$33,"No") | N10: =COUNTIFS('05_PQCP_Tracker'!$B$4:$B$33,"<>",'05_PQCP_Tracker'!$H$4:$H$33,"Not Started")
B13: PQCP Completion % | E13: PQCP Items Complete | H13: PQCP Items In Progress | K13: PQCP Missing Evidence | N13: PQCP Not Started
B14: Overall Readiness | C14: =IFERROR(COUNTIFS('05_PQCP_Tracker'!$B$4:$B$33,"<>",'05_PQCP_Tracker'!$H$4:$H$33,"Complete")/COUNTIFS('05_PQCP_Tracker'!$B$4:$B$33,"<>"),"")
B17: Top 5 Blockers / Critical Open Items
B18: Action ID | C18: Action | D18: Owner | E18: Due Date | F18: Status | G18: Priority
B19: {=IF(IFERROR(MATCH(1,'03_Action_Register'!$T$4:$T$33,0)+3,"")="","",INDEX('03_Action_Register'!$B$4:$B$33,(IFERROR(MATCH(1,'03_Action_Register'!$T$4:$T$33,0)+3,"")-3)))} | C19: {=IF(IFERROR(MATCH(1,'03_Action_Register'!$T$4:$T$33,0)+3,"")="","",INDEX('03_Action_Register'!$D$4:$D$33,(IFERROR(MATCH(1,'03_Action_Register'!$T$4:$T$33,0)+3,"")-3)))} | D19: {=IF(IFERROR(MATCH(1,'03_Action_Register'!$T$4:$T$33,0)+3,"")="","",INDEX('03_Action_Register'!$E$4:$E$33,(IFERROR(MATCH(1,'03_Action_Register'!$T$4:$T$33,0)+3,"")-3)))} | E19: {=IF(IFERROR(MATCH(1,'03_Action_Register'!$T$4:$T$33,0)+3,"")="","",INDEX('03_Action_Register'!$H$4:$H$33,(IFERROR(MATCH(1,'03_Action_Register'!$T$4:$T$33,0)+3,"")-3)))} | F19: {=IF(IFERROR(MATCH(1,'03_Action_Register'!$T$4:$T$33,0)+3,"")="","",INDEX('03_Action_Register'!$I$4:$I$33,(IFERROR(MATCH(1,'03_Action_Register'!$T$4:$T$33,0)+3,"")-3)))} | G19: {=IF(IFERROR(MATCH(1,'03_Action_Register'!$T$4:$T$33,0)+3,"")="","",INDEX('03_Action_Register'!$J$4:$J$33,(IFERROR(MATCH(1,'03_Action_Register'!$T$4:$T$33,0)+3,"")-3)))}
B20: {=IF(IFERROR(MATCH(2,'03_Action_Register'!$T$4:$T$33,0)+3,"")="","",INDEX('03_Action_Register'!$B$4:$B$33,(IFERROR(MATCH(2,'03_Action_Register'!$T$4:$T$33,0)+3,"")-3)))} | C20: {=IF(IFERROR(MATCH(2,'03_Action_Register'!$T$4:$T$33,0)+3,"")="","",INDEX('03_Action_Register'!$D$4:$D$33,(IFERROR(MATCH(2,'03_Action_Register'!$T$4:$T$33,0)+3,"")-3)))} | D20: {=IF(IFERROR(MATCH(2,'03_Action_Register'!$T$4:$T$33,0)+3,"")="","",INDEX('03_Action_Register'!$E$4:$E$33,(IFERROR(MATCH(2,'03_Action_Register'!$T$4:$T$33,0)+3,"")-3)))} | E20: {=IF(IFERROR(MATCH(2,'03_Action_Register'!$T$4:$T$33,0)+3,"")="","",INDEX('03_Action_Register'!$H$4:$H$33,(IFERROR(MATCH(2,'03_Action_Register'!$T$4:$T$33,0)+3,"")-3)))} | F20: {=IF(IFERROR(MATCH(2,'03_Action_Register'!$T$4:$T$33,0)+3,"")="","",INDEX('03_Action_Register'!$I$4:$I$33,(IFERROR(MATCH(2,'03_Action_Register'!$T$4:$T$33,0)+3,"")-3)))} | G20: {=IF(IFERROR(MATCH(2,'03_Action_Register'!$T$4:$T$33,0)+3,"")="","",INDEX('03_Action_Register'!$J$4:$J$33,(IFERROR(MATCH(2,'03_Action_Register'!$T$4:$T$33,0)+3,"")-3)))}
B21: {=IF(IFERROR(MATCH(3,'03_Action_Register'!$T$4:$T$33,0)+3,"")="","",INDEX('03_Action_Register'!$B$4:$B$33,(IFERROR(MATCH(3,'03_Action_Register'!$T$4:$T$33,0)+3,"")-3)))} | C21: {=IF(IFERROR(MATCH(3,'03_Action_Register'!$T$4:$T$33,0)+3,"")="","",INDEX('03_Action_Register'!$D$4:$D$33,(IFERROR(MATCH(3,'03_Action_Register'!$T$4:$T$33,0)+3,"")-3)))} | D21: {=IF(IFERROR(MATCH(3,'03_Action_Register'!$T$4:$T$33,0)+3,"")="","",INDEX('03_Action_Register'!$E$4:$E$33,(IFERROR(MATCH(3,'03_Action_Register'!$T$4:$T$33,0)+3,"")-3)))} | E21: {=IF(IFERROR(MATCH(3,'03_Action_Register'!$T$4:$T$33,0)+3,"")="","",INDEX('03_Action_Register'!$H$4:$H$33,(IFERROR(MATCH(3,'03_Action_Register'!$T$4:$T$33,0)+3,"")-3)))} | F21: {=IF(IFERROR(MATCH(3,'03_Action_Register'!$T$4:$T$33,0)+3,"")="","",INDEX('03_Action_Register'!$I$4:$I$33,(IFERROR(MATCH(3,'03_Action_Register'!$T$4:$T$33,0)+3,"")-3)))} | G21: {=IF(IFERROR(MATCH(3,'03_Action_Register'!$T$4:$T$33,0)+3,"")="","",INDEX('03_Action_Register'!$J$4:$J$33,(IFERROR(MATCH(3,'03_Action_Register'!$T$4:$T$33,0)+3,"")-3)))}
B22: {=IF(IFERROR(MATCH(4,'03_Action_Register'!$T$4:$T$33,0)+3,"")="","",INDEX('03_Action_Register'!$B$4:$B$33,(IFERROR(MATCH(4,'03_Action_Register'!$T$4:$T$33,0)+3,"")-3)))} | C22: {=IF(IFERROR(MATCH(4,'03_Action_Register'!$T$4:$T$33,0)+3,"")="","",INDEX('03_Action_Register'!$D$4:$D$33,(IFERROR(MATCH(4,'03_Action_Register'!$T$4:$T$33,0)+3,"")-3)))} | D22: {=IF(IFERROR(MATCH(4,'03_Action_Register'!$T$4:$T$33,0)+3,"")="","",INDEX('03_Action_Register'!$E$4:$E$33,(IFERROR(MATCH(4,'03_Action_Register'!$T$4:$T$33,0)+3,"")-3)))} | E22: {=IF(IFERROR(MATCH(4,'03_Action_Register'!$T$4:$T$33,0)+3,"")="","",INDEX('03_Action_Register'!$H$4:$H$33,(IFERROR(MATCH(4,'03_Action_Register'!$T$4:$T$33,0)+3,"")-3)))} | F22: {=IF(IFERROR(MATCH(4,'03_Action_Register'!$T$4:$T$33,0)+3,"")="","",INDEX('03_Action_Register'!$I$4:$I$33,(IFERROR(MATCH(4,'03_Action_Register'!$T$4:$T$33,0)+3,"")-3)))} | G22: {=IF(IFERROR(MATCH(4,'03_Action_Register'!$T$4:$T$33,0)+3,"")="","",INDEX('03_Action_Register'!$J$4:$J$33,(IFERROR(MATCH(4,'03_Action_Register'!$T$4:$T$33,0)+3,"")-3)))}
B23: {=IF(IFERROR(MATCH(5,'03_Action_Register'!$T$4:$T$33,0)+3,"")="","",INDEX('03_Action_Register'!$B$4:$B$33,(IFERROR(MATCH(5,'03_Action_Register'!$T$4:$T$33,0)+3,"")-3)))} | C23: {=IF(IFERROR(MATCH(5,'03_Action_Register'!$T$4:$T$33,0)+3,"")="","",INDEX('03_Action_Register'!$D$4:$D$33,(IFERROR(MATCH(5,'03_Action_Register'!$T$4:$T$33,0)+3,"")-3)))} | D23: {=IF(IFERROR(MATCH(5,'03_Action_Register'!$T$4:$T$33,0)+3,"")="","",INDEX('03_Action_Register'!$E$4:$E$33,(IFERROR(MATCH(5,'03_Action_Register'!$T$4:$T$33,0)+3,"")-3)))} | E23: {=IF(IFERROR(MATCH(5,'03_Action_Register'!$T$4:$T$33,0)+3,"")="","",INDEX('03_Action_Register'!$H$4:$H$33,(IFERROR(MATCH(5,'03_Action_Register'!$T$4:$T$33,0)+3,"")-3)))} | F23: {=IF(IFERROR(MATCH(5,'03_Action_Register'!$T$4:$T$33,0)+3,"")="","",INDEX('03_Action_Register'!$I$4:$I$33,(IFERROR(MATCH(5,'03_Action_Register'!$T$4:$T$33,0)+3,"")-3)))} | G23: {=IF(IFERROR(MATCH(5,'03_Action_Register'!$T$4:$T$33,0)+3,"")="","",INDEX('03_Action_Register'!$J$4:$J$33,(IFERROR(MATCH(5,'03_Action_Register'!$T$4:$T$33,0)+3,"")-3)))}
B25: Legend: Blue text = fill in yourself | Black text = automatic formula, do not overtype | Grey columns = automation helpers, do not edit

Sheet 01_Next_Meeting
B2: Legend: Blue text = fill in yourself | Black text = automatic formula, do not overtype | Grey columns = automation helpers, do not edit
B3: Chair the meeting directly from this sheet. Rows below fill in automatically for every topic flagged 'Discuss at Next Meeting = Yes', with an overdue action, or with an open question - nothing to maintain here.
B5: Meeting Date: | C5: 46239 | E5: Topics on agenda: | G5: =COUNTA(B9:B28)
B8: Topic ID | C8: Topic | D8: Current Position | E8: Latest Update | F8: Open Point / Question | G8: Action | H8: Owner | I8: Due Date | J8: Input / Decision Required
B9: {=IF(IFERROR(MATCH(1,'02_Topic_Register'!$R$4:$R$33,0)+3,"")="","",INDEX('02_Topic_Register'!$B$4:$B$33,(IFERROR(MATCH(1,'02_Topic_Register'!$R$4:$R$33,0)+3,"")-3)))} | C9: {=IF($B9="","",INDEX('02_Topic_Register'!$E$4:$E$33,(IFERROR(MATCH(1,'02_Topic_Register'!$R$4:$R$33,0)+3,"")-3)))} | D9: {=IF($B9="","",INDEX('02_Topic_Register'!$F$4:$F$33,(IFERROR(MATCH(1,'02_Topic_Register'!$R$4:$R$33,0)+3,"")-3)))} | E9: {=IF($B9="","",IF(IFERROR(MAX(IF('04_Update_History'!$D$4:$D$153=INDEX('02_Topic_Register'!$B$4:$B$33,(IFERROR(MATCH(1,'02_Topic_Register'!$R$4:$R$33,0)+3,"")-3)),ROW('04_Update_History'!$D$4:$D$153))),0)=0,"",INDEX('04_Update_History'!$F$4:$F$153,(IFERROR(MAX(IF('04_Update_History'!$D$4:$D$153=INDEX('02_Topic_Register'!$B$4:$B$33,(IFERROR(MATCH(1,'02_Topic_Register'!$R$4:$R$33,0)+3,"")-3)),ROW('04_Update_History'!$D$4:$D$153))),0)-3))))} | F9: {=IF($B9="","",INDEX('02_Topic_Register'!$G$4:$G$33,(IFERROR(MATCH(1,'02_Topic_Register'!$R$4:$R$33,0)+3,"")-3)))} | G9: {=IF($B9="","",IF(IFERROR(MATCH(IFERROR(INDEX('02_Topic_Register'!$N$4:$N$33,(IFERROR(MATCH(1,'02_Topic_Register'!$R$4:$R$33,0)+3,"")-3)),""),'03_Action_Register'!$B$4:$B$33,0),"")="","",INDEX('03_Action_Register'!$D$4:$D$33,IFERROR(MATCH(IFERROR(INDEX('02_Topic_Register'!$N$4:$N$33,(IFERROR(MATCH(1,'02_Topic_Register'!$R$4:$R$33,0)+3,"")-3)),""),'03_Action_Register'!$B$4:$B$33,0),""))))} | H9: {=IF($B9="","",IF(IFERROR(MATCH(IFERROR(INDEX('02_Topic_Register'!$N$4:$N$33,(IFERROR(MATCH(1,'02_Topic_Register'!$R$4:$R$33,0)+3,"")-3)),""),'03_Action_Register'!$B$4:$B$33,0),"")="","",INDEX('03_Action_Register'!$E$4:$E$33,IFERROR(MATCH(IFERROR(INDEX('02_Topic_Register'!$N$4:$N$33,(IFERROR(MATCH(1,'02_Topic_Register'!$R$4:$R$33,0)+3,"")-3)),""),'03_Action_Register'!$B$4:$B$33,0),""))))} | I9: {=IF($B9="","",IF(IFERROR(MATCH(IFERROR(INDEX('02_Topic_Register'!$N$4:$N$33,(IFERROR(MATCH(1,'02_Topic_Register'!$R$4:$R$33,0)+3,"")-3)),""),'03_Action_Register'!$B$4:$B$33,0),"")="","",INDEX('03_Action_Register'!$H$4:$H$33,IFERROR(MATCH(IFERROR(INDEX('02_Topic_Register'!$N$4:$N$33,(IFERROR(MATCH(1,'02_Topic_Register'!$R$4:$R$33,0)+3,"")-3)),""),'03_Action_Register'!$B$4:$B$33,0),""))))} | J9: =IF($B9="","",IF($F9<>"","Yes - input needed","Update only"))
B10: {=IF(IFERROR(MATCH(2,'02_Topic_Register'!$R$4:$R$33,0)+3,"")="","",INDEX('02_Topic_Register'!$B$4:$B$33,(IFERROR(MATCH(2,'02_Topic_Register'!$R$4:$R$33,0)+3,"")-3)))} | C10: {=IF($B10="","",INDEX('02_Topic_Register'!$E$4:$E$33,(IFERROR(MATCH(2,'02_Topic_Register'!$R$4:$R$33,0)+3,"")-3)))} | D10: {=IF($B10="","",INDEX('02_Topic_Register'!$F$4:$F$33,(IFERROR(MATCH(2,'02_Topic_Register'!$R$4:$R$33,0)+3,"")-3)))} | E10: {=IF($B10="","",IF(IFERROR(MAX(IF('04_Update_History'!$D$4:$D$153=INDEX('02_Topic_Register'!$B$4:$B$33,(IFERROR(MATCH(2,'02_Topic_Register'!$R$4:$R$33,0)+3,"")-3)),ROW('04_Update_History'!$D$4:$D$153))),0)=0,"",INDEX('04_Update_History'!$F$4:$F$153,(IFERROR(MAX(IF('04_Update_History'!$D$4:$D$153=INDEX('02_Topic_Register'!$B$4:$B$33,(IFERROR(MATCH(2,'02_Topic_Register'!$R$4:$R$33,0)+3,"")-3)),ROW('04_Update_History'!$D$4:$D$153))),0)-3))))} | F10: {=IF($B10="","",INDEX('02_Topic_Register'!$G$4:$G$33,(IFERROR(MATCH(2,'02_Topic_Register'!$R$4:$R$33,0)+3,"")-3)))} | G10: {=IF($B10="","",IF(IFERROR(MATCH(IFERROR(INDEX('02_Topic_Register'!$N$4:$N$33,(IFERROR(MATCH(2,'02_Topic_Register'!$R$4:$R$33,0)+3,"")-3)),""),'03_Action_Register'!$B$4:$B$33,0),"")="","",INDEX('03_Action_Register'!$D$4:$D$33,IFERROR(MATCH(IFERROR(INDEX('02_Topic_Register'!$N$4:$N$33,(IFERROR(MATCH(2,'02_Topic_Register'!$R$4:$R$33,0)+3,"")-3)),""),'03_Action_Register'!$B$4:$B$33,0),""))))} | H10: {=IF($B10="","",IF(IFERROR(MATCH(IFERROR(INDEX('02_Topic_Register'!$N$4:$N$33,(IFERROR(MATCH(2,'02_Topic_Register'!$R$4:$R$33,0)+3,"")-3)),""),'03_Action_Register'!$B$4:$B$33,0),"")="","",INDEX('03_Action_Register'!$E$4:$E$33,IFERROR(MATCH(IFERROR(INDEX('02_Topic_Register'!$N$4:$N$33,(IFERROR(MATCH(2,'02_Topic_Register'!$R$4:$R$33,0)+3,"")-3)),""),'03_Action_Register'!$B$4:$B$33,0),""))))} | I10: {=IF($B10="","",IF(IFERROR(MATCH(IFERROR(INDEX('02_Topic_Register'!$N$4:$N$33,(IFERROR(MATCH(2,'02_Topic_Register'!$R$4:$R$33,0)+3,"")-3)),""),'03_Action_Register'!$B$4:$B$33,0),"")="","",INDEX('03_Action_Register'!$H$4:$H$33,IFERROR(MATCH(IFERROR(INDEX('02_Topic_Register'!$N$4:$N$33,(IFERROR(MATCH(2,'02_Topic_Register'!$R$4:$R$33,0)+3,"")-3)),""),'03_Action_Register'!$B$4:$B$33,0),""))))} | J10: =IF($B10="","",IF($F10<>"","Yes - input needed","Update only"))
B11: {=IF(IFERROR(MATCH(3,'02_Topic_Register'!$R$4:$R$33,0)+3,"")="","",INDEX('02_Topic_Register'!$B$4:$B$33,(IFERROR(MATCH(3,'02_Topic_Register'!$R$4:$R$33,0)+3,"")-3)))} | C11: {=IF($B11="","",INDEX('02_Topic_Register'!$E$4:$E$33,(IFERROR(MATCH(3,'02_Topic_Register'!$R$4:$R$33,0)+3,"")-3)))} | D11: {=IF($B11="","",INDEX('02_Topic_Register'!$F$4:$F$33,(IFERROR(MATCH(3,'02_Topic_Register'!$R$4:$R$33,0)+3,"")-3)))} | E11: {=IF($B11="","",IF(IFERROR(MAX(IF('04_Update_History'!$D$4:$D$153=INDEX('02_Topic_Register'!$B$4:$B$33,(IFERROR(MATCH(3,'02_Topic_Register'!$R$4:$R$33,0)+3,"")-3)),ROW('04_Update_History'!$D$4:$D$153))),0)=0,"",INDEX('04_Update_History'!$F$4:$F$153,(IFERROR(MAX(IF('04_Update_History'!$D$4:$D$153=INDEX('02_Topic_Register'!$B$4:$B$33,(IFERROR(MATCH(3,'02_Topic_Register'!$R$4:$R$33,0)+3,"")-3)),ROW('04_Update_History'!$D$4:$D$153))),0)-3))))} | F11: {=IF($B11="","",INDEX('02_Topic_Register'!$G$4:$G$33,(IFERROR(MATCH(3,'02_Topic_Register'!$R$4:$R$33,0)+3,"")-3)))} | G11: {=IF($B11="","",IF(IFERROR(MATCH(IFERROR(INDEX('02_Topic_Register'!$N$4:$N$33,(IFERROR(MATCH(3,'02_Topic_Register'!$R$4:$R$33,0)+3,"")-3)),""),'03_Action_Register'!$B$4:$B$33,0),"")="","",INDEX('03_Action_Register'!$D$4:$D$33,IFERROR(MATCH(IFERROR(INDEX('02_Topic_Register'!$N$4:$N$33,(IFERROR(MATCH(3,'02_Topic_Register'!$R$4:$R$33,0)+3,"")-3)),""),'03_Action_Register'!$B$4:$B$33,0),""))))} | H11: {=IF($B11="","",IF(IFERROR(MATCH(IFERROR(INDEX('02_Topic_Register'!$N$4:$N$33,(IFERROR(MATCH(3,'02_Topic_Register'!$R$4:$R$33,0)+3,"")-3)),""),'03_Action_Register'!$B$4:$B$33,0),"")="","",INDEX('03_Action_Register'!$E$4:$E$33,IFERROR(MATCH(IFERROR(INDEX('02_Topic_Register'!$N$4:$N$33,(IFERROR(MATCH(3,'02_Topic_Register'!$R$4:$R$33,0)+3,"")-3)),""),'03_Action_Register'!$B$4:$B$33,0),""))))} | I11: {=IF($B11="","",IF(IFERROR(MATCH(IFERROR(INDEX('02_Topic_Register'!$N$4:$N$33,(IFERROR(MATCH(3,'02_Topic_Register'!$R$4:$R$33,0)+3,"")-3)),""),'03_Action_Register'!$B$4:$B$33,0),"")="","",INDEX('03_Action_Register'!$H$4:$H$33,IFERROR(MATCH(IFERROR(INDEX('02_Topic_Register'!$N$4:$N$33,(IFERROR(MATCH(3,'02_Topic_Register'!$R$4:$R$33,0)+3,"")-3)),""),'03_Action_Register'!$B$4:$B$33,0),""))))} | J11: =IF($B11="","",IF($F11<>"","Yes - input needed","Update only"))
B12: {=IF(IFERROR(MATCH(4,'02_Topic_Register'!$R$4:$R$33,0)+3,"")="","",INDEX('02_Topic_Register'!$B$4:$B$33,(IFERROR(MATCH(4,'02_Topic_Register'!$R$4:$R$33,0)+3,"")-3)))} | C12: {=IF($B12="","",INDEX('02_Topic_Register'!$E$4:$E$33,(IFERROR(MATCH(4,'02_Topic_Register'!$R$4:$R$33,0)+3,"")-3)))} | D12: {=IF($B12="","",INDEX('02_Topic_Register'!$F$4:$F$33,(IFERROR(MATCH(4,'02_Topic_Register'!$R$4:$R$33,0)+3,"")-3)))} | E12: {=IF($B12="","",IF(IFERROR(MAX(IF('04_Update_History'!$D$4:$D$153=INDEX('02_Topic_Register'!$B$4:$B$33,(IFERROR(MATCH(4,'02_Topic_Register'!$R$4:$R$33,0)+3,"")-3)),ROW('04_Update_History'!$D$4:$D$153))),0)=0,"",INDEX('04_Update_History'!$F$4:$F$153,(IFERROR(MAX(IF('04_Update_History'!$D$4:$D$153=INDEX('02_Topic_Register'!$B$4:$B$33,(IFERROR(MATCH(4,'02_Topic_Register'!$R$4:$R$33,0)+3,"")-3)),ROW('04_Update_History'!$D$4:$D$153))),0)-3))))} | F12: {=IF($B12="","",INDEX('02_Topic_Register'!$G$4:$G$33,(IFERROR(MATCH(4,'02_Topic_Register'!$R$4:$R$33,0)+3,"")-3)))} | G12: {=IF($B12="","",IF(IFERROR(MATCH(IFERROR(INDEX('02_Topic_Register'!$N$4:$N$33,(IFERROR(MATCH(4,'02_Topic_Register'!$R$4:$R$33,0)+3,"")-3)),""),'03_Action_Register'!$B$4:$B$33,0),"")="","",INDEX('03_Action_Register'!$D$4:$D$33,IFERROR(MATCH(IFERROR(INDEX('02_Topic_Register'!$N$4:$N$33,(IFERROR(MATCH(4,'02_Topic_Register'!$R$4:$R$33,0)+3,"")-3)),""),'03_Action_Register'!$B$4:$B$33,0),""))))} | H12: {=IF($B12="","",IF(IFERROR(MATCH(IFERROR(INDEX('02_Topic_Register'!$N$4:$N$33,(IFERROR(MATCH(4,'02_Topic_Register'!$R$4:$R$33,0)+3,"")-3)),""),'03_Action_Register'!$B$4:$B$33,0),"")="","",INDEX('03_Action_Register'!$E$4:$E$33,IFERROR(MATCH(IFERROR(INDEX('02_Topic_Register'!$N$4:$N$33,(IFERROR(MATCH(4,'02_Topic_Register'!$R$4:$R$33,0)+3,"")-3)),""),'03_Action_Register'!$B$4:$B$33,0),""))))} | I12: {=IF($B12="","",IF(IFERROR(MATCH(IFERROR(INDEX('02_Topic_Register'!$N$4:$N$33,(IFERROR(MATCH(4,'02_Topic_Register'!$R$4:$R$33,0)+3,"")-3)),""),'03_Action_Register'!$B$4:$B$33,0),"")="","",INDEX('03_Action_Register'!$H$4:$H$33,IFERROR(MATCH(IFERROR(INDEX('02_Topic_Register'!$N$4:$N$33,(IFERROR(MATCH(4,'02_Topic_Register'!$R$4:$R$33,0)+3,"")-3)),""),'03_Action_Register'!$B$4:$B$33,0),""))))} | J12: =IF($B12="","",IF($F12<>"","Yes - input needed","Update only"))
B13: {=IF(IFERROR(MATCH(5,'02_Topic_Register'!$R$4:$R$33,0)+3,"")="","",INDEX('02_Topic_Register'!$B$4:$B$33,(IFERROR(MATCH(5,'02_Topic_Register'!$R$4:$R$33,0)+3,"")-3)))} | C13: {=IF($B13="","",INDEX('02_Topic_Register'!$E$4:$E$33,(IFERROR(MATCH(5,'02_Topic_Register'!$R$4:$R$33,0)+3,"")-3)))} | D13: {=IF($B13="","",INDEX('02_Topic_Register'!$F$4:$F$33,(IFERROR(MATCH(5,'02_Topic_Register'!$R$4:$R$33,0)+3,"")-3)))} | E13: {=IF($B13="","",IF(IFERROR(MAX(IF('04_Update_History'!$D$4:$D$153=INDEX('02_Topic_Register'!$B$4:$B$33,(IFERROR(MATCH(5,'02_Topic_Register'!$R$4:$R$33,0)+3,"")-3)),ROW('04_Update_History'!$D$4:$D$153))),0)=0,"",INDEX('04_Update_History'!$F$4:$F$153,(IFERROR(MAX(IF('04_Update_History'!$D$4:$D$153=INDEX('02_Topic_Register'!$B$4:$B$33,(IFERROR(MATCH(5,'02_Topic_Register'!$R$4:$R$33,0)+3,"")-3)),ROW('04_Update_History'!$D$4:$D$153))),0)-3))))} | F13: {=IF($B13="","",INDEX('02_Topic_Register'!$G$4:$G$33,(IFERROR(MATCH(5,'02_Topic_Register'!$R$4:$R$33,0)+3,"")-3)))} | G13: {=IF($B13="","",IF(IFERROR(MATCH(IFERROR(INDEX('02_Topic_Register'!$N$4:$N$33,(IFERROR(MATCH(5,'02_Topic_Register'!$R$4:$R$33,0)+3,"")-3)),""),'03_Action_Register'!$B$4:$B$33,0),"")="","",INDEX('03_Action_Register'!$D$4:$D$33,IFERROR(MATCH(IFERROR(INDEX('02_Topic_Register'!$N$4:$N$33,(IFERROR(MATCH(5,'02_Topic_Register'!$R$4:$R$33,0)+3,"")-3)),""),'03_Action_Register'!$B$4:$B$33,0),""))))} | H13: {=IF($B13="","",IF(IFERROR(MATCH(IFERROR(INDEX('02_Topic_Register'!$N$4:$N$33,(IFERROR(MATCH(5,'02_Topic_Register'!$R$4:$R$33,0)+3,"")-3)),""),'03_Action_Register'!$B$4:$B$33,0),"")="","",INDEX('03_Action_Register'!$E$4:$E$33,IFERROR(MATCH(IFERROR(INDEX('02_Topic_Register'!$N$4:$N$33,(IFERROR(MATCH(5,'02_Topic_Register'!$R$4:$R$33,0)+3,"")-3)),""),'03_Action_Register'!$B$4:$B$33,0),""))))} | I13: {=IF($B13="","",IF(IFERROR(MATCH(IFERROR(INDEX('02_Topic_Register'!$N$4:$N$33,(IFERROR(MATCH(5,'02_Topic_Register'!$R$4:$R$33,0)+3,"")-3)),""),'03_Action_Register'!$B$4:$B$33,0),"")="","",INDEX('03_Action_Register'!$H$4:$H$33,IFERROR(MATCH(IFERROR(INDEX('02_Topic_Register'!$N$4:$N$33,(IFERROR(MATCH(5,'02_Topic_Register'!$R$4:$R$33,0)+3,"")-3)),""),'03_Action_Register'!$B$4:$B$33,0),""))))} | J13: =IF($B13="","",IF($F13<>"","Yes - input needed","Update only"))
B14: {=IF(IFERROR(MATCH(6,'02_Topic_Register'!$R$4:$R$33,0)+3,"")="","",INDEX('02_Topic_Register'!$B$4:$B$33,(IFERROR(MATCH(6,'02_Topic_Register'!$R$4:$R$33,0)+3,"")-3)))} | C14: {=IF($B14="","",INDEX('02_Topic_Register'!$E$4:$E$33,(IFERROR(MATCH(6,'02_Topic_Register'!$R$4:$R$33,0)+3,"")-3)))} | D14: {=IF($B14="","",INDEX('02_Topic_Register'!$F$4:$F$33,(IFERROR(MATCH(6,'02_Topic_Register'!$R$4:$R$33,0)+3,"")-3)))} | E14: {=IF($B14="","",IF(IFERROR(MAX(IF('04_Update_History'!$D$4:$D$153=INDEX('02_Topic_Register'!$B$4:$B$33,(IFERROR(MATCH(6,'02_Topic_Register'!$R$4:$R$33,0)+3,"")-3)),ROW('04_Update_History'!$D$4:$D$153))),0)=0,"",INDEX('04_Update_History'!$F$4:$F$153,(IFERROR(MAX(IF('04_Update_History'!$D$4:$D$153=INDEX('02_Topic_Register'!$B$4:$B$33,(IFERROR(MATCH(6,'02_Topic_Register'!$R$4:$R$33,0)+3,"")-3)),ROW('04_Update_History'!$D$4:$D$153))),0)-3))))} | F14: {=IF($B14="","",INDEX('02_Topic_Register'!$G$4:$G$33,(IFERROR(MATCH(6,'02_Topic_Register'!$R$4:$R$33,0)+3,"")-3)))} | G14: {=IF($B14="","",IF(IFERROR(MATCH(IFERROR(INDEX('02_Topic_Register'!$N$4:$N$33,(IFERROR(MATCH(6,'02_Topic_Register'!$R$4:$R$33,0)+3,"")-3)),""),'03_Action_Register'!$B$4:$B$33,0),"")="","",INDEX('03_Action_Register'!$D$4:$D$33,IFERROR(MATCH(IFERROR(INDEX('02_Topic_Register'!$N$4:$N$33,(IFERROR(MATCH(6,'02_Topic_Register'!$R$4:$R$33,0)+3,"")-3)),""),'03_Action_Register'!$B$4:$B$33,0),""))))} | H14: {=IF($B14="","",IF(IFERROR(MATCH(IFERROR(INDEX('02_Topic_Register'!$N$4:$N$33,(IFERROR(MATCH(6,'02_Topic_Register'!$R$4:$R$33,0)+3,"")-3)),""),'03_Action_Register'!$B$4:$B$33,0),"")="","",INDEX('03_Action_Register'!$E$4:$E$33,IFERROR(MATCH(IFERROR(INDEX('02_Topic_Register'!$N$4:$N$33,(IFERROR(MATCH(6,'02_Topic_Register'!$R$4:$R$33,0)+3,"")-3)),""),'03_Action_Register'!$B$4:$B$33,0),""))))} | I14: {=IF($B14="","",IF(IFERROR(MATCH(IFERROR(INDEX('02_Topic_Register'!$N$4:$N$33,(IFERROR(MATCH(6,'02_Topic_Register'!$R$4:$R$33,0)+3,"")-3)),""),'03_Action_Register'!$B$4:$B$33,0),"")="","",INDEX('03_Action_Register'!$H$4:$H$33,IFERROR(MATCH(IFERROR(INDEX('02_Topic_Register'!$N$4:$N$33,(IFERROR(MATCH(6,'02_Topic_Register'!$R$4:$R$33,0)+3,"")-3)),""),'03_Action_Register'!$B$4:$B$33,0),""))))} | J14: =IF($B14="","",IF($F14<>"","Yes - input needed","Update only"))
B15: {=IF(IFERROR(MATCH(7,'02_Topic_Register'!$R$4:$R$33,0)+3,"")="","",INDEX('02_Topic_Register'!$B$4:$B$33,(IFERROR(MATCH(7,'02_Topic_Register'!$R$4:$R$33,0)+3,"")-3)))} | C15: {=IF($B15="","",INDEX('02_Topic_Register'!$E$4:$E$33,(IFERROR(MATCH(7,'02_Topic_Register'!$R$4:$R$33,0)+3,"")-3)))} | D15: {=IF($B15="","",INDEX('02_Topic_Register'!$F$4:$F$33,(IFERROR(MATCH(7,'02_Topic_Register'!$R$4:$R$33,0)+3,"")-3)))} | E15: {=IF($B15="","",IF(IFERROR(MAX(IF('04_Update_History'!$D$4:$D$153=INDEX('02_Topic_Register'!$B$4:$B$33,(IFERROR(MATCH(7,'02_Topic_Register'!$R$4:$R$33,0)+3,"")-3)),ROW('04_Update_History'!$D$4:$D$153))),0)=0,"",INDEX('04_Update_History'!$F$4:$F$153,(IFERROR(MAX(IF('04_Update_History'!$D$4:$D$153=INDEX('02_Topic_Register'!$B$4:$B$33,(IFERROR(MATCH(7,'02_Topic_Register'!$R$4:$R$33,0)+3,"")-3)),ROW('04_Update_History'!$D$4:$D$153))),0)-3))))} | F15: {=IF($B15="","",INDEX('02_Topic_Register'!$G$4:$G$33,(IFERROR(MATCH(7,'02_Topic_Register'!$R$4:$R$33,0)+3,"")-3)))} | G15: {=IF($B15="","",IF(IFERROR(MATCH(IFERROR(INDEX('02_Topic_Register'!$N$4:$N$33,(IFERROR(MATCH(7,'02_Topic_Register'!$R$4:$R$33,0)+3,"")-3)),""),'03_Action_Register'!$B$4:$B$33,0),"")="","",INDEX('03_Action_Register'!$D$4:$D$33,IFERROR(MATCH(IFERROR(INDEX('02_Topic_Register'!$N$4:$N$33,(IFERROR(MATCH(7,'02_Topic_Register'!$R$4:$R$33,0)+3,"")-3)),""),'03_Action_Register'!$B$4:$B$33,0),""))))} | H15: {=IF($B15="","",IF(IFERROR(MATCH(IFERROR(INDEX('02_Topic_Register'!$N$4:$N$33,(IFERROR(MATCH(7,'02_Topic_Register'!$R$4:$R$33,0)+3,"")-3)),""),'03_Action_Register'!$B$4:$B$33,0),"")="","",INDEX('03_Action_Register'!$E$4:$E$33,IFERROR(MATCH(IFERROR(INDEX('02_Topic_Register'!$N$4:$N$33,(IFERROR(MATCH(7,'02_Topic_Register'!$R$4:$R$33,0)+3,"")-3)),""),'03_Action_Register'!$B$4:$B$33,0),""))))} | I15: {=IF($B15="","",IF(IFERROR(MATCH(IFERROR(INDEX('02_Topic_Register'!$N$4:$N$33,(IFERROR(MATCH(7,'02_Topic_Register'!$R$4:$R$33,0)+3,"")-3)),""),'03_Action_Register'!$B$4:$B$33,0),"")="","",INDEX('03_Action_Register'!$H$4:$H$33,IFERROR(MATCH(IFERROR(INDEX('02_Topic_Register'!$N$4:$N$33,(IFERROR(MATCH(7,'02_Topic_Register'!$R$4:$R$33,0)+3,"")-3)),""),'03_Action_Register'!$B$4:$B$33,0),""))))} | J15: =IF($B15="","",IF($F15<>"","Yes - input needed","Update only"))
B16: {=IF(IFERROR(MATCH(8,'02_Topic_Register'!$R$4:$R$33,0)+3,"")="","",INDEX('02_Topic_Register'!$B$4:$B$33,(IFERROR(MATCH(8,'02_Topic_Register'!$R$4:$R$33,0)+3,"")-3)))} | C16: {=IF($B16="","",INDEX('02_Topic_Register'!$E$4:$E$33,(IFERROR(MATCH(8,'02_Topic_Register'!$R$4:$R$33,0)+3,"")-3)))} | D16: {=IF($B16="","",INDEX('02_Topic_Register'!$F$4:$F$33,(IFERROR(MATCH(8,'02_Topic_Register'!$R$4:$R$33,0)+3,"")-3)))} | E16: {=IF($B16="","",IF(IFERROR(MAX(IF('04_Update_History'!$D$4:$D$153=INDEX('02_Topic_Register'!$B$4:$B$33,(IFERROR(MATCH(8,'02_Topic_Register'!$R$4:$R$33,0)+3,"")-3)),ROW('04_Update_History'!$D$4:$D$153))),0)=0,"",INDEX('04_Update_History'!$F$4:$F$153,(IFERROR(MAX(IF('04_Update_History'!$D$4:$D$153=INDEX('02_Topic_Register'!$B$4:$B$33,(IFERROR(MATCH(8,'02_Topic_Register'!$R$4:$R$33,0)+3,"")-3)),ROW('04_Update_History'!$D$4:$D$153))),0)-3))))} | F16: {=IF($B16="","",INDEX('02_Topic_Register'!$G$4:$G$33,(IFERROR(MATCH(8,'02_Topic_Register'!$R$4:$R$33,0)+3,"")-3)))} | G16: {=IF($B16="","",IF(IFERROR(MATCH(IFERROR(INDEX('02_Topic_Register'!$N$4:$N$33,(IFERROR(MATCH(8,'02_Topic_Register'!$R$4:$R$33,0)+3,"")-3)),""),'03_Action_Register'!$B$4:$B$33,0),"")="","",INDEX('03_Action_Register'!$D$4:$D$33,IFERROR(MATCH(IFERROR(INDEX('02_Topic_Register'!$N$4:$N$33,(IFERROR(MATCH(8,'02_Topic_Register'!$R$4:$R$33,0)+3,"")-3)),""),'03_Action_Register'!$B$4:$B$33,0),""))))} | H16: {=IF($B16="","",IF(IFERROR(MATCH(IFERROR(INDEX('02_Topic_Register'!$N$4:$N$33,(IFERROR(MATCH(8,'02_Topic_Register'!$R$4:$R$33,0)+3,"")-3)),""),'03_Action_Register'!$B$4:$B$33,0),"")="","",INDEX('03_Action_Register'!$E$4:$E$33,IFERROR(MATCH(IFERROR(INDEX('02_Topic_Register'!$N$4:$N$33,(IFERROR(MATCH(8,'02_Topic_Register'!$R$4:$R$33,0)+3,"")-3)),""),'03_Action_Register'!$B$4:$B$33,0),""))))} | I16: {=IF($B16="","",IF(IFERROR(MATCH(IFERROR(INDEX('02_Topic_Register'!$N$4:$N$33,(IFERROR(MATCH(8,'02_Topic_Register'!$R$4:$R$33,0)+3,"")-3)),""),'03_Action_Register'!$B$4:$B$33,0),"")="","",INDEX('03_Action_Register'!$H$4:$H$33,IFERROR(MATCH(IFERROR(INDEX('02_Topic_Register'!$N$4:$N$33,(IFERROR(MATCH(8,'02_Topic_Register'!$R$4:$R$33,0)+3,"")-3)),""),'03_Action_Register'!$B$4:$B$33,0),""))))} | J16: =IF($B16="","",IF($F16<>"","Yes - input needed","Update only"))
B17: {=IF(IFERROR(MATCH(9,'02_Topic_Register'!$R$4:$R$33,0)+3,"")="","",INDEX('02_Topic_Register'!$B$4:$B$33,(IFERROR(MATCH(9,'02_Topic_Register'!$R$4:$R$33,0)+3,"")-3)))} | C17: {=IF($B17="","",INDEX('02_Topic_Register'!$E$4:$E$33,(IFERROR(MATCH(9,'02_Topic_Register'!$R$4:$R$33,0)+3,"")-3)))} | D17: {=IF($B17="","",INDEX('02_Topic_Register'!$F$4:$F$33,(IFERROR(MATCH(9,'02_Topic_Register'!$R$4:$R$33,0)+3,"")-3)))} | E17: {=IF($B17="","",IF(IFERROR(MAX(IF('04_Update_History'!$D$4:$D$153=INDEX('02_Topic_Register'!$B$4:$B$33,(IFERROR(MATCH(9,'02_Topic_Register'!$R$4:$R$33,0)+3,"")-3)),ROW('04_Update_History'!$D$4:$D$153))),0)=0,"",INDEX('04_Update_History'!$F$4:$F$153,(IFERROR(MAX(IF('04_Update_History'!$D$4:$D$153=INDEX('02_Topic_Register'!$B$4:$B$33,(IFERROR(MATCH(9,'02_Topic_Register'!$R$4:$R$33,0)+3,"")-3)),ROW('04_Update_History'!$D$4:$D$153))),0)-3))))} | F17: {=IF($B17="","",INDEX('02_Topic_Register'!$G$4:$G$33,(IFERROR(MATCH(9,'02_Topic_Register'!$R$4:$R$33,0)+3,"")-3)))} | G17: {=IF($B17="","",IF(IFERROR(MATCH(IFERROR(INDEX('02_Topic_Register'!$N$4:$N$33,(IFERROR(MATCH(9,'02_Topic_Register'!$R$4:$R$33,0)+3,"")-3)),""),'03_Action_Register'!$B$4:$B$33,0),"")="","",INDEX('03_Action_Register'!$D$4:$D$33,IFERROR(MATCH(IFERROR(INDEX('02_Topic_Register'!$N$4:$N$33,(IFERROR(MATCH(9,'02_Topic_Register'!$R$4:$R$33,0)+3,"")-3)),""),'03_Action_Register'!$B$4:$B$33,0),""))))} | H17: {=IF($B17="","",IF(IFERROR(MATCH(IFERROR(INDEX('02_Topic_Register'!$N$4:$N$33,(IFERROR(MATCH(9,'02_Topic_Register'!$R$4:$R$33,0)+3,"")-3)),""),'03_Action_Register'!$B$4:$B$33,0),"")="","",INDEX('03_Action_Register'!$E$4:$E$33,IFERROR(MATCH(IFERROR(INDEX('02_Topic_Register'!$N$4:$N$33,(IFERROR(MATCH(9,'02_Topic_Register'!$R$4:$R$33,0)+3,"")-3)),""),'03_Action_Register'!$B$4:$B$33,0),""))))} | I17: {=IF($B17="","",IF(IFERROR(MATCH(IFERROR(INDEX('02_Topic_Register'!$N$4:$N$33,(IFERROR(MATCH(9,'02_Topic_Register'!$R$4:$R$33,0)+3,"")-3)),""),'03_Action_Register'!$B$4:$B$33,0),"")="","",INDEX('03_Action_Register'!$H$4:$H$33,IFERROR(MATCH(IFERROR(INDEX('02_Topic_Register'!$N$4:$N$33,(IFERROR(MATCH(9,'02_Topic_Register'!$R$4:$R$33,0)+3,"")-3)),""),'03_Action_Register'!$B$4:$B$33,0),""))))} | J17: =IF($B17="","",IF($F17<>"","Yes - input needed","Update only"))
B18: {=IF(IFERROR(MATCH(10,'02_Topic_Register'!$R$4:$R$33,0)+3,"")="","",INDEX('02_Topic_Register'!$B$4:$B$33,(IFERROR(MATCH(10,'02_Topic_Register'!$R$4:$R$33,0)+3,"")-3)))} | C18: {=IF($B18="","",INDEX('02_Topic_Register'!$E$4:$E$33,(IFERROR(MATCH(10,'02_Topic_Register'!$R$4:$R$33,0)+3,"")-3)))} | D18: {=IF($B18="","",INDEX('02_Topic_Register'!$F$4:$F$33,(IFERROR(MATCH(10,'02_Topic_Register'!$R$4:$R$33,0)+3,"")-3)))} | E18: {=IF($B18="","",IF(IFERROR(MAX(IF('04_Update_History'!$D$4:$D$153=INDEX('02_Topic_Register'!$B$4:$B$33,(IFERROR(MATCH(10,'02_Topic_Register'!$R$4:$R$33,0)+3,"")-3)),ROW('04_Update_History'!$D$4:$D$153))),0)=0,"",INDEX('04_Update_History'!$F$4:$F$153,(IFERROR(MAX(IF('04_Update_History'!$D$4:$D$153=INDEX('02_Topic_Register'!$B$4:$B$33,(IFERROR(MATCH(10,'02_Topic_Register'!$R$4:$R$33,0)+3,"")-3)),ROW('04_Update_History'!$D$4:$D$153))),0)-3))))} | F18: {=IF($B18="","",INDEX('02_Topic_Register'!$G$4:$G$33,(IFERROR(MATCH(10,'02_Topic_Register'!$R$4:$R$33,0)+3,"")-3)))} | G18: {=IF($B18="","",IF(IFERROR(MATCH(IFERROR(INDEX('02_Topic_Register'!$N$4:$N$33,(IFERROR(MATCH(10,'02_Topic_Register'!$R$4:$R$33,0)+3,"")-3)),""),'03_Action_Register'!$B$4:$B$33,0),"")="","",INDEX('03_Action_Register'!$D$4:$D$33,IFERROR(MATCH(IFERROR(INDEX('02_Topic_Register'!$N$4:$N$33,(IFERROR(MATCH(10,'02_Topic_Register'!$R$4:$R$33,0)+3,"")-3)),""),'03_Action_Register'!$B$4:$B$33,0),""))))} | H18: {=IF($B18="","",IF(IFERROR(MATCH(IFERROR(INDEX('02_Topic_Register'!$N$4:$N$33,(IFERROR(MATCH(10,'02_Topic_Register'!$R$4:$R$33,0)+3,"")-3)),""),'03_Action_Register'!$B$4:$B$33,0),"")="","",INDEX('03_Action_Register'!$E$4:$E$33,IFERROR(MATCH(IFERROR(INDEX('02_Topic_Register'!$N$4:$N$33,(IFERROR(MATCH(10,'02_Topic_Register'!$R$4:$R$33,0)+3,"")-3)),""),'03_Action_Register'!$B$4:$B$33,0),""))))} | I18: {=IF($B18="","",IF(IFERROR(MATCH(IFERROR(INDEX('02_Topic_Register'!$N$4:$N$33,(IFERROR(MATCH(10,'02_Topic_Register'!$R$4:$R$33,0)+3,"")-3)),""),'03_Action_Register'!$B$4:$B$33,0),"")="","",INDEX('03_Action_Register'!$H$4:$H$33,IFERROR(MATCH(IFERROR(INDEX('02_Topic_Register'!$N$4:$N$33,(IFERROR(MATCH(10,'02_Topic_Register'!$R$4:$R$33,0)+3,"")-3)),""),'03_Action_Register'!$B$4:$B$33,0),""))))} | J18: =IF($B18="","",IF($F18<>"","Yes - input needed","Update only"))
B19: {=IF(IFERROR(MATCH(11,'02_Topic_Register'!$R$4:$R$33,0)+3,"")="","",INDEX('02_Topic_Register'!$B$4:$B$33,(IFERROR(MATCH(11,'02_Topic_Register'!$R$4:$R$33,0)+3,"")-3)))} | C19: {=IF($B19="","",INDEX('02_Topic_Register'!$E$4:$E$33,(IFERROR(MATCH(11,'02_Topic_Register'!$R$4:$R$33,0)+3,"")-3)))} | D19: {=IF($B19="","",INDEX('02_Topic_Register'!$F$4:$F$33,(IFERROR(MATCH(11,'02_Topic_Register'!$R$4:$R$33,0)+3,"")-3)))} | E19: {=IF($B19="","",IF(IFERROR(MAX(IF('04_Update_History'!$D$4:$D$153=INDEX('02_Topic_Register'!$B$4:$B$33,(IFERROR(MATCH(11,'02_Topic_Register'!$R$4:$R$33,0)+3,"")-3)),ROW('04_Update_History'!$D$4:$D$153))),0)=0,"",INDEX('04_Update_History'!$F$4:$F$153,(IFERROR(MAX(IF('04_Update_History'!$D$4:$D$153=INDEX('02_Topic_Register'!$B$4:$B$33,(IFERROR(MATCH(11,'02_Topic_Register'!$R$4:$R$33,0)+3,"")-3)),ROW('04_Update_History'!$D$4:$D$153))),0)-3))))} | F19: {=IF($B19="","",INDEX('02_Topic_Register'!$G$4:$G$33,(IFERROR(MATCH(11,'02_Topic_Register'!$R$4:$R$33,0)+3,"")-3)))} | G19: {=IF($B19="","",IF(IFERROR(MATCH(IFERROR(INDEX('02_Topic_Register'!$N$4:$N$33,(IFERROR(MATCH(11,'02_Topic_Register'!$R$4:$R$33,0)+3,"")-3)),""),'03_Action_Register'!$B$4:$B$33,0),"")="","",INDEX('03_Action_Register'!$D$4:$D$33,IFERROR(MATCH(IFERROR(INDEX('02_Topic_Register'!$N$4:$N$33,(IFERROR(MATCH(11,'02_Topic_Register'!$R$4:$R$33,0)+3,"")-3)),""),'03_Action_Register'!$B$4:$B$33,0),""))))} | H19: {=IF($B19="","",IF(IFERROR(MATCH(IFERROR(INDEX('02_Topic_Register'!$N$4:$N$33,(IFERROR(MATCH(11,'02_Topic_Register'!$R$4:$R$33,0)+3,"")-3)),""),'03_Action_Register'!$B$4:$B$33,0),"")="","",INDEX('03_Action_Register'!$E$4:$E$33,IFERROR(MATCH(IFERROR(INDEX('02_Topic_Register'!$N$4:$N$33,(IFERROR(MATCH(11,'02_Topic_Register'!$R$4:$R$33,0)+3,"")-3)),""),'03_Action_Register'!$B$4:$B$33,0),""))))} | I19: {=IF($B19="","",IF(IFERROR(MATCH(IFERROR(INDEX('02_Topic_Register'!$N$4:$N$33,(IFERROR(MATCH(11,'02_Topic_Register'!$R$4:$R$33,0)+3,"")-3)),""),'03_Action_Register'!$B$4:$B$33,0),"")="","",INDEX('03_Action_Register'!$H$4:$H$33,IFERROR(MATCH(IFERROR(INDEX('02_Topic_Register'!$N$4:$N$33,(IFERROR(MATCH(11,'02_Topic_Register'!$R$4:$R$33,0)+3,"")-3)),""),'03_Action_Register'!$B$4:$B$33,0),""))))} | J19: =IF($B19="","",IF($F19<>"","Yes - input needed","Update only"))
B20: {=IF(IFERROR(MATCH(12,'02_Topic_Register'!$R$4:$R$33,0)+3,"")="","",INDEX('02_Topic_Register'!$B$4:$B$33,(IFERROR(MATCH(12,'02_Topic_Register'!$R$4:$R$33,0)+3,"")-3)))} | C20: {=IF($B20="","",INDEX('02_Topic_Register'!$E$4:$E$33,(IFERROR(MATCH(12,'02_Topic_Register'!$R$4:$R$33,0)+3,"")-3)))} | D20: {=IF($B20="","",INDEX('02_Topic_Register'!$F$4:$F$33,(IFERROR(MATCH(12,'02_Topic_Register'!$R$4:$R$33,0)+3,"")-3)))} | E20: {=IF($B20="","",IF(IFERROR(MAX(IF('04_Update_History'!$D$4:$D$153=INDEX('02_Topic_Register'!$B$4:$B$33,(IFERROR(MATCH(12,'02_Topic_Register'!$R$4:$R$33,0)+3,"")-3)),ROW('04_Update_History'!$D$4:$D$153))),0)=0,"",INDEX('04_Update_History'!$F$4:$F$153,(IFERROR(MAX(IF('04_Update_History'!$D$4:$D$153=INDEX('02_Topic_Register'!$B$4:$B$33,(IFERROR(MATCH(12,'02_Topic_Register'!$R$4:$R$33,0)+3,"")-3)),ROW('04_Update_History'!$D$4:$D$153))),0)-3))))} | F20: {=IF($B20="","",INDEX('02_Topic_Register'!$G$4:$G$33,(IFERROR(MATCH(12,'02_Topic_Register'!$R$4:$R$33,0)+3,"")-3)))} | G20: {=IF($B20="","",IF(IFERROR(MATCH(IFERROR(INDEX('02_Topic_Register'!$N$4:$N$33,(IFERROR(MATCH(12,'02_Topic_Register'!$R$4:$R$33,0)+3,"")-3)),""),'03_Action_Register'!$B$4:$B$33,0),"")="","",INDEX('03_Action_Register'!$D$4:$D$33,IFERROR(MATCH(IFERROR(INDEX('02_Topic_Register'!$N$4:$N$33,(IFERROR(MATCH(12,'02_Topic_Register'!$R$4:$R$33,0)+3,"")-3)),""),'03_Action_Register'!$B$4:$B$33,0),""))))} | H20: {=IF($B20="","",IF(IFERROR(MATCH(IFERROR(INDEX('02_Topic_Register'!$N$4:$N$33,(IFERROR(MATCH(12,'02_Topic_Register'!$R$4:$R$33,0)+3,"")-3)),""),'03_Action_Register'!$B$4:$B$33,0),"")="","",INDEX('03_Action_Register'!$E$4:$E$33,IFERROR(MATCH(IFERROR(INDEX('02_Topic_Register'!$N$4:$N$33,(IFERROR(MATCH(12,'02_Topic_Register'!$R$4:$R$33,0)+3,"")-3)),""),'03_Action_Register'!$B$4:$B$33,0),""))))} | I20: {=IF($B20="","",IF(IFERROR(MATCH(IFERROR(INDEX('02_Topic_Register'!$N$4:$N$33,(IFERROR(MATCH(12,'02_Topic_Register'!$R$4:$R$33,0)+3,"")-3)),""),'03_Action_Register'!$B$4:$B$33,0),"")="","",INDEX('03_Action_Register'!$H$4:$H$33,IFERROR(MATCH(IFERROR(INDEX('02_Topic_Register'!$N$4:$N$33,(IFERROR(MATCH(12,'02_Topic_Register'!$R$4:$R$33,0)+3,"")-3)),""),'03_Action_Register'!$B$4:$B$33,0),""))))} | J20: =IF($B20="","",IF($F20<>"","Yes - input needed","Update only"))
B21: {=IF(IFERROR(MATCH(13,'02_Topic_Register'!$R$4:$R$33,0)+3,"")="","",INDEX('02_Topic_Register'!$B$4:$B$33,(IFERROR(MATCH(13,'02_Topic_Register'!$R$4:$R$33,0)+3,"")-3)))} | C21: {=IF($B21="","",INDEX('02_Topic_Register'!$E$4:$E$33,(IFERROR(MATCH(13,'02_Topic_Register'!$R$4:$R$33,0)+3,"")-3)))} | D21: {=IF($B21="","",INDEX('02_Topic_Register'!$F$4:$F$33,(IFERROR(MATCH(13,'02_Topic_Register'!$R$4:$R$33,0)+3,"")-3)))} | E21: {=IF($B21="","",IF(IFERROR(MAX(IF('04_Update_History'!$D$4:$D$153=INDEX('02_Topic_Register'!$B$4:$B$33,(IFERROR(MATCH(13,'02_Topic_Register'!$R$4:$R$33,0)+3,"")-3)),ROW('04_Update_History'!$D$4:$D$153))),0)=0,"",INDEX('04_Update_History'!$F$4:$F$153,(IFERROR(MAX(IF('04_Update_History'!$D$4:$D$153=INDEX('02_Topic_Register'!$B$4:$B$33,(IFERROR(MATCH(13,'02_Topic_Register'!$R$4:$R$33,0)+3,"")-3)),ROW('04_Update_History'!$D$4:$D$153))),0)-3))))} | F21: {=IF($B21="","",INDEX('02_Topic_Register'!$G$4:$G$33,(IFERROR(MATCH(13,'02_Topic_Register'!$R$4:$R$33,0)+3,"")-3)))} | G21: {=IF($B21="","",IF(IFERROR(MATCH(IFERROR(INDEX('02_Topic_Register'!$N$4:$N$33,(IFERROR(MATCH(13,'02_Topic_Register'!$R$4:$R$33,0)+3,"")-3)),""),'03_Action_Register'!$B$4:$B$33,0),"")="","",INDEX('03_Action_Register'!$D$4:$D$33,IFERROR(MATCH(IFERROR(INDEX('02_Topic_Register'!$N$4:$N$33,(IFERROR(MATCH(13,'02_Topic_Register'!$R$4:$R$33,0)+3,"")-3)),""),'03_Action_Register'!$B$4:$B$33,0),""))))} | H21: {=IF($B21="","",IF(IFERROR(MATCH(IFERROR(INDEX('02_Topic_Register'!$N$4:$N$33,(IFERROR(MATCH(13,'02_Topic_Register'!$R$4:$R$33,0)+3,"")-3)),""),'03_Action_Register'!$B$4:$B$33,0),"")="","",INDEX('03_Action_Register'!$E$4:$E$33,IFERROR(MATCH(IFERROR(INDEX('02_Topic_Register'!$N$4:$N$33,(IFERROR(MATCH(13,'02_Topic_Register'!$R$4:$R$33,0)+3,"")-3)),""),'03_Action_Register'!$B$4:$B$33,0),""))))} | I21: {=IF($B21="","",IF(IFERROR(MATCH(IFERROR(INDEX('02_Topic_Register'!$N$4:$N$33,(IFERROR(MATCH(13,'02_Topic_Register'!$R$4:$R$33,0)+3,"")-3)),""),'03_Action_Register'!$B$4:$B$33,0),"")="","",INDEX('03_Action_Register'!$H$4:$H$33,IFERROR(MATCH(IFERROR(INDEX('02_Topic_Register'!$N$4:$N$33,(IFERROR(MATCH(13,'02_Topic_Register'!$R$4:$R$33,0)+3,"")-3)),""),'03_Action_Register'!$B$4:$B$33,0),""))))} | J21: =IF($B21="","",IF($F21<>"","Yes - input needed","Update only"))
B22: {=IF(IFERROR(MATCH(14,'02_Topic_Register'!$R$4:$R$33,0)+3,"")="","",INDEX('02_Topic_Register'!$B$4:$B$33,(IFERROR(MATCH(14,'02_Topic_Register'!$R$4:$R$33,0)+3,"")-3)))} | C22: {=IF($B22="","",INDEX('02_Topic_Register'!$E$4:$E$33,(IFERROR(MATCH(14,'02_Topic_Register'!$R$4:$R$33,0)+3,"")-3)))} | D22: {=IF($B22="","",INDEX('02_Topic_Register'!$F$4:$F$33,(IFERROR(MATCH(14,'02_Topic_Register'!$R$4:$R$33,0)+3,"")-3)))} | E22: {=IF($B22="","",IF(IFERROR(MAX(IF('04_Update_History'!$D$4:$D$153=INDEX('02_Topic_Register'!$B$4:$B$33,(IFERROR(MATCH(14,'02_Topic_Register'!$R$4:$R$33,0)+3,"")-3)),ROW('04_Update_History'!$D$4:$D$153))),0)=0,"",INDEX('04_Update_History'!$F$4:$F$153,(IFERROR(MAX(IF('04_Update_History'!$D$4:$D$153=INDEX('02_Topic_Register'!$B$4:$B$33,(IFERROR(MATCH(14,'02_Topic_Register'!$R$4:$R$33,0)+3,"")-3)),ROW('04_Update_History'!$D$4:$D$153))),0)-3))))} | F22: {=IF($B22="","",INDEX('02_Topic_Register'!$G$4:$G$33,(IFERROR(MATCH(14,'02_Topic_Register'!$R$4:$R$33,0)+3,"")-3)))} | G22: {=IF($B22="","",IF(IFERROR(MATCH(IFERROR(INDEX('02_Topic_Register'!$N$4:$N$33,(IFERROR(MATCH(14,'02_Topic_Register'!$R$4:$R$33,0)+3,"")-3)),""),'03_Action_Register'!$B$4:$B$33,0),"")="","",INDEX('03_Action_Register'!$D$4:$D$33,IFERROR(MATCH(IFERROR(INDEX('02_Topic_Register'!$N$4:$N$33,(IFERROR(MATCH(14,'02_Topic_Register'!$R$4:$R$33,0)+3,"")-3)),""),'03_Action_Register'!$B$4:$B$33,0),""))))} | H22: {=IF($B22="","",IF(IFERROR(MATCH(IFERROR(INDEX('02_Topic_Register'!$N$4:$N$33,(IFERROR(MATCH(14,'02_Topic_Register'!$R$4:$R$33,0)+3,"")-3)),""),'03_Action_Register'!$B$4:$B$33,0),"")="","",INDEX('03_Action_Register'!$E$4:$E$33,IFERROR(MATCH(IFERROR(INDEX('02_Topic_Register'!$N$4:$N$33,(IFERROR(MATCH(14,'02_Topic_Register'!$R$4:$R$33,0)+3,"")-3)),""),'03_Action_Register'!$B$4:$B$33,0),""))))} | I22: {=IF($B22="","",IF(IFERROR(MATCH(IFERROR(INDEX('02_Topic_Register'!$N$4:$N$33,(IFERROR(MATCH(14,'02_Topic_Register'!$R$4:$R$33,0)+3,"")-3)),""),'03_Action_Register'!$B$4:$B$33,0),"")="","",INDEX('03_Action_Register'!$H$4:$H$33,IFERROR(MATCH(IFERROR(INDEX('02_Topic_Register'!$N$4:$N$33,(IFERROR(MATCH(14,'02_Topic_Register'!$R$4:$R$33,0)+3,"")-3)),""),'03_Action_Register'!$B$4:$B$33,0),""))))} | J22: =IF($B22="","",IF($F22<>"","Yes - input needed","Update only"))
B23: {=IF(IFERROR(MATCH(15,'02_Topic_Register'!$R$4:$R$33,0)+3,"")="","",INDEX('02_Topic_Register'!$B$4:$B$33,(IFERROR(MATCH(15,'02_Topic_Register'!$R$4:$R$33,0)+3,"")-3)))} | C23: {=IF($B23="","",INDEX('02_Topic_Register'!$E$4:$E$33,(IFERROR(MATCH(15,'02_Topic_Register'!$R$4:$R$33,0)+3,"")-3)))} | D23: {=IF($B23="","",INDEX('02_Topic_Register'!$F$4:$F$33,(IFERROR(MATCH(15,'02_Topic_Register'!$R$4:$R$33,0)+3,"")-3)))} | E23: {=IF($B23="","",IF(IFERROR(MAX(IF('04_Update_History'!$D$4:$D$153=INDEX('02_Topic_Register'!$B$4:$B$33,(IFERROR(MATCH(15,'02_Topic_Register'!$R$4:$R$33,0)+3,"")-3)),ROW('04_Update_History'!$D$4:$D$153))),0)=0,"",INDEX('04_Update_History'!$F$4:$F$153,(IFERROR(MAX(IF('04_Update_History'!$D$4:$D$153=INDEX('02_Topic_Register'!$B$4:$B$33,(IFERROR(MATCH(15,'02_Topic_Register'!$R$4:$R$33,0)+3,"")-3)),ROW('04_Update_History'!$D$4:$D$153))),0)-3))))} | F23: {=IF($B23="","",INDEX('02_Topic_Register'!$G$4:$G$33,(IFERROR(MATCH(15,'02_Topic_Register'!$R$4:$R$33,0)+3,"")-3)))} | G23: {=IF($B23="","",IF(IFERROR(MATCH(IFERROR(INDEX('02_Topic_Register'!$N$4:$N$33,(IFERROR(MATCH(15,'02_Topic_Register'!$R$4:$R$33,0)+3,"")-3)),""),'03_Action_Register'!$B$4:$B$33,0),"")="","",INDEX('03_Action_Register'!$D$4:$D$33,IFERROR(MATCH(IFERROR(INDEX('02_Topic_Register'!$N$4:$N$33,(IFERROR(MATCH(15,'02_Topic_Register'!$R$4:$R$33,0)+3,"")-3)),""),'03_Action_Register'!$B$4:$B$33,0),""))))} | H23: {=IF($B23="","",IF(IFERROR(MATCH(IFERROR(INDEX('02_Topic_Register'!$N$4:$N$33,(IFERROR(MATCH(15,'02_Topic_Register'!$R$4:$R$33,0)+3,"")-3)),""),'03_Action_Register'!$B$4:$B$33,0),"")="","",INDEX('03_Action_Register'!$E$4:$E$33,IFERROR(MATCH(IFERROR(INDEX('02_Topic_Register'!$N$4:$N$33,(IFERROR(MATCH(15,'02_Topic_Register'!$R$4:$R$33,0)+3,"")-3)),""),'03_Action_Register'!$B$4:$B$33,0),""))))} | I23: {=IF($B23="","",IF(IFERROR(MATCH(IFERROR(INDEX('02_Topic_Register'!$N$4:$N$33,(IFERROR(MATCH(15,'02_Topic_Register'!$R$4:$R$33,0)+3,"")-3)),""),'03_Action_Register'!$B$4:$B$33,0),"")="","",INDEX('03_Action_Register'!$H$4:$H$33,IFERROR(MATCH(IFERROR(INDEX('02_Topic_Register'!$N$4:$N$33,(IFERROR(MATCH(15,'02_Topic_Register'!$R$4:$R$33,0)+3,"")-3)),""),'03_Action_Register'!$B$4:$B$33,0),""))))} | J23: =IF($B23="","",IF($F23<>"","Yes - input needed","Update only"))
B24: {=IF(IFERROR(MATCH(16,'02_Topic_Register'!$R$4:$R$33,0)+3,"")="","",INDEX('02_Topic_Register'!$B$4:$B$33,(IFERROR(MATCH(16,'02_Topic_Register'!$R$4:$R$33,0)+3,"")-3)))} | C24: {=IF($B24="","",INDEX('02_Topic_Register'!$E$4:$E$33,(IFERROR(MATCH(16,'02_Topic_Register'!$R$4:$R$33,0)+3,"")-3)))} | D24: {=IF($B24="","",INDEX('02_Topic_Register'!$F$4:$F$33,(IFERROR(MATCH(16,'02_Topic_Register'!$R$4:$R$33,0)+3,"")-3)))} | E24: {=IF($B24="","",IF(IFERROR(MAX(IF('04_Update_History'!$D$4:$D$153=INDEX('02_Topic_Register'!$B$4:$B$33,(IFERROR(MATCH(16,'02_Topic_Register'!$R$4:$R$33,0)+3,"")-3)),ROW('04_Update_History'!$D$4:$D$153))),0)=0,"",INDEX('04_Update_History'!$F$4:$F$153,(IFERROR(MAX(IF('04_Update_History'!$D$4:$D$153=INDEX('02_Topic_Register'!$B$4:$B$33,(IFERROR(MATCH(16,'02_Topic_Register'!$R$4:$R$33,0)+3,"")-3)),ROW('04_Update_History'!$D$4:$D$153))),0)-3))))} | F24: {=IF($B24="","",INDEX('02_Topic_Register'!$G$4:$G$33,(IFERROR(MATCH(16,'02_Topic_Register'!$R$4:$R$33,0)+3,"")-3)))} | G24: {=IF($B24="","",IF(IFERROR(MATCH(IFERROR(INDEX('02_Topic_Register'!$N$4:$N$33,(IFERROR(MATCH(16,'02_Topic_Register'!$R$4:$R$33,0)+3,"")-3)),""),'03_Action_Register'!$B$4:$B$33,0),"")="","",INDEX('03_Action_Register'!$D$4:$D$33,IFERROR(MATCH(IFERROR(INDEX('02_Topic_Register'!$N$4:$N$33,(IFERROR(MATCH(16,'02_Topic_Register'!$R$4:$R$33,0)+3,"")-3)),""),'03_Action_Register'!$B$4:$B$33,0),""))))} | H24: {=IF($B24="","",IF(IFERROR(MATCH(IFERROR(INDEX('02_Topic_Register'!$N$4:$N$33,(IFERROR(MATCH(16,'02_Topic_Register'!$R$4:$R$33,0)+3,"")-3)),""),'03_Action_Register'!$B$4:$B$33,0),"")="","",INDEX('03_Action_Register'!$E$4:$E$33,IFERROR(MATCH(IFERROR(INDEX('02_Topic_Register'!$N$4:$N$33,(IFERROR(MATCH(16,'02_Topic_Register'!$R$4:$R$33,0)+3,"")-3)),""),'03_Action_Register'!$B$4:$B$33,0),""))))} | I24: {=IF($B24="","",IF(IFERROR(MATCH(IFERROR(INDEX('02_Topic_Register'!$N$4:$N$33,(IFERROR(MATCH(16,'02_Topic_Register'!$R$4:$R$33,0)+3,"")-3)),""),'03_Action_Register'!$B$4:$B$33,0),"")="","",INDEX('03_Action_Register'!$H$4:$H$33,IFERROR(MATCH(IFERROR(INDEX('02_Topic_Register'!$N$4:$N$33,(IFERROR(MATCH(16,'02_Topic_Register'!$R$4:$R$33,0)+3,"")-3)),""),'03_Action_Register'!$B$4:$B$33,0),""))))} | J24: =IF($B24="","",IF($F24<>"","Yes - input needed","Update only"))
B25: {=IF(IFERROR(MATCH(17,'02_Topic_Register'!$R$4:$R$33,0)+3,"")="","",INDEX('02_Topic_Register'!$B$4:$B$33,(IFERROR(MATCH(17,'02_Topic_Register'!$R$4:$R$33,0)+3,"")-3)))} | C25: {=IF($B25="","",INDEX('02_Topic_Register'!$E$4:$E$33,(IFERROR(MATCH(17,'02_Topic_Register'!$R$4:$R$33,0)+3,"")-3)))} | D25: {=IF($B25="","",INDEX('02_Topic_Register'!$F$4:$F$33,(IFERROR(MATCH(17,'02_Topic_Register'!$R$4:$R$33,0)+3,"")-3)))} | E25: {=IF($B25="","",IF(IFERROR(MAX(IF('04_Update_History'!$D$4:$D$153=INDEX('02_Topic_Register'!$B$4:$B$33,(IFERROR(MATCH(17,'02_Topic_Register'!$R$4:$R$33,0)+3,"")-3)),ROW('04_Update_History'!$D$4:$D$153))),0)=0,"",INDEX('04_Update_History'!$F$4:$F$153,(IFERROR(MAX(IF('04_Update_History'!$D$4:$D$153=INDEX('02_Topic_Register'!$B$4:$B$33,(IFERROR(MATCH(17,'02_Topic_Register'!$R$4:$R$33,0)+3,"")-3)),ROW('04_Update_History'!$D$4:$D$153))),0)-3))))} | F25: {=IF($B25="","",INDEX('02_Topic_Register'!$G$4:$G$33,(IFERROR(MATCH(17,'02_Topic_Register'!$R$4:$R$33,0)+3,"")-3)))} | G25: {=IF($B25="","",IF(IFERROR(MATCH(IFERROR(INDEX('02_Topic_Register'!$N$4:$N$33,(IFERROR(MATCH(17,'02_Topic_Register'!$R$4:$R$33,0)+3,"")-3)),""),'03_Action_Register'!$B$4:$B$33,0),"")="","",INDEX('03_Action_Register'!$D$4:$D$33,IFERROR(MATCH(IFERROR(INDEX('02_Topic_Register'!$N$4:$N$33,(IFERROR(MATCH(17,'02_Topic_Register'!$R$4:$R$33,0)+3,"")-3)),""),'03_Action_Register'!$B$4:$B$33,0),""))))} | H25: {=IF($B25="","",IF(IFERROR(MATCH(IFERROR(INDEX('02_Topic_Register'!$N$4:$N$33,(IFERROR(MATCH(17,'02_Topic_Register'!$R$4:$R$33,0)+3,"")-3)),""),'03_Action_Register'!$B$4:$B$33,0),"")="","",INDEX('03_Action_Register'!$E$4:$E$33,IFERROR(MATCH(IFERROR(INDEX('02_Topic_Register'!$N$4:$N$33,(IFERROR(MATCH(17,'02_Topic_Register'!$R$4:$R$33,0)+3,"")-3)),""),'03_Action_Register'!$B$4:$B$33,0),""))))} | I25: {=IF($B25="","",IF(IFERROR(MATCH(IFERROR(INDEX('02_Topic_Register'!$N$4:$N$33,(IFERROR(MATCH(17,'02_Topic_Register'!$R$4:$R$33,0)+3,"")-3)),""),'03_Action_Register'!$B$4:$B$33,0),"")="","",INDEX('03_Action_Register'!$H$4:$H$33,IFERROR(MATCH(IFERROR(INDEX('02_Topic_Register'!$N$4:$N$33,(IFERROR(MATCH(17,'02_Topic_Register'!$R$4:$R$33,0)+3,"")-3)),""),'03_Action_Register'!$B$4:$B$33,0),""))))} | J25: =IF($B25="","",IF($F25<>"","Yes - input needed","Update only"))
B26: {=IF(IFERROR(MATCH(18,'02_Topic_Register'!$R$4:$R$33,0)+3,"")="","",INDEX('02_Topic_Register'!$B$4:$B$33,(IFERROR(MATCH(18,'02_Topic_Register'!$R$4:$R$33,0)+3,"")-3)))} | C26: {=IF($B26="","",INDEX('02_Topic_Register'!$E$4:$E$33,(IFERROR(MATCH(18,'02_Topic_Register'!$R$4:$R$33,0)+3,"")-3)))} | D26: {=IF($B26="","",INDEX('02_Topic_Register'!$F$4:$F$33,(IFERROR(MATCH(18,'02_Topic_Register'!$R$4:$R$33,0)+3,"")-3)))} | E26: {=IF($B26="","",IF(IFERROR(MAX(IF('04_Update_History'!$D$4:$D$153=INDEX('02_Topic_Register'!$B$4:$B$33,(IFERROR(MATCH(18,'02_Topic_Register'!$R$4:$R$33,0)+3,"")-3)),ROW('04_Update_History'!$D$4:$D$153))),0)=0,"",INDEX('04_Update_History'!$F$4:$F$153,(IFERROR(MAX(IF('04_Update_History'!$D$4:$D$153=INDEX('02_Topic_Register'!$B$4:$B$33,(IFERROR(MATCH(18,'02_Topic_Register'!$R$4:$R$33,0)+3,"")-3)),ROW('04_Update_History'!$D$4:$D$153))),0)-3))))} | F26: {=IF($B26="","",INDEX('02_Topic_Register'!$G$4:$G$33,(IFERROR(MATCH(18,'02_Topic_Register'!$R$4:$R$33,0)+3,"")-3)))} | G26: {=IF($B26="","",IF(IFERROR(MATCH(IFERROR(INDEX('02_Topic_Register'!$N$4:$N$33,(IFERROR(MATCH(18,'02_Topic_Register'!$R$4:$R$33,0)+3,"")-3)),""),'03_Action_Register'!$B$4:$B$33,0),"")="","",INDEX('03_Action_Register'!$D$4:$D$33,IFERROR(MATCH(IFERROR(INDEX('02_Topic_Register'!$N$4:$N$33,(IFERROR(MATCH(18,'02_Topic_Register'!$R$4:$R$33,0)+3,"")-3)),""),'03_Action_Register'!$B$4:$B$33,0),""))))} | H26: {=IF($B26="","",IF(IFERROR(MATCH(IFERROR(INDEX('02_Topic_Register'!$N$4:$N$33,(IFERROR(MATCH(18,'02_Topic_Register'!$R$4:$R$33,0)+3,"")-3)),""),'03_Action_Register'!$B$4:$B$33,0),"")="","",INDEX('03_Action_Register'!$E$4:$E$33,IFERROR(MATCH(IFERROR(INDEX('02_Topic_Register'!$N$4:$N$33,(IFERROR(MATCH(18,'02_Topic_Register'!$R$4:$R$33,0)+3,"")-3)),""),'03_Action_Register'!$B$4:$B$33,0),""))))} | I26: {=IF($B26="","",IF(IFERROR(MATCH(IFERROR(INDEX('02_Topic_Register'!$N$4:$N$33,(IFERROR(MATCH(18,'02_Topic_Register'!$R$4:$R$33,0)+3,"")-3)),""),'03_Action_Register'!$B$4:$B$33,0),"")="","",INDEX('03_Action_Register'!$H$4:$H$33,IFERROR(MATCH(IFERROR(INDEX('02_Topic_Register'!$N$4:$N$33,(IFERROR(MATCH(18,'02_Topic_Register'!$R$4:$R$33,0)+3,"")-3)),""),'03_Action_Register'!$B$4:$B$33,0),""))))} | J26: =IF($B26="","",IF($F26<>"","Yes - input needed","Update only"))
B27: {=IF(IFERROR(MATCH(19,'02_Topic_Register'!$R$4:$R$33,0)+3,"")="","",INDEX('02_Topic_Register'!$B$4:$B$33,(IFERROR(MATCH(19,'02_Topic_Register'!$R$4:$R$33,0)+3,"")-3)))} | C27: {=IF($B27="","",INDEX('02_Topic_Register'!$E$4:$E$33,(IFERROR(MATCH(19,'02_Topic_Register'!$R$4:$R$33,0)+3,"")-3)))} | D27: {=IF($B27="","",INDEX('02_Topic_Register'!$F$4:$F$33,(IFERROR(MATCH(19,'02_Topic_Register'!$R$4:$R$33,0)+3,"")-3)))} | E27: {=IF($B27="","",IF(IFERROR(MAX(IF('04_Update_History'!$D$4:$D$153=INDEX('02_Topic_Register'!$B$4:$B$33,(IFERROR(MATCH(19,'02_Topic_Register'!$R$4:$R$33,0)+3,"")-3)),ROW('04_Update_History'!$D$4:$D$153))),0)=0,"",INDEX('04_Update_History'!$F$4:$F$153,(IFERROR(MAX(IF('04_Update_History'!$D$4:$D$153=INDEX('02_Topic_Register'!$B$4:$B$33,(IFERROR(MATCH(19,'02_Topic_Register'!$R$4:$R$33,0)+3,"")-3)),ROW('04_Update_History'!$D$4:$D$153))),0)-3))))} | F27: {=IF($B27="","",INDEX('02_Topic_Register'!$G$4:$G$33,(IFERROR(MATCH(19,'02_Topic_Register'!$R$4:$R$33,0)+3,"")-3)))} | G27: {=IF($B27="","",IF(IFERROR(MATCH(IFERROR(INDEX('02_Topic_Register'!$N$4:$N$33,(IFERROR(MATCH(19,'02_Topic_Register'!$R$4:$R$33,0)+3,"")-3)),""),'03_Action_Register'!$B$4:$B$33,0),"")="","",INDEX('03_Action_Register'!$D$4:$D$33,IFERROR(MATCH(IFERROR(INDEX('02_Topic_Register'!$N$4:$N$33,(IFERROR(MATCH(19,'02_Topic_Register'!$R$4:$R$33,0)+3,"")-3)),""),'03_Action_Register'!$B$4:$B$33,0),""))))} | H27: {=IF($B27="","",IF(IFERROR(MATCH(IFERROR(INDEX('02_Topic_Register'!$N$4:$N$33,(IFERROR(MATCH(19,'02_Topic_Register'!$R$4:$R$33,0)+3,"")-3)),""),'03_Action_Register'!$B$4:$B$33,0),"")="","",INDEX('03_Action_Register'!$E$4:$E$33,IFERROR(MATCH(IFERROR(INDEX('02_Topic_Register'!$N$4:$N$33,(IFERROR(MATCH(19,'02_Topic_Register'!$R$4:$R$33,0)+3,"")-3)),""),'03_Action_Register'!$B$4:$B$33,0),""))))} | I27: {=IF($B27="","",IF(IFERROR(MATCH(IFERROR(INDEX('02_Topic_Register'!$N$4:$N$33,(IFERROR(MATCH(19,'02_Topic_Register'!$R$4:$R$33,0)+3,"")-3)),""),'03_Action_Register'!$B$4:$B$33,0),"")="","",INDEX('03_Action_Register'!$H$4:$H$33,IFERROR(MATCH(IFERROR(INDEX('02_Topic_Register'!$N$4:$N$33,(IFERROR(MATCH(19,'02_Topic_Register'!$R$4:$R$33,0)+3,"")-3)),""),'03_Action_Register'!$B$4:$B$33,0),""))))} | J27: =IF($B27="","",IF($F27<>"","Yes - input needed","Update only"))
B28: {=IF(IFERROR(MATCH(20,'02_Topic_Register'!$R$4:$R$33,0)+3,"")="","",INDEX('02_Topic_Register'!$B$4:$B$33,(IFERROR(MATCH(20,'02_Topic_Register'!$R$4:$R$33,0)+3,"")-3)))} | C28: {=IF($B28="","",INDEX('02_Topic_Register'!$E$4:$E$33,(IFERROR(MATCH(20,'02_Topic_Register'!$R$4:$R$33,0)+3,"")-3)))} | D28: {=IF($B28="","",INDEX('02_Topic_Register'!$F$4:$F$33,(IFERROR(MATCH(20,'02_Topic_Register'!$R$4:$R$33,0)+3,"")-3)))} | E28: {=IF($B28="","",IF(IFERROR(MAX(IF('04_Update_History'!$D$4:$D$153=INDEX('02_Topic_Register'!$B$4:$B$33,(IFERROR(MATCH(20,'02_Topic_Register'!$R$4:$R$33,0)+3,"")-3)),ROW('04_Update_History'!$D$4:$D$153))),0)=0,"",INDEX('04_Update_History'!$F$4:$F$153,(IFERROR(MAX(IF('04_Update_History'!$D$4:$D$153=INDEX('02_Topic_Register'!$B$4:$B$33,(IFERROR(MATCH(20,'02_Topic_Register'!$R$4:$R$33,0)+3,"")-3)),ROW('04_Update_History'!$D$4:$D$153))),0)-3))))} | F28: {=IF($B28="","",INDEX('02_Topic_Register'!$G$4:$G$33,(IFERROR(MATCH(20,'02_Topic_Register'!$R$4:$R$33,0)+3,"")-3)))} | G28: {=IF($B28="","",IF(IFERROR(MATCH(IFERROR(INDEX('02_Topic_Register'!$N$4:$N$33,(IFERROR(MATCH(20,'02_Topic_Register'!$R$4:$R$33,0)+3,"")-3)),""),'03_Action_Register'!$B$4:$B$33,0),"")="","",INDEX('03_Action_Register'!$D$4:$D$33,IFERROR(MATCH(IFERROR(INDEX('02_Topic_Register'!$N$4:$N$33,(IFERROR(MATCH(20,'02_Topic_Register'!$R$4:$R$33,0)+3,"")-3)),""),'03_Action_Register'!$B$4:$B$33,0),""))))} | H28: {=IF($B28="","",IF(IFERROR(MATCH(IFERROR(INDEX('02_Topic_Register'!$N$4:$N$33,(IFERROR(MATCH(20,'02_Topic_Register'!$R$4:$R$33,0)+3,"")-3)),""),'03_Action_Register'!$B$4:$B$33,0),"")="","",INDEX('03_Action_Register'!$E$4:$E$33,IFERROR(MATCH(IFERROR(INDEX('02_Topic_Register'!$N$4:$N$33,(IFERROR(MATCH(20,'02_Topic_Register'!$R$4:$R$33,0)+3,"")-3)),""),'03_Action_Register'!$B$4:$B$33,0),""))))} | I28: {=IF($B28="","",IF(IFERROR(MATCH(IFERROR(INDEX('02_Topic_Register'!$N$4:$N$33,(IFERROR(MATCH(20,'02_Topic_Register'!$R$4:$R$33,0)+3,"")-3)),""),'03_Action_Register'!$B$4:$B$33,0),"")="","",INDEX('03_Action_Register'!$H$4:$H$33,IFERROR(MATCH(IFERROR(INDEX('02_Topic_Register'!$N$4:$N$33,(IFERROR(MATCH(20,'02_Topic_Register'!$R$4:$R$33,0)+3,"")-3)),""),'03_Action_Register'!$B$4:$B$33,0),""))))} | J28: =IF($B28="","",IF($F28<>"","Yes - input needed","Update only"))

Sheet 02_Topic_Register
B2: Topic Register | G2: Legend: Blue text = fill in yourself | Black text = automatic formula, do not overtype | Grey columns = automation helpers, do not edit
B3: Topic ID | C3: Category | D3: Sub-category | E3: Topic | F3: Current Position | G3: Outstanding Point / Question | H3: Status | I3: Priority | J3: Owner | K3: Last Update | L3: Next Step | M3: Discuss at Next Meeting? | N3: Related Action ID | O3: Related PQCP Requirement | P3: Related Document / Evidence | Q3: Flag | R3: Rank
B4: =IF(COUNTA($E4)=0,"","T"&TEXT(ROW()-3,"000")) | C4: Systems & Equipment | D4: Pump Skid A | E4: Pump skid A commissioning sequence | F4: Functional test completed; awaiting punch list closure. | G4: Punch list item #4 (instrumentation calibration) still open. | H4: Open | I4: High | J4: J. Smith | K4: {=IF($B4="","",IF(IFERROR(MAX(IF('04_Update_History'!$D$4:$D$153=$B4,ROW('04_Update_History'!$D$4:$D$153))),0)=0,"",INDEX('04_Update_History'!$C$4:$C$153,IFERROR(MAX(IF('04_Update_History'!$D$4:$D$153=$B4,ROW('04_Update_History'!$D$4:$D$153))),0)-3)))} | L4: Confirm calibration certificate received. | M4: Yes | N4: A001 | O4: P001 | P4: E001 | Q4: =IF($B4="",0,IF(OR($M4="Yes",COUNTIFS('03_Action_Register'!$C$4:$C$33,$B4,'03_Action_Register'!$M$4:$M$33,"Yes")>0,$G4<>""),1,0)) | R4: =IF($Q4=1,SUM($Q$4:$Q4),"")
B5: =IF(COUNTA($E5)=0,"","T"&TEXT(ROW()-3,"000")) | C5: Documentation | D5: ITP Register | E5: Inspection & Test Plan sign-off backlog | F5: 6 of 10 ITPs signed off by the contractor. | G5: 4 ITPs pending contractor signature. | H5: Monitoring | I5: Medium | J5: A. Diallo | K5: {=IF($B5="","",IF(IFERROR(MAX(IF('04_Update_History'!$D$4:$D$153=$B5,ROW('04_Update_History'!$D$4:$D$153))),0)=0,"",INDEX('04_Update_History'!$C$4:$C$153,IFERROR(MAX(IF('04_Update_History'!$D$4:$D$153=$B5,ROW('04_Update_History'!$D$4:$D$153))),0)-3)))} | L5: Escalate to contractor PM if no response. | M5: No | N5: A002 | O5: P002 | P5: E002 | Q5: =IF($B5="",0,IF(OR($M5="Yes",COUNTIFS('03_Action_Register'!$C$4:$C$33,$B5,'03_Action_Register'!$M$4:$M$33,"Yes")>0,$G5<>""),1,0)) | R5: =IF($Q5=1,SUM($Q$4:$Q5),"")
B6: =IF(COUNTA($E6)=0,"","T"&TEXT(ROW()-3,"000")) | C6: Interfaces | D6: Electrical / Mechanical | E6: Interface clearance for Skid B power feed | F6: Interface closed - confirmed by both parties. | H6: Closed | I6: Low | J6: M. Chen | K6: {=IF($B6="","",IF(IFERROR(MAX(IF('04_Update_History'!$D$4:$D$153=$B6,ROW('04_Update_History'!$D$4:$D$153))),0)=0,"",INDEX('04_Update_History'!$C$4:$C$153,IFERROR(MAX(IF('04_Update_History'!$D$4:$D$153=$B6,ROW('04_Update_History'!$D$4:$D$153))),0)-3)))} | L6: None - closed. | M6: No | N6: A003 | P6: E002 | Q6: =IF($B6="",0,IF(OR($M6="Yes",COUNTIFS('03_Action_Register'!$C$4:$C$33,$B6,'03_Action_Register'!$M$4:$M$33,"Yes")>0,$G6<>""),1,0)) | R6: =IF($Q6=1,SUM($Q$4:$Q6),"")
B7: =IF(COUNTA($E7)=0,"","T"&TEXT(ROW()-3,"000")) | K7: {=IF($B7="","",IF(IFERROR(MAX(IF('04_Update_History'!$D$4:$D$153=$B7,ROW('04_Update_History'!$D$4:$D$153))),0)=0,"",INDEX('04_Update_History'!$C$4:$C$153,IFERROR(MAX(IF('04_Update_History'!$D$4:$D$153=$B7,ROW('04_Update_History'!$D$4:$D$153))),0)-3)))} | Q7: =IF($B7="",0,IF(OR($M7="Yes",COUNTIFS('03_Action_Register'!$C$4:$C$33,$B7,'03_Action_Register'!$M$4:$M$33,"Yes")>0,$G7<>""),1,0)) | R7: =IF($Q7=1,SUM($Q$4:$Q7),"")
B8: =IF(COUNTA($E8)=0,"","T"&TEXT(ROW()-3,"000")) | K8: {=IF($B8="","",IF(IFERROR(MAX(IF('04_Update_History'!$D$4:$D$153=$B8,ROW('04_Update_History'!$D$4:$D$153))),0)=0,"",INDEX('04_Update_History'!$C$4:$C$153,IFERROR(MAX(IF('04_Update_History'!$D$4:$D$153=$B8,ROW('04_Update_History'!$D$4:$D$153))),0)-3)))} | Q8: =IF($B8="",0,IF(OR($M8="Yes",COUNTIFS('03_Action_Register'!$C$4:$C$33,$B8,'03_Action_Register'!$M$4:$M$33,"Yes")>0,$G8<>""),1,0)) | R8: =IF($Q8=1,SUM($Q$4:$Q8),"")
B9: =IF(COUNTA($E9)=0,"","T"&TEXT(ROW()-3,"000")) | K9: {=IF($B9="","",IF(IFERROR(MAX(IF('04_Update_History'!$D$4:$D$153=$B9,ROW('04_Update_History'!$D$4:$D$153))),0)=0,"",INDEX('04_Update_History'!$C$4:$C$153,IFERROR(MAX(IF('04_Update_History'!$D$4:$D$153=$B9,ROW('04_Update_History'!$D$4:$D$153))),0)-3)))} | Q9: =IF($B9="",0,IF(OR($M9="Yes",COUNTIFS('03_Action_Register'!$C$4:$C$33,$B9,'03_Action_Register'!$M$4:$M$33,"Yes")>0,$G9<>""),1,0)) | R9: =IF($Q9=1,SUM($Q$4:$Q9),"")
B10: =IF(COUNTA($E10)=0,"","T"&TEXT(ROW()-3,"000")) | K10: {=IF($B10="","",IF(IFERROR(MAX(IF('04_Update_History'!$D$4:$D$153=$B10,ROW('04_Update_History'!$D$4:$D$153))),0)=0,"",INDEX('04_Update_History'!$C$4:$C$153,IFERROR(MAX(IF('04_Update_History'!$D$4:$D$153=$B10,ROW('04_Update_History'!$D$4:$D$153))),0)-3)))} | Q10: =IF($B10="",0,IF(OR($M10="Yes",COUNTIFS('03_Action_Register'!$C$4:$C$33,$B10,'03_Action_Register'!$M$4:$M$33,"Yes")>0,$G10<>""),1,0)) | R10: =IF($Q10=1,SUM($Q$4:$Q10),"")
B11: =IF(COUNTA($E11)=0,"","T"&TEXT(ROW()-3,"000")) | K11: {=IF($B11="","",IF(IFERROR(MAX(IF('04_Update_History'!$D$4:$D$153=$B11,ROW('04_Update_History'!$D$4:$D$153))),0)=0,"",INDEX('04_Update_History'!$C$4:$C$153,IFERROR(MAX(IF('04_Update_History'!$D$4:$D$153=$B11,ROW('04_Update_History'!$D$4:$D$153))),0)-3)))} | Q11: =IF($B11="",0,IF(OR($M11="Yes",COUNTIFS('03_Action_Register'!$C$4:$C$33,$B11,'03_Action_Register'!$M$4:$M$33,"Yes")>0,$G11<>""),1,0)) | R11: =IF($Q11=1,SUM($Q$4:$Q11),"")
B12: =IF(COUNTA($E12)=0,"","T"&TEXT(ROW()-3,"000")) | K12: {=IF($B12="","",IF(IFERROR(MAX(IF('04_Update_History'!$D$4:$D$153=$B12,ROW('04_Update_History'!$D$4:$D$153))),0)=0,"",INDEX('04_Update_History'!$C$4:$C$153,IFERROR(MAX(IF('04_Update_History'!$D$4:$D$153=$B12,ROW('04_Update_History'!$D$4:$D$153))),0)-3)))} | Q12: =IF($B12="",0,IF(OR($M12="Yes",COUNTIFS('03_Action_Register'!$C$4:$C$33,$B12,'03_Action_Register'!$M$4:$M$33,"Yes")>0,$G12<>""),1,0)) | R12: =IF($Q12=1,SUM($Q$4:$Q12),"")
B13: =IF(COUNTA($E13)=0,"","T"&TEXT(ROW()-3,"000")) | K13: {=IF($B13="","",IF(IFERROR(MAX(IF('04_Update_History'!$D$4:$D$153=$B13,ROW('04_Update_History'!$D$4:$D$153))),0)=0,"",INDEX('04_Update_History'!$C$4:$C$153,IFERROR(MAX(IF('04_Update_History'!$D$4:$D$153=$B13,ROW('04_Update_History'!$D$4:$D$153))),0)-3)))} | Q13: =IF($B13="",0,IF(OR($M13="Yes",COUNTIFS('03_Action_Register'!$C$4:$C$33,$B13,'03_Action_Register'!$M$4:$M$33,"Yes")>0,$G13<>""),1,0)) | R13: =IF($Q13=1,SUM($Q$4:$Q13),"")
B14: =IF(COUNTA($E14)=0,"","T"&TEXT(ROW()-3,"000")) | K14: {=IF($B14="","",IF(IFERROR(MAX(IF('04_Update_History'!$D$4:$D$153=$B14,ROW('04_Update_History'!$D$4:$D$153))),0)=0,"",INDEX('04_Update_History'!$C$4:$C$153,IFERROR(MAX(IF('04_Update_History'!$D$4:$D$153=$B14,ROW('04_Update_History'!$D$4:$D$153))),0)-3)))} | Q14: =IF($B14="",0,IF(OR($M14="Yes",COUNTIFS('03_Action_Register'!$C$4:$C$33,$B14,'03_Action_Register'!$M$4:$M$33,"Yes")>0,$G14<>""),1,0)) | R14: =IF($Q14=1,SUM($Q$4:$Q14),"")
B15: =IF(COUNTA($E15)=0,"","T"&TEXT(ROW()-3,"000")) | K15: {=IF($B15="","",IF(IFERROR(MAX(IF('04_Update_History'!$D$4:$D$153=$B15,ROW('04_Update_History'!$D$4:$D$153))),0)=0,"",INDEX('04_Update_History'!$C$4:$C$153,IFERROR(MAX(IF('04_Update_History'!$D$4:$D$153=$B15,ROW('04_Update_History'!$D$4:$D$153))),0)-3)))} | Q15: =IF($B15="",0,IF(OR($M15="Yes",COUNTIFS('03_Action_Register'!$C$4:$C$33,$B15,'03_Action_Register'!$M$4:$M$33,"Yes")>0,$G15<>""),1,0)) | R15: =IF($Q15=1,SUM($Q$4:$Q15),"")
B16: =IF(COUNTA($E16)=0,"","T"&TEXT(ROW()-3,"000")) | K16: {=IF($B16="","",IF(IFERROR(MAX(IF('04_Update_History'!$D$4:$D$153=$B16,ROW('04_Update_History'!$D$4:$D$153))),0)=0,"",INDEX('04_Update_History'!$C$4:$C$153,IFERROR(MAX(IF('04_Update_History'!$D$4:$D$153=$B16,ROW('04_Update_History'!$D$4:$D$153))),0)-3)))} | Q16: =IF($B16="",0,IF(OR($M16="Yes",COUNTIFS('03_Action_Register'!$C$4:$C$33,$B16,'03_Action_Register'!$M$4:$M$33,"Yes")>0,$G16<>""),1,0)) | R16: =IF($Q16=1,SUM($Q$4:$Q16),"")
B17: =IF(COUNTA($E17)=0,"","T"&TEXT(ROW()-3,"000")) | K17: {=IF($B17="","",IF(IFERROR(MAX(IF('04_Update_History'!$D$4:$D$153=$B17,ROW('04_Update_History'!$D$4:$D$153))),0)=0,"",INDEX('04_Update_History'!$C$4:$C$153,IFERROR(MAX(IF('04_Update_History'!$D$4:$D$153=$B17,ROW('04_Update_History'!$D$4:$D$153))),0)-3)))} | Q17: =IF($B17="",0,IF(OR($M17="Yes",COUNTIFS('03_Action_Register'!$C$4:$C$33,$B17,'03_Action_Register'!$M$4:$M$33,"Yes")>0,$G17<>""),1,0)) | R17: =IF($Q17=1,SUM($Q$4:$Q17),"")
B18: =IF(COUNTA($E18)=0,"","T"&TEXT(ROW()-3,"000")) | K18: {=IF($B18="","",IF(IFERROR(MAX(IF('04_Update_History'!$D$4:$D$153=$B18,ROW('04_Update_History'!$D$4:$D$153))),0)=0,"",INDEX('04_Update_History'!$C$4:$C$153,IFERROR(MAX(IF('04_Update_History'!$D$4:$D$153=$B18,ROW('04_Update_History'!$D$4:$D$153))),0)-3)))} | Q18: =IF($B18="",0,IF(OR($M18="Yes",COUNTIFS('03_Action_Register'!$C$4:$C$33,$B18,'03_Action_Register'!$M$4:$M$33,"Yes")>0,$G18<>""),1,0)) | R18: =IF($Q18=1,SUM($Q$4:$Q18),"")
... B33: =IF(COUNTA($E33)=0,"","T"&TEXT(ROW()-3,"000")) | K33: {=IF($B33="","",IF(IFERROR(MAX(IF('04_Update_History'!$D$4:$D$153=$B33,ROW('04_Update_History'!$D$4:$D$153))),0)=0,"",INDEX('04_Update_History'!$C$4:$C$153,IFERROR(MAX(IF('04_Update_History'!$D$4:$D$153=$B33,ROW('04_Update_History'!$D$4:$D$153))),0)-3)))} | Q33: =IF($B33="",0,IF(OR($M33="Yes",COUNTIFS('03_Action_Register'!$C$4:$C$33,$B33,'03_Action_Register'!$M$4:$M$33,"Yes")>0,$G33<>""),1,0)) | R33: =IF($Q33=1,SUM($Q$4:$Q33),"")

Sheet 03_Action_Register
B2: Action Register | H2: Legend: Blue text = fill in yourself | Black text = automatic formula, do not overtype | Grey columns = automation helpers, do not edit
B3: Action ID | C3: Topic ID | D3: Action | E3: Owner | F3: Organisation | G3: Date Raised | H3: Due Date | I3: Status | J3: Priority | K3: Days Open | L3: Overdue | M3: Latest Update | N3: Next Step | O3: Closure Date | P3: Closure Evidence | Q3: Source Meeting Date | S3: Flag | T3: Rank
B4: =IF(COUNTA($D4)=0,"","A"&TEXT(ROW()-3,"000")) | C4: T001 | D4: Chase contractor for instrumentation calibration certificate (Punch item #4) | E4: J. Smith | F4: Acme Mechanical Ltd | G4: 46206 | H4: 46249 | I4: In Progress | J4: High | K4: =IF($C4="","",IF(O4<>"",O4-G4,TODAY()-G4)) | L4: =IF(OR($C4="",I4="Closed",H4=""),"No",IF(H4<TODAY(),"Yes","No")) | M4: Certificate requested, contractor to issue by end of week. | N4: Follow up if not received by due date | Q4: 46206 | S4: =IF($B4="",0,IF(OR($L4="Yes",$J4="Critical"),1,0)) | T4: =IF($S4=1,SUM($S$4:$S4),"")
B5: =IF(COUNTA($D5)=0,"","A"&TEXT(ROW()-3,"000")) | C5: T002 | D5: Escalate outstanding ITP sign-offs to contractor project manager | E5: A. Diallo | F5: Northwind Engineering | G5: 46178 | H5: 46204 | I5: Awaiting Contractor | J5: Medium | K5: =IF($C5="","",IF(O5<>"",O5-G5,TODAY()-G5)) | L5: =IF(OR($C5="",I5="Closed",H5=""),"No",IF(H5<TODAY(),"Yes","No")) | M5: Escalation email sent, awaiting contractor response. | N5: Re-escalate if no response in 5 days | Q5: 46178 | S5: =IF($B5="",0,IF(OR($L5="Yes",$J5="Critical"),1,0)) | T5: =IF($S5=1,SUM($S$4:$S5),"")
B6: =IF(COUNTA($D6)=0,"","A"&TEXT(ROW()-3,"000")) | C6: T003 | D6: Confirm interface clearance sign-off filed in document register | E6: M. Chen | F6: Acme Mechanical Ltd | G6: 46144 | H6: 46162 | I6: Closed | J6: Low | K6: =IF($C6="","",IF(O6<>"",O6-G6,TODAY()-G6)) | L6: =IF(OR($C6="",I6="Closed",H6=""),"No",IF(H6<TODAY(),"Yes","No")) | M6: Sign-off confirmed and filed. | N6: None - closed | O6: 46160 | P6: E002 - Interface Clearance Record rev B | Q6: 46144 | S6: =IF($B6="",0,IF(OR($L6="Yes",$J6="Critical"),1,0)) | T6: =IF($S6=1,SUM($S$4:$S6),"")
B7: =IF(COUNTA($D7)=0,"","A"&TEXT(ROW()-3,"000")) | K7: =IF($C7="","",IF(O7<>"",O7-G7,TODAY()-G7)) | L7: =IF(OR($C7="",I7="Closed",H7=""),"No",IF(H7<TODAY(),"Yes","No")) | S7: =IF($B7="",0,IF(OR($L7="Yes",$J7="Critical"),1,0)) | T7: =IF($S7=1,SUM($S$4:$S7),"")
B8: =IF(COUNTA($D8)=0,"","A"&TEXT(ROW()-3,"000")) | K8: =IF($C8="","",IF(O8<>"",O8-G8,TODAY()-G8)) | L8: =IF(OR($C8="",I8="Closed",H8=""),"No",IF(H8<TODAY(),"Yes","No")) | S8: =IF($B8="",0,IF(OR($L8="Yes",$J8="Critical"),1,0)) | T8: =IF($S8=1,SUM($S$4:$S8),"")
B9: =IF(COUNTA($D9)=0,"","A"&TEXT(ROW()-3,"000")) | K9: =IF($C9="","",IF(O9<>"",O9-G9,TODAY()-G9)) | L9: =IF(OR($C9="",I9="Closed",H9=""),"No",IF(H9<TODAY(),"Yes","No")) | S9: =IF($B9="",0,IF(OR($L9="Yes",$J9="Critical"),1,0)) | T9: =IF($S9=1,SUM($S$4:$S9),"")
B10: =IF(COUNTA($D10)=0,"","A"&TEXT(ROW()-3,"000")) | K10: =IF($C10="","",IF(O10<>"",O10-G10,TODAY()-G10)) | L10: =IF(OR($C10="",I10="Closed",H10=""),"No",IF(H10<TODAY(),"Yes","No")) | S10: =IF($B10="",0,IF(OR($L10="Yes",$J10="Critical"),1,0)) | T10: =IF($S10=1,SUM($S$4:$S10),"")
B11: =IF(COUNTA($D11)=0,"","A"&TEXT(ROW()-3,"000")) | K11: =IF($C11="","",IF(O11<>"",O11-G11,TODAY()-G11)) | L11: =IF(OR($C11="",I11="Closed",H11=""),"No",IF(H11<TODAY(),"Yes","No")) | S11: =IF($B11="",0,IF(OR($L11="Yes",$J11="Critical"),1,0)) | T11: =IF($S11=1,SUM($S$4:$S11),"")
B12: =IF(COUNTA($D12)=0,"","A"&TEXT(ROW()-3,"000")) | K12: =IF($C12="","",IF(O12<>"",O12-G12,TODAY()-G12)) | L12: =IF(OR($C12="",I12="Closed",H12=""),"No",IF(H12<TODAY(),"Yes","No")) | S12: =IF($B12="",0,IF(OR($L12="Yes",$J12="Critical"),1,0)) | T12: =IF($S12=1,SUM($S$4:$S12),"")
B13: =IF(COUNTA($D13)=0,"","A"&TEXT(ROW()-3,"000")) | K13: =IF($C13="","",IF(O13<>"",O13-G13,TODAY()-G13)) | L13: =IF(OR($C13="",I13="Closed",H13=""),"No",IF(H13<TODAY(),"Yes","No")) | S13: =IF($B13="",0,IF(OR($L13="Yes",$J13="Critical"),1,0)) | T13: =IF($S13=1,SUM($S$4:$S13),"")
B14: =IF(COUNTA($D14)=0,"","A"&TEXT(ROW()-3,"000")) | K14: =IF($C14="","",IF(O14<>"",O14-G14,TODAY()-G14)) | L14: =IF(OR($C14="",I14="Closed",H14=""),"No",IF(H14<TODAY(),"Yes","No")) | S14: =IF($B14="",0,IF(OR($L14="Yes",$J14="Critical"),1,0)) | T14: =IF($S14=1,SUM($S$4:$S14),"")
B15: =IF(COUNTA($D15)=0,"","A"&TEXT(ROW()-3,"000")) | K15: =IF($C15="","",IF(O15<>"",O15-G15,TODAY()-G15)) | L15: =IF(OR($C15="",I15="Closed",H15=""),"No",IF(H15<TODAY(),"Yes","No")) | S15: =IF($B15="",0,IF(OR($L15="Yes",$J15="Critical"),1,0)) | T15: =IF($S15=1,SUM($S$4:$S15),"")
B16: =IF(COUNTA($D16)=0,"","A"&TEXT(ROW()-3,"000")) | K16: =IF($C16="","",IF(O16<>"",O16-G16,TODAY()-G16)) | L16: =IF(OR($C16="",I16="Closed",H16=""),"No",IF(H16<TODAY(),"Yes","No")) | S16: =IF($B16="",0,IF(OR($L16="Yes",$J16="Critical"),1,0)) | T16: =IF($S16=1,SUM($S$4:$S16),"")
B17: =IF(COUNTA($D17)=0,"","A"&TEXT(ROW()-3,"000")) | K17: =IF($C17="","",IF(O17<>"",O17-G17,TODAY()-G17)) | L17: =IF(OR($C17="",I17="Closed",H17=""),"No",IF(H17<TODAY(),"Yes","No")) | S17: =IF($B17="",0,IF(OR($L17="Yes",$J17="Critical"),1,0)) | T17: =IF($S17=1,SUM($S$4:$S17),"")
B18: =IF(COUNTA($D18)=0,"","A"&TEXT(ROW()-3,"000")) | K18: =IF($C18="","",IF(O18<>"",O18-G18,TODAY()-G18)) | L18: =IF(OR($C18="",I18="Closed",H18=""),"No",IF(H18<TODAY(),"Yes","No")) | S18: =IF($B18="",0,IF(OR($L18="Yes",$J18="Critical"),1,0)) | T18: =IF($S18=1,SUM($S$4:$S18),"")
... B33: =IF(COUNTA($D33)=0,"","A"&TEXT(ROW()-3,"000")) | K33: =IF($C33="","",IF(O33<>"",O33-G33,TODAY()-G33)) | L33: =IF(OR($C33="",I33="Closed",H33=""),"No",IF(H33<TODAY(),"Yes","No")) | S33: =IF($B33="",0,IF(OR($L33="Yes",$J33="Critical"),1,0)) | T33: =IF($S33=1,SUM($S$4:$S33),"")

Sheet 04_Update_History
B2: Update History | F2: Legend: Blue text = fill in yourself | Black text = automatic formula, do not overtype | Grey columns = automation helpers, do not edit
B3: Update ID | C3: Meeting Date | D3: Topic ID | E3: Action ID | F3: Update | G3: Decision | H3: Previous Status | I3: New Status | J3: Updated By
B4: =IF(COUNTA($C4)=0,"","U"&TEXT(ROW()-3,"0000")) | C4: 46206 | D4: T001 | E4: A001 | F4: Functional test complete. One punch item remains (instrumentation calibration). | H4: Monitoring | I4: Open | J4: J. Smith
B5: =IF(COUNTA($C5)=0,"","U"&TEXT(ROW()-3,"0000")) | C5: 46178 | D5: T002 | E5: A002 | F5: 6 of 10 ITPs signed off; contractor slow to close remaining 4. | G5: Agreed to formally escalate to contractor PM. | H5: Open | I5: Monitoring | J5: A. Diallo
B6: =IF(COUNTA($C6)=0,"","U"&TEXT(ROW()-3,"0000")) | C6: 46144 | D6: T003 | E6: A003 | F6: Interface clearance confirmed by both mechanical and electrical leads. | G6: Topic closed. | H6: Open | I6: Closed | J6: M. Chen
B7: =IF(COUNTA($C7)=0,"","U"&TEXT(ROW()-3,"0000"))
B8: =IF(COUNTA($C8)=0,"","U"&TEXT(ROW()-3,"0000"))
B9: =IF(COUNTA($C9)=0,"","U"&TEXT(ROW()-3,"0000"))
B10: =IF(COUNTA($C10)=0,"","U"&TEXT(ROW()-3,"0000"))
B11: =IF(COUNTA($C11)=0,"","U"&TEXT(ROW()-3,"0000"))
B12: =IF(COUNTA($C12)=0,"","U"&TEXT(ROW()-3,"0000"))
B13: =IF(COUNTA($C13)=0,"","U"&TEXT(ROW()-3,"0000"))
B14: =IF(COUNTA($C14)=0,"","U"&TEXT(ROW()-3,"0000"))
B15: =IF(COUNTA($C15)=0,"","U"&TEXT(ROW()-3,"0000"))
B16: =IF(COUNTA($C16)=0,"","U"&TEXT(ROW()-3,"0000"))
B17: =IF(COUNTA($C17)=0,"","U"&TEXT(ROW()-3,"0000"))
B18: =IF(COUNTA($C18)=0,"","U"&TEXT(ROW()-3,"0000"))
... B153: =IF(COUNTA($C153)=0,"","U"&TEXT(ROW()-3,"0000"))

Sheet 05_PQCP_Tracker
B2: PQCP / Readiness Tracker | G2: Legend: Blue text = fill in yourself | Black text = automatic formula, do not overtype | Grey columns = automation helpers, do not edit
B3: PQCP ID | C3: Section / Step | D3: Requirement | E3: Verification Question | F3: Required Evidence | G3: Responsible Person | H3: Status | I3: Readiness % | J3: Evidence Available? | K3: Evidence Reference | L3: Evidence Status | M3: Gap / Outstanding Item | N3: Target Date | O3: Related Topic ID | P3: Related Action ID | Q3: Last Review Date | R3: Next Step
B4: =IF(COUNTA($D4)=0,"","P"&TEXT(ROW()-3,"000")) | C4: Mechanical Completion - Pump Skid A | D4: Instrumentation calibrated and certified prior to functional test | E4: Is the calibration certificate available and approved? | F4: Calibration certificate | G4: J. Smith | H4: Information Required | I4: 0.7 | J4: Partial | K4: E003 | L4: =IF(K4="","",IFERROR(INDEX('06_Document_Evidence'!$G$4:$G$33,MATCH(K4,'06_Document_Evidence'!$B$4:$B$33,0)),"")) | M4: Calibration certificate not yet issued by contractor. | N4: 46249 | O4: T001 | P4: A001 | Q4: 46206 | R4: Review once certificate received.
B5: =IF(COUNTA($D5)=0,"","P"&TEXT(ROW()-3,"000")) | C5: Documentation Closeout | D5: All ITPs formally signed off by the contractor | E5: Are all ITPs signed and filed? | F5: Signed ITP register | G5: A. Diallo | H5: In Progress | I5: 0.6 | J5: Partial | K5: E001 | L5: =IF(K5="","",IFERROR(INDEX('06_Document_Evidence'!$G$4:$G$33,MATCH(K5,'06_Document_Evidence'!$B$4:$B$33,0)),"")) | M5: 4 of 10 ITPs still unsigned. | N5: 46223 | O5: T002 | P5: A002 | Q5: 46178 | R5: Escalate outstanding ITPs.
B6: =IF(COUNTA($D6)=0,"","P"&TEXT(ROW()-3,"000")) | C6: Interface Management | D6: Electrical / mechanical interface formally closed with sign-off from both parties | E6: Is the interface clearance record approved and filed? | F6: Interface clearance record | G6: M. Chen | H6: Complete | I6: 1 | J6: Yes | K6: E002 | L6: =IF(K6="","",IFERROR(INDEX('06_Document_Evidence'!$G$4:$G$33,MATCH(K6,'06_Document_Evidence'!$B$4:$B$33,0)),"")) | N6: 46162 | O6: T003 | P6: A003 | Q6: 46160 | R6: None - closed.
B7: =IF(COUNTA($D7)=0,"","P"&TEXT(ROW()-3,"000")) | L7: =IF(K7="","",IFERROR(INDEX('06_Document_Evidence'!$G$4:$G$33,MATCH(K7,'06_Document_Evidence'!$B$4:$B$33,0)),""))
B8: =IF(COUNTA($D8)=0,"","P"&TEXT(ROW()-3,"000")) | L8: =IF(K8="","",IFERROR(INDEX('06_Document_Evidence'!$G$4:$G$33,MATCH(K8,'06_Document_Evidence'!$B$4:$B$33,0)),""))
B9: =IF(COUNTA($D9)=0,"","P"&TEXT(ROW()-3,"000")) | L9: =IF(K9="","",IFERROR(INDEX('06_Document_Evidence'!$G$4:$G$33,MATCH(K9,'06_Document_Evidence'!$B$4:$B$33,0)),""))
B10: =IF(COUNTA($D10)=0,"","P"&TEXT(ROW()-3,"000")) | L10: =IF(K10="","",IFERROR(INDEX('06_Document_Evidence'!$G$4:$G$33,MATCH(K10,'06_Document_Evidence'!$B$4:$B$33,0)),""))
B11: =IF(COUNTA($D11)=0,"","P"&TEXT(ROW()-3,"000")) | L11: =IF(K11="","",IFERROR(INDEX('06_Document_Evidence'!$G$4:$G$33,MATCH(K11,'06_Document_Evidence'!$B$4:$B$33,0)),""))
B12: =IF(COUNTA($D12)=0,"","P"&TEXT(ROW()-3,"000")) | L12: =IF(K12="","",IFERROR(INDEX('06_Document_Evidence'!$G$4:$G$33,MATCH(K12,'06_Document_Evidence'!$B$4:$B$33,0)),""))
B13: =IF(COUNTA($D13)=0,"","P"&TEXT(ROW()-3,"000")) | L13: =IF(K13="","",IFERROR(INDEX('06_Document_Evidence'!$G$4:$G$33,MATCH(K13,'06_Document_Evidence'!$B$4:$B$33,0)),""))
B14: =IF(COUNTA($D14)=0,"","P"&TEXT(ROW()-3,"000")) | L14: =IF(K14="","",IFERROR(INDEX('06_Document_Evidence'!$G$4:$G$33,MATCH(K14,'06_Document_Evidence'!$B$4:$B$33,0)),""))
B15: =IF(COUNTA($D15)=0,"","P"&TEXT(ROW()-3,"000")) | L15: =IF(K15="","",IFERROR(INDEX('06_Document_Evidence'!$G$4:$G$33,MATCH(K15,'06_Document_Evidence'!$B$4:$B$33,0)),""))
B16: =IF(COUNTA($D16)=0,"","P"&TEXT(ROW()-3,"000")) | L16: =IF(K16="","",IFERROR(INDEX('06_Document_Evidence'!$G$4:$G$33,MATCH(K16,'06_Document_Evidence'!$B$4:$B$33,0)),""))
B17: =IF(COUNTA($D17)=0,"","P"&TEXT(ROW()-3,"000")) | L17: =IF(K17="","",IFERROR(INDEX('06_Document_Evidence'!$G$4:$G$33,MATCH(K17,'06_Document_Evidence'!$B$4:$B$33,0)),""))
B18: =IF(COUNTA($D18)=0,"","P"&TEXT(ROW()-3,"000")) | L18: =IF(K18="","",IFERROR(INDEX('06_Document_Evidence'!$G$4:$G$33,MATCH(K18,'06_Document_Evidence'!$B$4:$B$33,0)),""))
... B33: =IF(COUNTA($D33)=0,"","P"&TEXT(ROW()-3,"000")) | L33: =IF(K33="","",IFERROR(INDEX('06_Document_Evidence'!$G$4:$G$33,MATCH(K33,'06_Document_Evidence'!$B$4:$B$33,0)),""))

Sheet 06_Document_Evidence
B2: Document / Evidence Register | F2: Legend: Blue text = fill in yourself | Black text = automatic formula, do not overtype | Grey columns = automation helpers, do not edit
B3: Evidence ID | C3: Document Type | D3: Description | E3: Document Reference | F3: Revision | G3: Status | H3: Related PQCP ID | I3: Related Topic ID | J3: Required Date | K3: Available? | L3: Approved? | M3: Comments
B4: =IF(COUNTA($D4)=0,"","E"&TEXT(ROW()-3,"000")) | C4: Inspection & Test Plan | D4: ITP for Pump Skid A instrumentation | E4: ITP-PSA-001 | F4: B | G4: Approved | H4: P001 | I4: T001 | J4: 46213 | K4: Yes | L4: Yes | M4: Filed in document register.
B5: =IF(COUNTA($D5)=0,"","E"&TEXT(ROW()-3,"000")) | C5: Handover / Erection Completion Evidence | D5: Interface clearance record - Skid B power feed | E5: ECR-SKB-014 | F5: A | G5: Approved | I5: T003 | J5: 46157 | K5: Yes | L5: Yes
B6: =IF(COUNTA($D6)=0,"","E"&TEXT(ROW()-3,"000")) | C6: Commissioning Result Sheet | D6: Functional test result sheet - Pump Skid A | E6: CRS-PSA-002 | F6: - | G6: Draft | H6: P001 | I6: T001 | J6: 46235 | K6: No | L6: No | M6: Awaiting calibration certificate before final issue.
B7: =IF(COUNTA($D7)=0,"","E"&TEXT(ROW()-3,"000"))
B8: =IF(COUNTA($D8)=0,"","E"&TEXT(ROW()-3,"000"))
B9: =IF(COUNTA($D9)=0,"","E"&TEXT(ROW()-3,"000"))
B10: =IF(COUNTA($D10)=0,"","E"&TEXT(ROW()-3,"000"))
B11: =IF(COUNTA($D11)=0,"","E"&TEXT(ROW()-3,"000"))
B12: =IF(COUNTA($D12)=0,"","E"&TEXT(ROW()-3,"000"))
B13: =IF(COUNTA($D13)=0,"","E"&TEXT(ROW()-3,"000"))
B14: =IF(COUNTA($D14)=0,"","E"&TEXT(ROW()-3,"000"))
B15: =IF(COUNTA($D15)=0,"","E"&TEXT(ROW()-3,"000"))
B16: =IF(COUNTA($D16)=0,"","E"&TEXT(ROW()-3,"000"))
B17: =IF(COUNTA($D17)=0,"","E"&TEXT(ROW()-3,"000"))
B18: =IF(COUNTA($D18)=0,"","E"&TEXT(ROW()-3,"000"))
... B33: =IF(COUNTA($D33)=0,"","E"&TEXT(ROW()-3,"000"))

Sheet 07_Meeting_Summary
B2: Meeting Summary
B3: Pick a meeting date below - every section fills in automatically from the registers, ready to paste into minutes or an email. Record the actual discussion directly in the Topic Register, Action Register and Update History; this sheet only compiles what you logged there.
B5: Meeting Date: | C5: 46178
B7: KEY UPDATES
B8: Topic ID | C8: Update
B9: {=IFERROR(INDEX('04_Update_History'!$D$4:$D$153,SMALL(IF(('04_Update_History'!$C$4:$C$153=$C$5)*('04_Update_History'!$G$4:$G$153=""),ROW('04_Update_History'!$C$4:$C$153)-ROW('04_Update_History'!$C$4)+1),1)),"")} | C9: {=IFERROR(INDEX('04_Update_History'!$F$4:$F$153,SMALL(IF(('04_Update_History'!$C$4:$C$153=$C$5)*('04_Update_History'!$G$4:$G$153=""),ROW('04_Update_History'!$C$4:$C$153)-ROW('04_Update_History'!$C$4)+1),1)),"")}
B10: {=IFERROR(INDEX('04_Update_History'!$D$4:$D$153,SMALL(IF(('04_Update_History'!$C$4:$C$153=$C$5)*('04_Update_History'!$G$4:$G$153=""),ROW('04_Update_History'!$C$4:$C$153)-ROW('04_Update_History'!$C$4)+1),2)),"")} | C10: {=IFERROR(INDEX('04_Update_History'!$F$4:$F$153,SMALL(IF(('04_Update_History'!$C$4:$C$153=$C$5)*('04_Update_History'!$G$4:$G$153=""),ROW('04_Update_History'!$C$4:$C$153)-ROW('04_Update_History'!$C$4)+1),2)),"")}
B11: {=IFERROR(INDEX('04_Update_History'!$D$4:$D$153,SMALL(IF(('04_Update_History'!$C$4:$C$153=$C$5)*('04_Update_History'!$G$4:$G$153=""),ROW('04_Update_History'!$C$4:$C$153)-ROW('04_Update_History'!$C$4)+1),3)),"")} | C11: {=IFERROR(INDEX('04_Update_History'!$F$4:$F$153,SMALL(IF(('04_Update_History'!$C$4:$C$153=$C$5)*('04_Update_History'!$G$4:$G$153=""),ROW('04_Update_History'!$C$4:$C$153)-ROW('04_Update_History'!$C$4)+1),3)),"")}
B12: {=IFERROR(INDEX('04_Update_History'!$D$4:$D$153,SMALL(IF(('04_Update_History'!$C$4:$C$153=$C$5)*('04_Update_History'!$G$4:$G$153=""),ROW('04_Update_History'!$C$4:$C$153)-ROW('04_Update_History'!$C$4)+1),4)),"")} | C12: {=IFERROR(INDEX('04_Update_History'!$F$4:$F$153,SMALL(IF(('04_Update_History'!$C$4:$C$153=$C$5)*('04_Update_History'!$G$4:$G$153=""),ROW('04_Update_History'!$C$4:$C$153)-ROW('04_Update_History'!$C$4)+1),4)),"")}
B13: {=IFERROR(INDEX('04_Update_History'!$D$4:$D$153,SMALL(IF(('04_Update_History'!$C$4:$C$153=$C$5)*('04_Update_History'!$G$4:$G$153=""),ROW('04_Update_History'!$C$4:$C$153)-ROW('04_Update_History'!$C$4)+1),5)),"")} | C13: {=IFERROR(INDEX('04_Update_History'!$F$4:$F$153,SMALL(IF(('04_Update_History'!$C$4:$C$153=$C$5)*('04_Update_History'!$G$4:$G$153=""),ROW('04_Update_History'!$C$4:$C$153)-ROW('04_Update_History'!$C$4)+1),5)),"")}
B14: {=IFERROR(INDEX('04_Update_History'!$D$4:$D$153,SMALL(IF(('04_Update_History'!$C$4:$C$153=$C$5)*('04_Update_History'!$G$4:$G$153=""),ROW('04_Update_History'!$C$4:$C$153)-ROW('04_Update_History'!$C$4)+1),6)),"")} | C14: {=IFERROR(INDEX('04_Update_History'!$F$4:$F$153,SMALL(IF(('04_Update_History'!$C$4:$C$153=$C$5)*('04_Update_History'!$G$4:$G$153=""),ROW('04_Update_History'!$C$4:$C$153)-ROW('04_Update_History'!$C$4)+1),6)),"")}
B16: DECISIONS
B17: Topic ID | C17: Decision
B18: {=IFERROR(INDEX('04_Update_History'!$D$4:$D$153,SMALL(IF(('04_Update_History'!$C$4:$C$153=$C$5)*('04_Update_History'!$G$4:$G$153<>""),ROW('04_Update_History'!$C$4:$C$153)-ROW('04_Update_History'!$C$4)+1),1)),"")} | C18: {=IFERROR(INDEX('04_Update_History'!$G$4:$G$153,SMALL(IF(('04_Update_History'!$C$4:$C$153=$C$5)*('04_Update_History'!$G$4:$G$153<>""),ROW('04_Update_History'!$C$4:$C$153)-ROW('04_Update_History'!$C$4)+1),1)),"")}
B19: {=IFERROR(INDEX('04_Update_History'!$D$4:$D$153,SMALL(IF(('04_Update_History'!$C$4:$C$153=$C$5)*('04_Update_History'!$G$4:$G$153<>""),ROW('04_Update_History'!$C$4:$C$153)-ROW('04_Update_History'!$C$4)+1),2)),"")} | C19: {=IFERROR(INDEX('04_Update_History'!$G$4:$G$153,SMALL(IF(('04_Update_History'!$C$4:$C$153=$C$5)*('04_Update_History'!$G$4:$G$153<>""),ROW('04_Update_History'!$C$4:$C$153)-ROW('04_Update_History'!$C$4)+1),2)),"")}
B20: {=IFERROR(INDEX('04_Update_History'!$D$4:$D$153,SMALL(IF(('04_Update_History'!$C$4:$C$153=$C$5)*('04_Update_History'!$G$4:$G$153<>""),ROW('04_Update_History'!$C$4:$C$153)-ROW('04_Update_History'!$C$4)+1),3)),"")} | C20: {=IFERROR(INDEX('04_Update_History'!$G$4:$G$153,SMALL(IF(('04_Update_History'!$C$4:$C$153=$C$5)*('04_Update_History'!$G$4:$G$153<>""),ROW('04_Update_History'!$C$4:$C$153)-ROW('04_Update_History'!$C$4)+1),3)),"")}
B21: {=IFERROR(INDEX('04_Update_History'!$D$4:$D$153,SMALL(IF(('04_Update_History'!$C$4:$C$153=$C$5)*('04_Update_History'!$G$4:$G$153<>""),ROW('04_Update_History'!$C$4:$C$153)-ROW('04_Update_History'!$C$4)+1),4)),"")} | C21: {=IFERROR(INDEX('04_Update_History'!$G$4:$G$153,SMALL(IF(('04_Update_History'!$C$4:$C$153=$C$5)*('04_Update_History'!$G$4:$G$153<>""),ROW('04_Update_History'!$C$4:$C$153)-ROW('04_Update_History'!$C$4)+1),4)),"")}
B22: {=IFERROR(INDEX('04_Update_History'!$D$4:$D$153,SMALL(IF(('04_Update_History'!$C$4:$C$153=$C$5)*('04_Update_History'!$G$4:$G$153<>""),ROW('04_Update_History'!$C$4:$C$153)-ROW('04_Update_History'!$C$4)+1),5)),"")} | C22: {=IFERROR(INDEX('04_Update_History'!$G$4:$G$153,SMALL(IF(('04_Update_History'!$C$4:$C$153=$C$5)*('04_Update_History'!$G$4:$G$153<>""),ROW('04_Update_History'!$C$4:$C$153)-ROW('04_Update_History'!$C$4)+1),5)),"")}
B23: {=IFERROR(INDEX('04_Update_History'!$D$4:$D$153,SMALL(IF(('04_Update_History'!$C$4:$C$153=$C$5)*('04_Update_History'!$G$4:$G$153<>""),ROW('04_Update_History'!$C$4:$C$153)-ROW('04_Update_History'!$C$4)+1),6)),"")} | C23: {=IFERROR(INDEX('04_Update_History'!$G$4:$G$153,SMALL(IF(('04_Update_History'!$C$4:$C$153=$C$5)*('04_Update_History'!$G$4:$G$153<>""),ROW('04_Update_History'!$C$4:$C$153)-ROW('04_Update_History'!$C$4)+1),6)),"")}
B25: NEW ACTIONS
B26: Action | C26: Owner | D26: Due Date
B27: {=IFERROR(INDEX('03_Action_Register'!$D$4:$D$33,SMALL(IF('03_Action_Register'!$G$4:$G$33=$C$5,ROW('03_Action_Register'!$G$4:$G$33)-ROW('03_Action_Register'!$G$4)+1),1)),"")} | C27: {=IFERROR(INDEX('03_Action_Register'!$E$4:$E$33,SMALL(IF('03_Action_Register'!$G$4:$G$33=$C$5,ROW('03_Action_Register'!$G$4:$G$33)-ROW('03_Action_Register'!$G$4)+1),1)),"")} | D27: {=IFERROR(INDEX('03_Action_Register'!$H$4:$H$33,SMALL(IF('03_Action_Register'!$G$4:$G$33=$C$5,ROW('03_Action_Register'!$G$4:$G$33)-ROW('03_Action_Register'!$G$4)+1),1)),"")}
B28: {=IFERROR(INDEX('03_Action_Register'!$D$4:$D$33,SMALL(IF('03_Action_Register'!$G$4:$G$33=$C$5,ROW('03_Action_Register'!$G$4:$G$33)-ROW('03_Action_Register'!$G$4)+1),2)),"")} | C28: {=IFERROR(INDEX('03_Action_Register'!$E$4:$E$33,SMALL(IF('03_Action_Register'!$G$4:$G$33=$C$5,ROW('03_Action_Register'!$G$4:$G$33)-ROW('03_Action_Register'!$G$4)+1),2)),"")} | D28: {=IFERROR(INDEX('03_Action_Register'!$H$4:$H$33,SMALL(IF('03_Action_Register'!$G$4:$G$33=$C$5,ROW('03_Action_Register'!$G$4:$G$33)-ROW('03_Action_Register'!$G$4)+1),2)),"")}
B29: {=IFERROR(INDEX('03_Action_Register'!$D$4:$D$33,SMALL(IF('03_Action_Register'!$G$4:$G$33=$C$5,ROW('03_Action_Register'!$G$4:$G$33)-ROW('03_Action_Register'!$G$4)+1),3)),"")} | C29: {=IFERROR(INDEX('03_Action_Register'!$E$4:$E$33,SMALL(IF('03_Action_Register'!$G$4:$G$33=$C$5,ROW('03_Action_Register'!$G$4:$G$33)-ROW('03_Action_Register'!$G$4)+1),3)),"")} | D29: {=IFERROR(INDEX('03_Action_Register'!$H$4:$H$33,SMALL(IF('03_Action_Register'!$G$4:$G$33=$C$5,ROW('03_Action_Register'!$G$4:$G$33)-ROW('03_Action_Register'!$G$4)+1),3)),"")}
B30: {=IFERROR(INDEX('03_Action_Register'!$D$4:$D$33,SMALL(IF('03_Action_Register'!$G$4:$G$33=$C$5,ROW('03_Action_Register'!$G$4:$G$33)-ROW('03_Action_Register'!$G$4)+1),4)),"")} | C30: {=IFERROR(INDEX('03_Action_Register'!$E$4:$E$33,SMALL(IF('03_Action_Register'!$G$4:$G$33=$C$5,ROW('03_Action_Register'!$G$4:$G$33)-ROW('03_Action_Register'!$G$4)+1),4)),"")} | D30: {=IFERROR(INDEX('03_Action_Register'!$H$4:$H$33,SMALL(IF('03_Action_Register'!$G$4:$G$33=$C$5,ROW('03_Action_Register'!$G$4:$G$33)-ROW('03_Action_Register'!$G$4)+1),4)),"")}
B31: {=IFERROR(INDEX('03_Action_Register'!$D$4:$D$33,SMALL(IF('03_Action_Register'!$G$4:$G$33=$C$5,ROW('03_Action_Register'!$G$4:$G$33)-ROW('03_Action_Register'!$G$4)+1),5)),"")} | C31: {=IFERROR(INDEX('03_Action_Register'!$E$4:$E$33,SMALL(IF('03_Action_Register'!$G$4:$G$33=$C$5,ROW('03_Action_Register'!$G$4:$G$33)-ROW('03_Action_Register'!$G$4)+1),5)),"")} | D31: {=IFERROR(INDEX('03_Action_Register'!$H$4:$H$33,SMALL(IF('03_Action_Register'!$G$4:$G$33=$C$5,ROW('03_Action_Register'!$G$4:$G$33)-ROW('03_Action_Register'!$G$4)+1),5)),"")}
B32: {=IFERROR(INDEX('03_Action_Register'!$D$4:$D$33,SMALL(IF('03_Action_Register'!$G$4:$G$33=$C$5,ROW('03_Action_Register'!$G$4:$G$33)-ROW('03_Action_Register'!$G$4)+1),6)),"")} | C32: {=IFERROR(INDEX('03_Action_Register'!$E$4:$E$33,SMALL(IF('03_Action_Register'!$G$4:$G$33=$C$5,ROW('03_Action_Register'!$G$4:$G$33)-ROW('03_Action_Register'!$G$4)+1),6)),"")} | D32: {=IFERROR(INDEX('03_Action_Register'!$H$4:$H$33,SMALL(IF('03_Action_Register'!$G$4:$G$33=$C$5,ROW('03_Action_Register'!$G$4:$G$33)-ROW('03_Action_Register'!$G$4)+1),6)),"")}
B34: CLOSED ACTIONS
B35: Action | C35: Owner | D35: Closure Evidence
B36: {=IFERROR(INDEX('03_Action_Register'!$D$4:$D$33,SMALL(IF('03_Action_Register'!$O$4:$O$33=$C$5,ROW('03_Action_Register'!$O$4:$O$33)-ROW('03_Action_Register'!$O$4)+1),1)),"")} | C36: {=IFERROR(INDEX('03_Action_Register'!$E$4:$E$33,SMALL(IF('03_Action_Register'!$O$4:$O$33=$C$5,ROW('03_Action_Register'!$O$4:$O$33)-ROW('03_Action_Register'!$O$4)+1),1)),"")} | D36: {=IFERROR(INDEX('03_Action_Register'!$P$4:$P$33,SMALL(IF('03_Action_Register'!$O$4:$O$33=$C$5,ROW('03_Action_Register'!$O$4:$O$33)-ROW('03_Action_Register'!$O$4)+1),1)),"")}
B37: {=IFERROR(INDEX('03_Action_Register'!$D$4:$D$33,SMALL(IF('03_Action_Register'!$O$4:$O$33=$C$5,ROW('03_Action_Register'!$O$4:$O$33)-ROW('03_Action_Register'!$O$4)+1),2)),"")} | C37: {=IFERROR(INDEX('03_Action_Register'!$E$4:$E$33,SMALL(IF('03_Action_Register'!$O$4:$O$33=$C$5,ROW('03_Action_Register'!$O$4:$O$33)-ROW('03_Action_Register'!$O$4)+1),2)),"")} | D37: {=IFERROR(INDEX('03_Action_Register'!$P$4:$P$33,SMALL(IF('03_Action_Register'!$O$4:$O$33=$C$5,ROW('03_Action_Register'!$O$4:$O$33)-ROW('03_Action_Register'!$O$4)+1),2)),"")}
B38: {=IFERROR(INDEX('03_Action_Register'!$D$4:$D$33,SMALL(IF('03_Action_Register'!$O$4:$O$33=$C$5,ROW('03_Action_Register'!$O$4:$O$33)-ROW('03_Action_Register'!$O$4)+1),3)),"")} | C38: {=IFERROR(INDEX('03_Action_Register'!$E$4:$E$33,SMALL(IF('03_Action_Register'!$O$4:$O$33=$C$5,ROW('03_Action_Register'!$O$4:$O$33)-ROW('03_Action_Register'!$O$4)+1),3)),"")} | D38: {=IFERROR(INDEX('03_Action_Register'!$P$4:$P$33,SMALL(IF('03_Action_Register'!$O$4:$O$33=$C$5,ROW('03_Action_Register'!$O$4:$O$33)-ROW('03_Action_Register'!$O$4)+1),3)),"")}
B39: {=IFERROR(INDEX('03_Action_Register'!$D$4:$D$33,SMALL(IF('03_Action_Register'!$O$4:$O$33=$C$5,ROW('03_Action_Register'!$O$4:$O$33)-ROW('03_Action_Register'!$O$4)+1),4)),"")} | C39: {=IFERROR(INDEX('03_Action_Register'!$E$4:$E$33,SMALL(IF('03_Action_Register'!$O$4:$O$33=$C$5,ROW('03_Action_Register'!$O$4:$O$33)-ROW('03_Action_Register'!$O$4)+1),4)),"")} | D39: {=IFERROR(INDEX('03_Action_Register'!$P$4:$P$33,SMALL(IF('03_Action_Register'!$O$4:$O$33=$C$5,ROW('03_Action_Register'!$O$4:$O$33)-ROW('03_Action_Register'!$O$4)+1),4)),"")}
B40: {=IFERROR(INDEX('03_Action_Register'!$D$4:$D$33,SMALL(IF('03_Action_Register'!$O$4:$O$33=$C$5,ROW('03_Action_Register'!$O$4:$O$33)-ROW('03_Action_Register'!$O$4)+1),5)),"")} | C40: {=IFERROR(INDEX('03_Action_Register'!$E$4:$E$33,SMALL(IF('03_Action_Register'!$O$4:$O$33=$C$5,ROW('03_Action_Register'!$O$4:$O$33)-ROW('03_Action_Register'!$O$4)+1),5)),"")} | D40: {=IFERROR(INDEX('03_Action_Register'!$P$4:$P$33,SMALL(IF('03_Action_Register'!$O$4:$O$33=$C$5,ROW('03_Action_Register'!$O$4:$O$33)-ROW('03_Action_Register'!$O$4)+1),5)),"")}
B41: {=IFERROR(INDEX('03_Action_Register'!$D$4:$D$33,SMALL(IF('03_Action_Register'!$O$4:$O$33=$C$5,ROW('03_Action_Register'!$O$4:$O$33)-ROW('03_Action_Register'!$O$4)+1),6)),"")} | C41: {=IFERROR(INDEX('03_Action_Register'!$E$4:$E$33,SMALL(IF('03_Action_Register'!$O$4:$O$33=$C$5,ROW('03_Action_Register'!$O$4:$O$33)-ROW('03_Action_Register'!$O$4)+1),6)),"")} | D41: {=IFERROR(INDEX('03_Action_Register'!$P$4:$P$33,SMALL(IF('03_Action_Register'!$O$4:$O$33=$C$5,ROW('03_Action_Register'!$O$4:$O$33)-ROW('03_Action_Register'!$O$4)+1),6)),"")}
B43: POINTS FOR NEXT MEETING
B44: Topic | C44: Next Step
B45: {=IF(IFERROR(MATCH(1,'02_Topic_Register'!$R$4:$R$33,0)+3,"")="","",INDEX('02_Topic_Register'!$E$4:$E$33,(IFERROR(MATCH(1,'02_Topic_Register'!$R$4:$R$33,0)+3,"")-3)))} | C45: {=IF(IFERROR(MATCH(1,'02_Topic_Register'!$R$4:$R$33,0)+3,"")="","",INDEX('02_Topic_Register'!$L$4:$L$33,(IFERROR(MATCH(1,'02_Topic_Register'!$R$4:$R$33,0)+3,"")-3)))}
B46: {=IF(IFERROR(MATCH(2,'02_Topic_Register'!$R$4:$R$33,0)+3,"")="","",INDEX('02_Topic_Register'!$E$4:$E$33,(IFERROR(MATCH(2,'02_Topic_Register'!$R$4:$R$33,0)+3,"")-3)))} | C46: {=IF(IFERROR(MATCH(2,'02_Topic_Register'!$R$4:$R$33,0)+3,"")="","",INDEX('02_Topic_Register'!$L$4:$L$33,(IFERROR(MATCH(2,'02_Topic_Register'!$R$4:$R$33,0)+3,"")-3)))}
B47: {=IF(IFERROR(MATCH(3,'02_Topic_Register'!$R$4:$R$33,0)+3,"")="","",INDEX('02_Topic_Register'!$E$4:$E$33,(IFERROR(MATCH(3,'02_Topic_Register'!$R$4:$R$33,0)+3,"")-3)))} | C47: {=IF(IFERROR(MATCH(3,'02_Topic_Register'!$R$4:$R$33,0)+3,"")="","",INDEX('02_Topic_Register'!$L$4:$L$33,(IFERROR(MATCH(3,'02_Topic_Register'!$R$4:$R$33,0)+3,"")-3)))}
B48: {=IF(IFERROR(MATCH(4,'02_Topic_Register'!$R$4:$R$33,0)+3,"")="","",INDEX('02_Topic_Register'!$E$4:$E$33,(IFERROR(MATCH(4,'02_Topic_Register'!$R$4:$R$33,0)+3,"")-3)))} | C48: {=IF(IFERROR(MATCH(4,'02_Topic_Register'!$R$4:$R$33,0)+3,"")="","",INDEX('02_Topic_Register'!$L$4:$L$33,(IFERROR(MATCH(4,'02_Topic_Register'!$R$4:$R$33,0)+3,"")-3)))}
B49: {=IF(IFERROR(MATCH(5,'02_Topic_Register'!$R$4:$R$33,0)+3,"")="","",INDEX('02_Topic_Register'!$E$4:$E$33,(IFERROR(MATCH(5,'02_Topic_Register'!$R$4:$R$33,0)+3,"")-3)))} | C49: {=IF(IFERROR(MATCH(5,'02_Topic_Register'!$R$4:$R$33,0)+3,"")="","",INDEX('02_Topic_Register'!$L$4:$L$33,(IFERROR(MATCH(5,'02_Topic_Register'!$R$4:$R$33,0)+3,"")-3)))}
B50: {=IF(IFERROR(MATCH(6,'02_Topic_Register'!$R$4:$R$33,0)+3,"")="","",INDEX('02_Topic_Register'!$E$4:$E$33,(IFERROR(MATCH(6,'02_Topic_Register'!$R$4:$R$33,0)+3,"")-3)))} | C50: {=IF(IFERROR(MATCH(6,'02_Topic_Register'!$R$4:$R$33,0)+3,"")="","",INDEX('02_Topic_Register'!$L$4:$L$33,(IFERROR(MATCH(6,'02_Topic_Register'!$R$4:$R$33,0)+3,"")-3)))}
B52: Legend: Blue text = fill in yourself | Black text = automatic formula, do not overtype | Grey columns = automation helpers, do not edit

Sheet 08_Lists_Config
B2: Lists & Configuration
B3: Dropdown lists and parameters used across the workbook. Edit the lists below to match your project's vocabulary.
B5: Category | C5: Topic Status | D5: Priority | E5: Yes/No | F5: Action Status | G5: PQCP Status | H5: Evidence Available | I5: Document Type | J5: Document Status | K5: Approved?
B6: Schedule | C6: Open | D6: Low | E6: Yes | F6: Open | G6: Not Started | H6: Yes | I6: Commissioning Execution Plan | J6: Draft | K6: Yes
B7: Documentation | C7: Monitoring | D7: Medium | E7: No | F7: In Progress | G7: Information Required | H7: No | I7: Commissioning Programme | J7: Issued for Review | K7: No
B8: Systems & Equipment | C8: Closed | D8: High | F8: Awaiting Information | G8: In Progress | H8: Partial | I8: Commissioning Procedure | J8: Approved | K8: N/A
B9: Interfaces | D9: Critical | F9: Awaiting Contractor | G9: Under Review | I9: Method Statement | J9: Superseded
B10: Resources | F10: Awaiting Client | G10: Evidence Available | I10: Inspection & Test Plan | J10: Missing
B11: Quality | F11: On Hold | G11: Complete | I11: Commissioning Result Sheet
B12: HSE | F12: Closed | G12: N/A | I12: Handover / Erection Completion Evidence
B13: Contract | I13: Safe System of Work
B14: Readiness / PQCP | I14: Surveillance Evidence
B15: Other | I15: O&M Documentation
I16: Commissioning Completion Report
B19: Configuration Parameters
B20: Parameter | C20: Value
B21: 'Due soon' warning window (days before due date) | C21: 14
B23: Legend: Blue text = fill in yourself | Black text = automatic formula, do not overtype | Grey columns = automation helpers, do not edit
