Workbook
Name CONTRACT_ID: 'DMIC List - master'!$B$6:$B$65
Name CC_CONTRACT_ID: 'Competency&Complexity'!$B$6:$B$65

Sheet Overview
B2: DMIC Contract Overview | J2: As of | K2: =TODAY()
B3: Live rollup across all contracts - pulled from Contracts, Schedule & Status and Risk & Phase.
N4: Systems by contract
N5: Choose a contract: | O5: UK-EX01
B6: Total contracts | D6: Average risk | F6: Critical (risk ≥ 60%) | H6: Watch (30–59%)
N7: {=IFERROR(TEXTJOIN(CHAR(10),TRUE,IF(Systems!$B$6:$B$65=$O$5,Systems!$C$6:$C$65,"")),"")}
B8: =COUNTA('DMIC List - master'!$B$6:$B$65) | D8: =IFERROR(AVERAGE('DMIC DMS Commissioning-master'!$U$6:$U$65),"—") | F8: =COUNTIF('DMIC DMS Commissioning-master'!$U$6:$U$65,">=0.6") | H8: =COUNTIFS('DMIC DMS Commissioning-master'!$U$6:$U$65,">=0.3",'DMIC DMS Commissioning-master'!$U$6:$U$65,"<0.6")
B13: Contract Number | C13: Area | D13: Contractor | E13: Description | F13: Current Phase | G13: Total Risk % | H13: Next Milestone | I13: Days to Milestone | J13: Commissioning Engineer | K13: Commissioning Manager | L13: DMIC Co-ordinator | M13: Status
B14: =IFERROR(IF('DMIC List - master'!B6="","",'DMIC List - master'!B6),"") | C14: =IFERROR(IF($B14="","",'DMIC List - master'!C6),"") | D14: =IFERROR(IF($B14="","",'DMIC List - master'!D6),"") | E14: =IFERROR(IF($B14="","",'DMIC List - master'!E6),"") | F14: =IFERROR(IF($B14="","",IF(INDEX('DMIC DMS Commissioning-master'!$O$6:$O$65,MATCH($B14,'DMIC DMS Commissioning-master'!$B$6:$B$65,0))=0,"",INDEX('DMIC DMS Commissioning-master'!$O$6:$O$65,MATCH($B14,'DMIC DMS Commissioning-master'!$B$6:$B$65,0)))),"") | G14: =IFERROR(IF($B14="","",INDEX('DMIC DMS Commissioning-master'!$U$6:$U$65,MATCH($B14,'DMIC DMS Commissioning-master'!$B$6:$B$65,0))),"") | H14: =IFERROR(IF($B14="","",IF(INDEX('Commissioning Readiness'!$N$6:$N$65,MATCH($B14,'Commissioning Readiness'!$B$6:$B$65,0))=0,"",INDEX('Commissioning Readiness'!$N$6:$N$65,MATCH($B14,'Commissioning Readiness'!$B$6:$B$65,0)))),"") | I14: =IF(OR($B14="",$H14=""),"",$H14-TODAY()) | J14: =IFERROR(IF($B14="","",'DMIC List - master'!P6),"") | K14: =IFERROR(IF($B14="","",'DMIC List - master'!Q6),"") | L14: =IFERROR(IF($B14="","",'DMIC List - master'!U6),"") | M14: =IF($B14="","",IF(OR($G14<>""),IF(OR($G14>=0.6,AND($I14<>"",$I14<0)),"Critical",IF(OR($G14>=0.3,AND($I14<>"",$I14>=0,$I14<=60)),"Watch","On track")),"No data"))
B15: =IFERROR(IF('DMIC List - master'!B7="","",'DMIC List - master'!B7),"") | C15: =IFERROR(IF($B15="","",'DMIC List - master'!C7),"") | D15: =IFERROR(IF($B15="","",'DMIC List - master'!D7),"") | E15: =IFERROR(IF($B15="","",'DMIC List - master'!E7),"") | F15: =IFERROR(IF($B15="","",IF(INDEX('DMIC DMS Commissioning-master'!$O$6:$O$65,MATCH($B15,'DMIC DMS Commissioning-master'!$B$6:$B$65,0))=0,"",INDEX('DMIC DMS Commissioning-master'!$O$6:$O$65,MATCH($B15,'DMIC DMS Commissioning-master'!$B$6:$B$65,0)))),"") | G15: =IFERROR(IF($B15="","",INDEX('DMIC DMS Commissioning-master'!$U$6:$U$65,MATCH($B15,'DMIC DMS Commissioning-master'!$B$6:$B$65,0))),"") | H15: =IFERROR(IF($B15="","",IF(INDEX('Commissioning Readiness'!$N$6:$N$65,MATCH($B15,'Commissioning Readiness'!$B$6:$B$65,0))=0,"",INDEX('Commissioning Readiness'!$N$6:$N$65,MATCH($B15,'Commissioning Readiness'!$B$6:$B$65,0)))),"") | I15: =IF(OR($B15="",$H15=""),"",$H15-TODAY()) | J15: =IFERROR(IF($B15="","",'DMIC List - master'!P7),"") | K15: =IFERROR(IF($B15="","",'DMIC List - master'!Q7),"") | L15: =IFERROR(IF($B15="","",'DMIC List - master'!U7),"") | M15: =IF($B15="","",IF(OR($G15<>""),IF(OR($G15>=0.6,AND($I15<>"",$I15<0)),"Critical",IF(OR($G15>=0.3,AND($I15<>"",$I15>=0,$I15<=60)),"Watch","On track")),"No data"))
B16: =IFERROR(IF('DMIC List - master'!B8="","",'DMIC List - master'!B8),"") | C16: =IFERROR(IF($B16="","",'DMIC List - master'!C8),"") | D16: =IFERROR(IF($B16="","",'DMIC List - master'!D8),"") | E16: =IFERROR(IF($B16="","",'DMIC List - master'!E8),"") | F16: =IFERROR(IF($B16="","",IF(INDEX('DMIC DMS Commissioning-master'!$O$6:$O$65,MATCH($B16,'DMIC DMS Commissioning-master'!$B$6:$B$65,0))=0,"",INDEX('DMIC DMS Commissioning-master'!$O$6:$O$65,MATCH($B16,'DMIC DMS Commissioning-master'!$B$6:$B$65,0)))),"") | G16: =IFERROR(IF($B16="","",INDEX('DMIC DMS Commissioning-master'!$U$6:$U$65,MATCH($B16,'DMIC DMS Commissioning-master'!$B$6:$B$65,0))),"") | H16: =IFERROR(IF($B16="","",IF(INDEX('Commissioning Readiness'!$N$6:$N$65,MATCH($B16,'Commissioning Readiness'!$B$6:$B$65,0))=0,"",INDEX('Commissioning Readiness'!$N$6:$N$65,MATCH($B16,'Commissioning Readiness'!$B$6:$B$65,0)))),"") | I16: =IF(OR($B16="",$H16=""),"",$H16-TODAY()) | J16: =IFERROR(IF($B16="","",'DMIC List - master'!P8),"") | K16: =IFERROR(IF($B16="","",'DMIC List - master'!Q8),"") | L16: =IFERROR(IF($B16="","",'DMIC List - master'!U8),"") | M16: =IF($B16="","",IF(OR($G16<>""),IF(OR($G16>=0.6,AND($I16<>"",$I16<0)),"Critical",IF(OR($G16>=0.3,AND($I16<>"",$I16>=0,$I16<=60)),"Watch","On track")),"No data"))
B17: =IFERROR(IF('DMIC List - master'!B9="","",'DMIC List - master'!B9),"") | C17: =IFERROR(IF($B17="","",'DMIC List - master'!C9),"") | D17: =IFERROR(IF($B17="","",'DMIC List - master'!D9),"") | E17: =IFERROR(IF($B17="","",'DMIC List - master'!E9),"") | F17: =IFERROR(IF($B17="","",IF(INDEX('DMIC DMS Commissioning-master'!$O$6:$O$65,MATCH($B17,'DMIC DMS Commissioning-master'!$B$6:$B$65,0))=0,"",INDEX('DMIC DMS Commissioning-master'!$O$6:$O$65,MATCH($B17,'DMIC DMS Commissioning-master'!$B$6:$B$65,0)))),"") | G17: =IFERROR(IF($B17="","",INDEX('DMIC DMS Commissioning-master'!$U$6:$U$65,MATCH($B17,'DMIC DMS Commissioning-master'!$B$6:$B$65,0))),"") | H17: =IFERROR(IF($B17="","",IF(INDEX('Commissioning Readiness'!$N$6:$N$65,MATCH($B17,'Commissioning Readiness'!$B$6:$B$65,0))=0,"",INDEX('Commissioning Readiness'!$N$6:$N$65,MATCH($B17,'Commissioning Readiness'!$B$6:$B$65,0)))),"") | I17: =IF(OR($B17="",$H17=""),"",$H17-TODAY()) | J17: =IFERROR(IF($B17="","",'DMIC List - master'!P9),"") | K17: =IFERROR(IF($B17="","",'DMIC List - master'!Q9),"") | L17: =IFERROR(IF($B17="","",'DMIC List - master'!U9),"") | M17: =IF($B17="","",IF(OR($G17<>""),IF(OR($G17>=0.6,AND($I17<>"",$I17<0)),"Critical",IF(OR($G17>=0.3,AND($I17<>"",$I17>=0,$I17<=60)),"Watch","On track")),"No data"))
B18: =IFERROR(IF('DMIC List - master'!B10="","",'DMIC List - master'!B10),"") | C18: =IFERROR(IF($B18="","",'DMIC List - master'!C10),"") | D18: =IFERROR(IF($B18="","",'DMIC List - master'!D10),"") | E18: =IFERROR(IF($B18="","",'DMIC List - master'!E10),"") | F18: =IFERROR(IF($B18="","",IF(INDEX('DMIC DMS Commissioning-master'!$O$6:$O$65,MATCH($B18,'DMIC DMS Commissioning-master'!$B$6:$B$65,0))=0,"",INDEX('DMIC DMS Commissioning-master'!$O$6:$O$65,MATCH($B18,'DMIC DMS Commissioning-master'!$B$6:$B$65,0)))),"") | G18: =IFERROR(IF($B18="","",INDEX('DMIC DMS Commissioning-master'!$U$6:$U$65,MATCH($B18,'DMIC DMS Commissioning-master'!$B$6:$B$65,0))),"") | H18: =IFERROR(IF($B18="","",IF(INDEX('Commissioning Readiness'!$N$6:$N$65,MATCH($B18,'Commissioning Readiness'!$B$6:$B$65,0))=0,"",INDEX('Commissioning Readiness'!$N$6:$N$65,MATCH($B18,'Commissioning Readiness'!$B$6:$B$65,0)))),"") | I18: =IF(OR($B18="",$H18=""),"",$H18-TODAY()) | J18: =IFERROR(IF($B18="","",'DMIC List - master'!P10),"") | K18: =IFERROR(IF($B18="","",'DMIC List - master'!Q10),"") | L18: =IFERROR(IF($B18="","",'DMIC List - master'!U10),"") | M18: =IF($B18="","",IF(OR($G18<>""),IF(OR($G18>=0.6,AND($I18<>"",$I18<0)),"Critical",IF(OR($G18>=0.3,AND($I18<>"",$I18>=0,$I18<=60)),"Watch","On track")),"No data"))
B19: =IFERROR(IF('DMIC List - master'!B11="","",'DMIC List - master'!B11),"") | C19: =IFERROR(IF($B19="","",'DMIC List - master'!C11),"") | D19: =IFERROR(IF($B19="","",'DMIC List - master'!D11),"") | E19: =IFERROR(IF($B19="","",'DMIC List - master'!E11),"") | F19: =IFERROR(IF($B19="","",IF(INDEX('DMIC DMS Commissioning-master'!$O$6:$O$65,MATCH($B19,'DMIC DMS Commissioning-master'!$B$6:$B$65,0))=0,"",INDEX('DMIC DMS Commissioning-master'!$O$6:$O$65,MATCH($B19,'DMIC DMS Commissioning-master'!$B$6:$B$65,0)))),"") | G19: =IFERROR(IF($B19="","",INDEX('DMIC DMS Commissioning-master'!$U$6:$U$65,MATCH($B19,'DMIC DMS Commissioning-master'!$B$6:$B$65,0))),"") | H19: =IFERROR(IF($B19="","",IF(INDEX('Commissioning Readiness'!$N$6:$N$65,MATCH($B19,'Commissioning Readiness'!$B$6:$B$65,0))=0,"",INDEX('Commissioning Readiness'!$N$6:$N$65,MATCH($B19,'Commissioning Readiness'!$B$6:$B$65,0)))),"") | I19: =IF(OR($B19="",$H19=""),"",$H19-TODAY()) | J19: =IFERROR(IF($B19="","",'DMIC List - master'!P11),"") | K19: =IFERROR(IF($B19="","",'DMIC List - master'!Q11),"") | L19: =IFERROR(IF($B19="","",'DMIC List - master'!U11),"") | M19: =IF($B19="","",IF(OR($G19<>""),IF(OR($G19>=0.6,AND($I19<>"",$I19<0)),"Critical",IF(OR($G19>=0.3,AND($I19<>"",$I19>=0,$I19<=60)),"Watch","On track")),"No data"))
B20: =IFERROR(IF('DMIC List - master'!B12="","",'DMIC List - master'!B12),"") | C20: =IFERROR(IF($B20="","",'DMIC List - master'!C12),"") | D20: =IFERROR(IF($B20="","",'DMIC List - master'!D12),"") | E20: =IFERROR(IF($B20="","",'DMIC List - master'!E12),"") | F20: =IFERROR(IF($B20="","",IF(INDEX('DMIC DMS Commissioning-master'!$O$6:$O$65,MATCH($B20,'DMIC DMS Commissioning-master'!$B$6:$B$65,0))=0,"",INDEX('DMIC DMS Commissioning-master'!$O$6:$O$65,MATCH($B20,'DMIC DMS Commissioning-master'!$B$6:$B$65,0)))),"") | G20: =IFERROR(IF($B20="","",INDEX('DMIC DMS Commissioning-master'!$U$6:$U$65,MATCH($B20,'DMIC DMS Commissioning-master'!$B$6:$B$65,0))),"") | H20: =IFERROR(IF($B20="","",IF(INDEX('Commissioning Readiness'!$N$6:$N$65,MATCH($B20,'Commissioning Readiness'!$B$6:$B$65,0))=0,"",INDEX('Commissioning Readiness'!$N$6:$N$65,MATCH($B20,'Commissioning Readiness'!$B$6:$B$65,0)))),"") | I20: =IF(OR($B20="",$H20=""),"",$H20-TODAY()) | J20: =IFERROR(IF($B20="","",'DMIC List - master'!P12),"") | K20: =IFERROR(IF($B20="","",'DMIC List - master'!Q12),"") | L20: =IFERROR(IF($B20="","",'DMIC List - master'!U12),"") | M20: =IF($B20="","",IF(OR($G20<>""),IF(OR($G20>=0.6,AND($I20<>"",$I20<0)),"Critical",IF(OR($G20>=0.3,AND($I20<>"",$I20>=0,$I20<=60)),"Watch","On track")),"No data"))
B21: =IFERROR(IF('DMIC List - master'!B13="","",'DMIC List - master'!B13),"") | C21: =IFERROR(IF($B21="","",'DMIC List - master'!C13),"") | D21: =IFERROR(IF($B21="","",'DMIC List - master'!D13),"") | E21: =IFERROR(IF($B21="","",'DMIC List - master'!E13),"") | F21: =IFERROR(IF($B21="","",IF(INDEX('DMIC DMS Commissioning-master'!$O$6:$O$65,MATCH($B21,'DMIC DMS Commissioning-master'!$B$6:$B$65,0))=0,"",INDEX('DMIC DMS Commissioning-master'!$O$6:$O$65,MATCH($B21,'DMIC DMS Commissioning-master'!$B$6:$B$65,0)))),"") | G21: =IFERROR(IF($B21="","",INDEX('DMIC DMS Commissioning-master'!$U$6:$U$65,MATCH($B21,'DMIC DMS Commissioning-master'!$B$6:$B$65,0))),"") | H21: =IFERROR(IF($B21="","",IF(INDEX('Commissioning Readiness'!$N$6:$N$65,MATCH($B21,'Commissioning Readiness'!$B$6:$B$65,0))=0,"",INDEX('Commissioning Readiness'!$N$6:$N$65,MATCH($B21,'Commissioning Readiness'!$B$6:$B$65,0)))),"") | I21: =IF(OR($B21="",$H21=""),"",$H21-TODAY()) | J21: =IFERROR(IF($B21="","",'DMIC List - master'!P13),"") | K21: =IFERROR(IF($B21="","",'DMIC List - master'!Q13),"") | L21: =IFERROR(IF($B21="","",'DMIC List - master'!U13),"") | M21: =IF($B21="","",IF(OR($G21<>""),IF(OR($G21>=0.6,AND($I21<>"",$I21<0)),"Critical",IF(OR($G21>=0.3,AND($I21<>"",$I21>=0,$I21<=60)),"Watch","On track")),"No data"))
B22: =IFERROR(IF('DMIC List - master'!B14="","",'DMIC List - master'!B14),"") | C22: =IFERROR(IF($B22="","",'DMIC List - master'!C14),"") | D22: =IFERROR(IF($B22="","",'DMIC List - master'!D14),"") | E22: =IFERROR(IF($B22="","",'DMIC List - master'!E14),"") | F22: =IFERROR(IF($B22="","",IF(INDEX('DMIC DMS Commissioning-master'!$O$6:$O$65,MATCH($B22,'DMIC DMS Commissioning-master'!$B$6:$B$65,0))=0,"",INDEX('DMIC DMS Commissioning-master'!$O$6:$O$65,MATCH($B22,'DMIC DMS Commissioning-master'!$B$6:$B$65,0)))),"") | G22: =IFERROR(IF($B22="","",INDEX('DMIC DMS Commissioning-master'!$U$6:$U$65,MATCH($B22,'DMIC DMS Commissioning-master'!$B$6:$B$65,0))),"") | H22: =IFERROR(IF($B22="","",IF(INDEX('Commissioning Readiness'!$N$6:$N$65,MATCH($B22,'Commissioning Readiness'!$B$6:$B$65,0))=0,"",INDEX('Commissioning Readiness'!$N$6:$N$65,MATCH($B22,'Commissioning Readiness'!$B$6:$B$65,0)))),"") | I22: =IF(OR($B22="",$H22=""),"",$H22-TODAY()) | J22: =IFERROR(IF($B22="","",'DMIC List - master'!P14),"") | K22: =IFERROR(IF($B22="","",'DMIC List - master'!Q14),"") | L22: =IFERROR(IF($B22="","",'DMIC List - master'!U14),"") | M22: =IF($B22="","",IF(OR($G22<>""),IF(OR($G22>=0.6,AND($I22<>"",$I22<0)),"Critical",IF(OR($G22>=0.3,AND($I22<>"",$I22>=0,$I22<=60)),"Watch","On track")),"No data"))
B23: =IFERROR(IF('DMIC List - master'!B15="","",'DMIC List - master'!B15),"") | C23: =IFERROR(IF($B23="","",'DMIC List - master'!C15),"") | D23: =IFERROR(IF($B23="","",'DMIC List - master'!D15),"") | E23: =IFERROR(IF($B23="","",'DMIC List - master'!E15),"") | F23: =IFERROR(IF($B23="","",IF(INDEX('DMIC DMS Commissioning-master'!$O$6:$O$65,MATCH($B23,'DMIC DMS Commissioning-master'!$B$6:$B$65,0))=0,"",INDEX('DMIC DMS Commissioning-master'!$O$6:$O$65,MATCH($B23,'DMIC DMS Commissioning-master'!$B$6:$B$65,0)))),"") | G23: =IFERROR(IF($B23="","",INDEX('DMIC DMS Commissioning-master'!$U$6:$U$65,MATCH($B23,'DMIC DMS Commissioning-master'!$B$6:$B$65,0))),"") | H23: =IFERROR(IF($B23="","",IF(INDEX('Commissioning Readiness'!$N$6:$N$65,MATCH($B23,'Commissioning Readiness'!$B$6:$B$65,0))=0,"",INDEX('Commissioning Readiness'!$N$6:$N$65,MATCH($B23,'Commissioning Readiness'!$B$6:$B$65,0)))),"") | I23: =IF(OR($B23="",$H23=""),"",$H23-TODAY()) | J23: =IFERROR(IF($B23="","",'DMIC List - master'!P15),"") | K23: =IFERROR(IF($B23="","",'DMIC List - master'!Q15),"") | L23: =IFERROR(IF($B23="","",'DMIC List - master'!U15),"") | M23: =IF($B23="","",IF(OR($G23<>""),IF(OR($G23>=0.6,AND($I23<>"",$I23<0)),"Critical",IF(OR($G23>=0.3,AND($I23<>"",$I23>=0,$I23<=60)),"Watch","On track")),"No data"))
B24: =IFERROR(IF('DMIC List - master'!B16="","",'DMIC List - master'!B16),"") | C24: =IFERROR(IF($B24="","",'DMIC List - master'!C16),"") | D24: =IFERROR(IF($B24="","",'DMIC List - master'!D16),"") | E24: =IFERROR(IF($B24="","",'DMIC List - master'!E16),"") | F24: =IFERROR(IF($B24="","",IF(INDEX('DMIC DMS Commissioning-master'!$O$6:$O$65,MATCH($B24,'DMIC DMS Commissioning-master'!$B$6:$B$65,0))=0,"",INDEX('DMIC DMS Commissioning-master'!$O$6:$O$65,MATCH($B24,'DMIC DMS Commissioning-master'!$B$6:$B$65,0)))),"") | G24: =IFERROR(IF($B24="","",INDEX('DMIC DMS Commissioning-master'!$U$6:$U$65,MATCH($B24,'DMIC DMS Commissioning-master'!$B$6:$B$65,0))),"") | H24: =IFERROR(IF($B24="","",IF(INDEX('Commissioning Readiness'!$N$6:$N$65,MATCH($B24,'Commissioning Readiness'!$B$6:$B$65,0))=0,"",INDEX('Commissioning Readiness'!$N$6:$N$65,MATCH($B24,'Commissioning Readiness'!$B$6:$B$65,0)))),"") | I24: =IF(OR($B24="",$H24=""),"",$H24-TODAY()) | J24: =IFERROR(IF($B24="","",'DMIC List - master'!P16),"") | K24: =IFERROR(IF($B24="","",'DMIC List - master'!Q16),"") | L24: =IFERROR(IF($B24="","",'DMIC List - master'!U16),"") | M24: =IF($B24="","",IF(OR($G24<>""),IF(OR($G24>=0.6,AND($I24<>"",$I24<0)),"Critical",IF(OR($G24>=0.3,AND($I24<>"",$I24>=0,$I24<=60)),"Watch","On track")),"No data"))
B25: =IFERROR(IF('DMIC List - master'!B17="","",'DMIC List - master'!B17),"") | C25: =IFERROR(IF($B25="","",'DMIC List - master'!C17),"") | D25: =IFERROR(IF($B25="","",'DMIC List - master'!D17),"") | E25: =IFERROR(IF($B25="","",'DMIC List - master'!E17),"") | F25: =IFERROR(IF($B25="","",IF(INDEX('DMIC DMS Commissioning-master'!$O$6:$O$65,MATCH($B25,'DMIC DMS Commissioning-master'!$B$6:$B$65,0))=0,"",INDEX('DMIC DMS Commissioning-master'!$O$6:$O$65,MATCH($B25,'DMIC DMS Commissioning-master'!$B$6:$B$65,0)))),"") | G25: =IFERROR(IF($B25="","",INDEX('DMIC DMS Commissioning-master'!$U$6:$U$65,MATCH($B25,'DMIC DMS Commissioning-master'!$B$6:$B$65,0))),"") | H25: =IFERROR(IF($B25="","",IF(INDEX('Commissioning Readiness'!$N$6:$N$65,MATCH($B25,'Commissioning Readiness'!$B$6:$B$65,0))=0,"",INDEX('Commissioning Readiness'!$N$6:$N$65,MATCH($B25,'Commissioning Readiness'!$B$6:$B$65,0)))),"") | I25: =IF(OR($B25="",$H25=""),"",$H25-TODAY()) | J25: =IFERROR(IF($B25="","",'DMIC List - master'!P17),"") | K25: =IFERROR(IF($B25="","",'DMIC List - master'!Q17),"") | L25: =IFERROR(IF($B25="","",'DMIC List - master'!U17),"") | M25: =IF($B25="","",IF(OR($G25<>""),IF(OR($G25>=0.6,AND($I25<>"",$I25<0)),"Critical",IF(OR($G25>=0.3,AND($I25<>"",$I25>=0,$I25<=60)),"Watch","On track")),"No data"))
... B73: =IFERROR(IF('DMIC List - master'!B65="","",'DMIC List - master'!B65),"") | C73: =IFERROR(IF($B73="","",'DMIC List - master'!C65),"") | D73: =IFERROR(IF($B73="","",'DMIC List - master'!D65),"") | E73: =IFERROR(IF($B73="","",'DMIC List - master'!E65),"") | F73: =IFERROR(IF($B73="","",IF(INDEX('DMIC DMS Commissioning-master'!$O$6:$O$65,MATCH($B73,'DMIC DMS Commissioning-master'!$B$6:$B$65,0))=0,"",INDEX('DMIC DMS Commissioning-master'!$O$6:$O$65,MATCH($B73,'DMIC DMS Commissioning-master'!$B$6:$B$65,0)))),"") | G73: =IFERROR(IF($B73="","",INDEX('DMIC DMS Commissioning-master'!$U$6:$U$65,MATCH($B73,'DMIC DMS Commissioning-master'!$B$6:$B$65,0))),"") | H73: =IFERROR(IF($B73="","",IF(INDEX('Commissioning Readiness'!$N$6:$N$65,MATCH($B73,'Commissioning Readiness'!$B$6:$B$65,0))=0,"",INDEX('Commissioning Readiness'!$N$6:$N$65,MATCH($B73,'Commissioning Readiness'!$B$6:$B$65,0)))),"") | I73: =IF(OR($B73="",$H73=""),"",$H73-TODAY()) | J73: =IFERROR(IF($B73="","",'DMIC List - master'!P65),"") | K73: =IFERROR(IF($B73="","",'DMIC List - master'!Q65),"") | L73: =IFERROR(IF($B73="","",'DMIC List - master'!U65),"") | M73: =IF($B73="","",IF(OR($G73<>""),IF(OR($G73>=0.6,AND($I73<>"",$I73<0)),"Critical",IF(OR($G73>=0.3,AND($I73<>"",$I73>=0,$I73<=60)),"Watch","On track")),"No data"))

Sheet DMIC List - master
B2: Contracts
B3: Single source of truth — contract identity and key personnel. Every other tab looks this up, never retypes it.
B4: Contract Information | K4: Key Personnel | W4: Notes
B5: Contract Number | C5: Area | D5: Contractor | E5: Description | F5: Programme | G5: Contract Type | H5: Contract Form | I5: Contractor Commissioning Level | K5: Delivery Manager | L5: Senior Project Manager | M5: PM / APM | N5: Commercial Lead | O5: Commercial Manager | P5: Commissioning Engineer | Q5: Commissioning Manager | R5: Quality Management Lead | S5: Contractor Project Director / Manager | T5: Contractor Construction / Site Manager | U5: DMIC Co-ordinator | W5: Notes
B6: UK-EX01 | C6: Nuclear Island | D6: REEL (formerly NFM) | E6: Airlocks | F6: FH&L | G6: FIDIC - DMIC | H6: Two-Stage | I6: Full | K6: David Munro | L6: Keith Nailard | M6: James Fayemiwo | N6: John Gallagher | O6: John Gallagher | P6: Adrian Kraemer | Q6: Feng Liu | R6: Priya Anand | S6: Kevin McDevitt | T6: Leigh Yule | U6: Sofia Marchetti
B7: UK-EX02 | C7: Conventional Island and BOP | D7: APCO | E7: Polar Crane | F7: FH&L | G7: FIDIC - DMIC | H7: Single-Stage | I7: Partial | K7: David Munro | L7: Keith Nailard | M7: Simon Stacey | N7: John Gallagher | O7: Richard Brown | P7: Richard Brown | Q7: Leigh Yule | R7: Priya Anand | S7: Kevin McDevitt | T7: Leigh Yule | U7: Sofia Marchetti
B8: UK-EX03 | C8: Site Wide / I&C | D8: Balfour Beatty | E8: Control Systems Integration | F8: I&C | G8: NEC4 | H8: Two-Stage | I8: Support Only | K8: David Munro | L8: Keith Nailard | M8: Stuart Cameron | N8: John Gallagher | O8: Gustavo Aguilar | P8: Samuel Everett | Q8: Leigh Yule | R8: Priya Anand | S8: Kevin McDevitt | T8: Leigh Yule | U8: Sofia Marchetti

Sheet Commissioning Readiness
B2: Schedule & Status | O2: Today's Date: | P2: =TODAY()
B3: Contract Number, contractor and key personnel are live look-ups from Contracts — never retyped here.
B4: Contract Information | G4: Key Personnel | K4: Schedule | S4: DMIC Kick-off | V4: Commissioning Contract Status | Z4: Software
B5: Contract Number | C5: Area | D5: Contractor | E5: Description | G5: Commissioning Engineer | H5: Commissioning Manager | I5: DMIC Co-ordinator | K5: First Date - as per P6 Schedule | L5: Date Changes (editable) | M5: Driver / Comment | N5: Next Phase Date (if in flight) | O5: Driver | P5: T - X Months | Q5: Schedule in P6 | S5: T-18 Kick-off Meeting Date (Incl. PM & Comm.) | T5: T-12 Kick-off Meeting Date (Contractor) | V5: Appendix 4 Revision CBL100100449 | W5: Appendix 4 - contract specific | X5: Appendix 4 Comments | Z5: NCRs on Switch | AA5: FCRs on Switch | AB5: Sonims | AC5: Open Points | AD5: TMDs | AE5: Standards & Expectations Day | AG5: Applicable System Codes
B6: =IF('DMIC List - master'!B6="","",'DMIC List - master'!B6) | C6: =IFERROR(IF(INDEX('DMIC List - master'!$C:$C,MATCH($B6,CONTRACT_ID,0)+5)="","",INDEX('DMIC List - master'!$C:$C,MATCH($B6,CONTRACT_ID,0)+5)),"") | D6: =IFERROR(IF(INDEX('DMIC List - master'!$D:$D,MATCH($B6,CONTRACT_ID,0)+5)="","",INDEX('DMIC List - master'!$D:$D,MATCH($B6,CONTRACT_ID,0)+5)),"") | E6: =IFERROR(IF(INDEX('DMIC List - master'!$E:$E,MATCH($B6,CONTRACT_ID,0)+5)="","",INDEX('DMIC List - master'!$E:$E,MATCH($B6,CONTRACT_ID,0)+5)),"") | G6: =IFERROR(IF(INDEX('DMIC List - master'!$P:$P,MATCH($B6,CONTRACT_ID,0)+5)="","",INDEX('DMIC List - master'!$P:$P,MATCH($B6,CONTRACT_ID,0)+5)),"") | H6: =IFERROR(IF(INDEX('DMIC List - master'!$Q:$Q,MATCH($B6,CONTRACT_ID,0)+5)="","",INDEX('DMIC List - master'!$Q:$Q,MATCH($B6,CONTRACT_ID,0)+5)),"") | I6: =IFERROR(IF(INDEX('DMIC List - master'!$U:$U,MATCH($B6,CONTRACT_ID,0)+5)="","",INDEX('DMIC List - master'!$U:$U,MATCH($B6,CONTRACT_ID,0)+5)),"") | K6: 46447 | N6: 46492 | O6: Next Phase kick-off | P6: =IFERROR(IF($B6="","",IF(N6<>"",(N6-$P$2)/30,IF(K6<>"",(K6-$P$2)/30,""))),"") | S6: 45944 | T6: 46127 | AG6: =IFERROR(IF($B6="","",IF(INDEX('DMIC DMS Commissioning-master'!$Z$6:$Z$65,MATCH($B6,'DMIC DMS Commissioning-master'!$B$6:$B$65,0))=0,"",INDEX('DMIC DMS Commissioning-master'!$Z$6:$Z$65,MATCH($B6,'DMIC DMS Commissioning-master'!$B$6:$B$65,0)))),"")
B7: =IF('DMIC List - master'!B7="","",'DMIC List - master'!B7) | C7: =IFERROR(IF(INDEX('DMIC List - master'!$C:$C,MATCH($B7,CONTRACT_ID,0)+5)="","",INDEX('DMIC List - master'!$C:$C,MATCH($B7,CONTRACT_ID,0)+5)),"") | D7: =IFERROR(IF(INDEX('DMIC List - master'!$D:$D,MATCH($B7,CONTRACT_ID,0)+5)="","",INDEX('DMIC List - master'!$D:$D,MATCH($B7,CONTRACT_ID,0)+5)),"") | E7: =IFERROR(IF(INDEX('DMIC List - master'!$E:$E,MATCH($B7,CONTRACT_ID,0)+5)="","",INDEX('DMIC List - master'!$E:$E,MATCH($B7,CONTRACT_ID,0)+5)),"") | G7: =IFERROR(IF(INDEX('DMIC List - master'!$P:$P,MATCH($B7,CONTRACT_ID,0)+5)="","",INDEX('DMIC List - master'!$P:$P,MATCH($B7,CONTRACT_ID,0)+5)),"") | H7: =IFERROR(IF(INDEX('DMIC List - master'!$Q:$Q,MATCH($B7,CONTRACT_ID,0)+5)="","",INDEX('DMIC List - master'!$Q:$Q,MATCH($B7,CONTRACT_ID,0)+5)),"") | I7: =IFERROR(IF(INDEX('DMIC List - master'!$U:$U,MATCH($B7,CONTRACT_ID,0)+5)="","",INDEX('DMIC List - master'!$U:$U,MATCH($B7,CONTRACT_ID,0)+5)),"") | K7: 46327 | N7: 46297 | O7: T-12 kick-off overdue | P7: =IFERROR(IF($B7="","",IF(N7<>"",(N7-$P$2)/30,IF(K7<>"",(K7-$P$2)/30,""))),"") | S7: 45749 | T7: 45932 | AG7: =IFERROR(IF($B7="","",IF(INDEX('DMIC DMS Commissioning-master'!$Z$6:$Z$65,MATCH($B7,'DMIC DMS Commissioning-master'!$B$6:$B$65,0))=0,"",INDEX('DMIC DMS Commissioning-master'!$Z$6:$Z$65,MATCH($B7,'DMIC DMS Commissioning-master'!$B$6:$B$65,0)))),"")
B8: =IF('DMIC List - master'!B8="","",'DMIC List - master'!B8) | C8: =IFERROR(IF(INDEX('DMIC List - master'!$C:$C,MATCH($B8,CONTRACT_ID,0)+5)="","",INDEX('DMIC List - master'!$C:$C,MATCH($B8,CONTRACT_ID,0)+5)),"") | D8: =IFERROR(IF(INDEX('DMIC List - master'!$D:$D,MATCH($B8,CONTRACT_ID,0)+5)="","",INDEX('DMIC List - master'!$D:$D,MATCH($B8,CONTRACT_ID,0)+5)),"") | E8: =IFERROR(IF(INDEX('DMIC List - master'!$E:$E,MATCH($B8,CONTRACT_ID,0)+5)="","",INDEX('DMIC List - master'!$E:$E,MATCH($B8,CONTRACT_ID,0)+5)),"") | G8: =IFERROR(IF(INDEX('DMIC List - master'!$P:$P,MATCH($B8,CONTRACT_ID,0)+5)="","",INDEX('DMIC List - master'!$P:$P,MATCH($B8,CONTRACT_ID,0)+5)),"") | H8: =IFERROR(IF(INDEX('DMIC List - master'!$Q:$Q,MATCH($B8,CONTRACT_ID,0)+5)="","",INDEX('DMIC List - master'!$Q:$Q,MATCH($B8,CONTRACT_ID,0)+5)),"") | I8: =IFERROR(IF(INDEX('DMIC List - master'!$U:$U,MATCH($B8,CONTRACT_ID,0)+5)="","",INDEX('DMIC List - master'!$U:$U,MATCH($B8,CONTRACT_ID,0)+5)),"") | K8: 46631 | N8: 46295 | O8: Standards & Expectations Day booked | P8: =IFERROR(IF($B8="","",IF(N8<>"",(N8-$P$2)/30,IF(K8<>"",(K8-$P$2)/30,""))),"") | S8: 45747 | T8: 45930 | AG8: =IFERROR(IF($B8="","",IF(INDEX('DMIC DMS Commissioning-master'!$Z$6:$Z$65,MATCH($B8,'DMIC DMS Commissioning-master'!$B$6:$B$65,0))=0,"",INDEX('DMIC DMS Commissioning-master'!$Z$6:$Z$65,MATCH($B8,'DMIC DMS Commissioning-master'!$B$6:$B$65,0)))),"")
B9: =IF('DMIC List - master'!B9="","",'DMIC List - master'!B9) | C9: =IFERROR(IF(INDEX('DMIC List - master'!$C:$C,MATCH($B9,CONTRACT_ID,0)+5)="","",INDEX('DMIC List - master'!$C:$C,MATCH($B9,CONTRACT_ID,0)+5)),"") | D9: =IFERROR(IF(INDEX('DMIC List - master'!$D:$D,MATCH($B9,CONTRACT_ID,0)+5)="","",INDEX('DMIC List - master'!$D:$D,MATCH($B9,CONTRACT_ID,0)+5)),"") | E9: =IFERROR(IF(INDEX('DMIC List - master'!$E:$E,MATCH($B9,CONTRACT_ID,0)+5)="","",INDEX('DMIC List - master'!$E:$E,MATCH($B9,CONTRACT_ID,0)+5)),"") | G9: =IFERROR(IF(INDEX('DMIC List - master'!$P:$P,MATCH($B9,CONTRACT_ID,0)+5)="","",INDEX('DMIC List - master'!$P:$P,MATCH($B9,CONTRACT_ID,0)+5)),"") | H9: =IFERROR(IF(INDEX('DMIC List - master'!$Q:$Q,MATCH($B9,CONTRACT_ID,0)+5)="","",INDEX('DMIC List - master'!$Q:$Q,MATCH($B9,CONTRACT_ID,0)+5)),"") | I9: =IFERROR(IF(INDEX('DMIC List - master'!$U:$U,MATCH($B9,CONTRACT_ID,0)+5)="","",INDEX('DMIC List - master'!$U:$U,MATCH($B9,CONTRACT_ID,0)+5)),"") | P9: =IFERROR(IF($B9="","",IF(N9<>"",(N9-$P$2)/30,IF(K9<>"",(K9-$P$2)/30,""))),"") | AG9: =IFERROR(IF($B9="","",IF(INDEX('DMIC DMS Commissioning-master'!$Z$6:$Z$65,MATCH($B9,'DMIC DMS Commissioning-master'!$B$6:$B$65,0))=0,"",INDEX('DMIC DMS Commissioning-master'!$Z$6:$Z$65,MATCH($B9,'DMIC DMS Commissioning-master'!$B$6:$B$65,0)))),"")
B10: =IF('DMIC List - master'!B10="","",'DMIC List - master'!B10) | C10: =IFERROR(IF(INDEX('DMIC List - master'!$C:$C,MATCH($B10,CONTRACT_ID,0)+5)="","",INDEX('DMIC List - master'!$C:$C,MATCH($B10,CONTRACT_ID,0)+5)),"") | D10: =IFERROR(IF(INDEX('DMIC List - master'!$D:$D,MATCH($B10,CONTRACT_ID,0)+5)="","",INDEX('DMIC List - master'!$D:$D,MATCH($B10,CONTRACT_ID,0)+5)),"") | E10: =IFERROR(IF(INDEX('DMIC List - master'!$E:$E,MATCH($B10,CONTRACT_ID,0)+5)="","",INDEX('DMIC List - master'!$E:$E,MATCH($B10,CONTRACT_ID,0)+5)),"") | G10: =IFERROR(IF(INDEX('DMIC List - master'!$P:$P,MATCH($B10,CONTRACT_ID,0)+5)="","",INDEX('DMIC List - master'!$P:$P,MATCH($B10,CONTRACT_ID,0)+5)),"") | H10: =IFERROR(IF(INDEX('DMIC List - master'!$Q:$Q,MATCH($B10,CONTRACT_ID,0)+5)="","",INDEX('DMIC List - master'!$Q:$Q,MATCH($B10,CONTRACT_ID,0)+5)),"") | I10: =IFERROR(IF(INDEX('DMIC List - master'!$U:$U,MATCH($B10,CONTRACT_ID,0)+5)="","",INDEX('DMIC List - master'!$U:$U,MATCH($B10,CONTRACT_ID,0)+5)),"") | P10: =IFERROR(IF($B10="","",IF(N10<>"",(N10-$P$2)/30,IF(K10<>"",(K10-$P$2)/30,""))),"") | AG10: =IFERROR(IF($B10="","",IF(INDEX('DMIC DMS Commissioning-master'!$Z$6:$Z$65,MATCH($B10,'DMIC DMS Commissioning-master'!$B$6:$B$65,0))=0,"",INDEX('DMIC DMS Commissioning-master'!$Z$6:$Z$65,MATCH($B10,'DMIC DMS Commissioning-master'!$B$6:$B$65,0)))),"")
B11: =IF('DMIC List - master'!B11="","",'DMIC List - master'!B11) | C11: =IFERROR(IF(INDEX('DMIC List - master'!$C:$C,MATCH($B11,CONTRACT_ID,0)+5)="","",INDEX('DMIC List - master'!$C:$C,MATCH($B11,CONTRACT_ID,0)+5)),"") | D11: =IFERROR(IF(INDEX('DMIC List - master'!$D:$D,MATCH($B11,CONTRACT_ID,0)+5)="","",INDEX('DMIC List - master'!$D:$D,MATCH($B11,CONTRACT_ID,0)+5)),"") | E11: =IFERROR(IF(INDEX('DMIC List - master'!$E:$E,MATCH($B11,CONTRACT_ID,0)+5)="","",INDEX('DMIC List - master'!$E:$E,MATCH($B11,CONTRACT_ID,0)+5)),"") | G11: =IFERROR(IF(INDEX('DMIC List - master'!$P:$P,MATCH($B11,CONTRACT_ID,0)+5)="","",INDEX('DMIC List - master'!$P:$P,MATCH($B11,CONTRACT_ID,0)+5)),"") | H11: =IFERROR(IF(INDEX('DMIC List - master'!$Q:$Q,MATCH($B11,CONTRACT_ID,0)+5)="","",INDEX('DMIC List - master'!$Q:$Q,MATCH($B11,CONTRACT_ID,0)+5)),"") | I11: =IFERROR(IF(INDEX('DMIC List - master'!$U:$U,MATCH($B11,CONTRACT_ID,0)+5)="","",INDEX('DMIC List - master'!$U:$U,MATCH($B11,CONTRACT_ID,0)+5)),"") | P11: =IFERROR(IF($B11="","",IF(N11<>"",(N11-$P$2)/30,IF(K11<>"",(K11-$P$2)/30,""))),"") | AG11: =IFERROR(IF($B11="","",IF(INDEX('DMIC DMS Commissioning-master'!$Z$6:$Z$65,MATCH($B11,'DMIC DMS Commissioning-master'!$B$6:$B$65,0))=0,"",INDEX('DMIC DMS Commissioning-master'!$Z$6:$Z$65,MATCH($B11,'DMIC DMS Commissioning-master'!$B$6:$B$65,0)))),"")
B12: =IF('DMIC List - master'!B12="","",'DMIC List - master'!B12) | C12: =IFERROR(IF(INDEX('DMIC List - master'!$C:$C,MATCH($B12,CONTRACT_ID,0)+5)="","",INDEX('DMIC List - master'!$C:$C,MATCH($B12,CONTRACT_ID,0)+5)),"") | D12: =IFERROR(IF(INDEX('DMIC List - master'!$D:$D,MATCH($B12,CONTRACT_ID,0)+5)="","",INDEX('DMIC List - master'!$D:$D,MATCH($B12,CONTRACT_ID,0)+5)),"") | E12: =IFERROR(IF(INDEX('DMIC List - master'!$E:$E,MATCH($B12,CONTRACT_ID,0)+5)="","",INDEX('DMIC List - master'!$E:$E,MATCH($B12,CONTRACT_ID,0)+5)),"") | G12: =IFERROR(IF(INDEX('DMIC List - master'!$P:$P,MATCH($B12,CONTRACT_ID,0)+5)="","",INDEX('DMIC List - master'!$P:$P,MATCH($B12,CONTRACT_ID,0)+5)),"") | H12: =IFERROR(IF(INDEX('DMIC List - master'!$Q:$Q,MATCH($B12,CONTRACT_ID,0)+5)="","",INDEX('DMIC List - master'!$Q:$Q,MATCH($B12,CONTRACT_ID,0)+5)),"") | I12: =IFERROR(IF(INDEX('DMIC List - master'!$U:$U,MATCH($B12,CONTRACT_ID,0)+5)="","",INDEX('DMIC List - master'!$U:$U,MATCH($B12,CONTRACT_ID,0)+5)),"") | P12: =IFERROR(IF($B12="","",IF(N12<>"",(N12-$P$2)/30,IF(K12<>"",(K12-$P$2)/30,""))),"") | AG12: =IFERROR(IF($B12="","",IF(INDEX('DMIC DMS Commissioning-master'!$Z$6:$Z$65,MATCH($B12,'DMIC DMS Commissioning-master'!$B$6:$B$65,0))=0,"",INDEX('DMIC DMS Commissioning-master'!$Z$6:$Z$65,MATCH($B12,'DMIC DMS Commissioning-master'!$B$6:$B$65,0)))),"")
B13: =IF('DMIC List - master'!B13="","",'DMIC List - master'!B13) | C13: =IFERROR(IF(INDEX('DMIC List - master'!$C:$C,MATCH($B13,CONTRACT_ID,0)+5)="","",INDEX('DMIC List - master'!$C:$C,MATCH($B13,CONTRACT_ID,0)+5)),"") | D13: =IFERROR(IF(INDEX('DMIC List - master'!$D:$D,MATCH($B13,CONTRACT_ID,0)+5)="","",INDEX('DMIC List - master'!$D:$D,MATCH($B13,CONTRACT_ID,0)+5)),"") | E13: =IFERROR(IF(INDEX('DMIC List - master'!$E:$E,MATCH($B13,CONTRACT_ID,0)+5)="","",INDEX('DMIC List - master'!$E:$E,MATCH($B13,CONTRACT_ID,0)+5)),"") | G13: =IFERROR(IF(INDEX('DMIC List - master'!$P:$P,MATCH($B13,CONTRACT_ID,0)+5)="","",INDEX('DMIC List - master'!$P:$P,MATCH($B13,CONTRACT_ID,0)+5)),"") | H13: =IFERROR(IF(INDEX('DMIC List - master'!$Q:$Q,MATCH($B13,CONTRACT_ID,0)+5)="","",INDEX('DMIC List - master'!$Q:$Q,MATCH($B13,CONTRACT_ID,0)+5)),"") | I13: =IFERROR(IF(INDEX('DMIC List - master'!$U:$U,MATCH($B13,CONTRACT_ID,0)+5)="","",INDEX('DMIC List - master'!$U:$U,MATCH($B13,CONTRACT_ID,0)+5)),"") | P13: =IFERROR(IF($B13="","",IF(N13<>"",(N13-$P$2)/30,IF(K13<>"",(K13-$P$2)/30,""))),"") | AG13: =IFERROR(IF($B13="","",IF(INDEX('DMIC DMS Commissioning-master'!$Z$6:$Z$65,MATCH($B13,'DMIC DMS Commissioning-master'!$B$6:$B$65,0))=0,"",INDEX('DMIC DMS Commissioning-master'!$Z$6:$Z$65,MATCH($B13,'DMIC DMS Commissioning-master'!$B$6:$B$65,0)))),"")
B14: =IF('DMIC List - master'!B14="","",'DMIC List - master'!B14) | C14: =IFERROR(IF(INDEX('DMIC List - master'!$C:$C,MATCH($B14,CONTRACT_ID,0)+5)="","",INDEX('DMIC List - master'!$C:$C,MATCH($B14,CONTRACT_ID,0)+5)),"") | D14: =IFERROR(IF(INDEX('DMIC List - master'!$D:$D,MATCH($B14,CONTRACT_ID,0)+5)="","",INDEX('DMIC List - master'!$D:$D,MATCH($B14,CONTRACT_ID,0)+5)),"") | E14: =IFERROR(IF(INDEX('DMIC List - master'!$E:$E,MATCH($B14,CONTRACT_ID,0)+5)="","",INDEX('DMIC List - master'!$E:$E,MATCH($B14,CONTRACT_ID,0)+5)),"") | G14: =IFERROR(IF(INDEX('DMIC List - master'!$P:$P,MATCH($B14,CONTRACT_ID,0)+5)="","",INDEX('DMIC List - master'!$P:$P,MATCH($B14,CONTRACT_ID,0)+5)),"") | H14: =IFERROR(IF(INDEX('DMIC List - master'!$Q:$Q,MATCH($B14,CONTRACT_ID,0)+5)="","",INDEX('DMIC List - master'!$Q:$Q,MATCH($B14,CONTRACT_ID,0)+5)),"") | I14: =IFERROR(IF(INDEX('DMIC List - master'!$U:$U,MATCH($B14,CONTRACT_ID,0)+5)="","",INDEX('DMIC List - master'!$U:$U,MATCH($B14,CONTRACT_ID,0)+5)),"") | P14: =IFERROR(IF($B14="","",IF(N14<>"",(N14-$P$2)/30,IF(K14<>"",(K14-$P$2)/30,""))),"") | AG14: =IFERROR(IF($B14="","",IF(INDEX('DMIC DMS Commissioning-master'!$Z$6:$Z$65,MATCH($B14,'DMIC DMS Commissioning-master'!$B$6:$B$65,0))=0,"",INDEX('DMIC DMS Commissioning-master'!$Z$6:$Z$65,MATCH($B14,'DMIC DMS Commissioning-master'!$B$6:$B$65,0)))),"")
B15: =IF('DMIC List - master'!B15="","",'DMIC List - master'!B15) | C15: =IFERROR(IF(INDEX('DMIC List - master'!$C:$C,MATCH($B15,CONTRACT_ID,0)+5)="","",INDEX('DMIC List - master'!$C:$C,MATCH($B15,CONTRACT_ID,0)+5)),"") | D15: =IFERROR(IF(INDEX('DMIC List - master'!$D:$D,MATCH($B15,CONTRACT_ID,0)+5)="","",INDEX('DMIC List - master'!$D:$D,MATCH($B15,CONTRACT_ID,0)+5)),"") | E15: =IFERROR(IF(INDEX('DMIC List - master'!$E:$E,MATCH($B15,CONTRACT_ID,0)+5)="","",INDEX('DMIC List - master'!$E:$E,MATCH($B15,CONTRACT_ID,0)+5)),"") | G15: =IFERROR(IF(INDEX('DMIC List - master'!$P:$P,MATCH($B15,CONTRACT_ID,0)+5)="","",INDEX('DMIC List - master'!$P:$P,MATCH($B15,CONTRACT_ID,0)+5)),"") | H15: =IFERROR(IF(INDEX('DMIC List - master'!$Q:$Q,MATCH($B15,CONTRACT_ID,0)+5)="","",INDEX('DMIC List - master'!$Q:$Q,MATCH($B15,CONTRACT_ID,0)+5)),"") | I15: =IFERROR(IF(INDEX('DMIC List - master'!$U:$U,MATCH($B15,CONTRACT_ID,0)+5)="","",INDEX('DMIC List - master'!$U:$U,MATCH($B15,CONTRACT_ID,0)+5)),"") | P15: =IFERROR(IF($B15="","",IF(N15<>"",(N15-$P$2)/30,IF(K15<>"",(K15-$P$2)/30,""))),"") | AG15: =IFERROR(IF($B15="","",IF(INDEX('DMIC DMS Commissioning-master'!$Z$6:$Z$65,MATCH($B15,'DMIC DMS Commissioning-master'!$B$6:$B$65,0))=0,"",INDEX('DMIC DMS Commissioning-master'!$Z$6:$Z$65,MATCH($B15,'DMIC DMS Commissioning-master'!$B$6:$B$65,0)))),"")
B16: =IF('DMIC List - master'!B16="","",'DMIC List - master'!B16) | C16: =IFERROR(IF(INDEX('DMIC List - master'!$C:$C,MATCH($B16,CONTRACT_ID,0)+5)="","",INDEX('DMIC List - master'!$C:$C,MATCH($B16,CONTRACT_ID,0)+5)),"") | D16: =IFERROR(IF(INDEX('DMIC List - master'!$D:$D,MATCH($B16,CONTRACT_ID,0)+5)="","",INDEX('DMIC List - master'!$D:$D,MATCH($B16,CONTRACT_ID,0)+5)),"") | E16: =IFERROR(IF(INDEX('DMIC List - master'!$E:$E,MATCH($B16,CONTRACT_ID,0)+5)="","",INDEX('DMIC List - master'!$E:$E,MATCH($B16,CONTRACT_ID,0)+5)),"") | G16: =IFERROR(IF(INDEX('DMIC List - master'!$P:$P,MATCH($B16,CONTRACT_ID,0)+5)="","",INDEX('DMIC List - master'!$P:$P,MATCH($B16,CONTRACT_ID,0)+5)),"") | H16: =IFERROR(IF(INDEX('DMIC List - master'!$Q:$Q,MATCH($B16,CONTRACT_ID,0)+5)="","",INDEX('DMIC List - master'!$Q:$Q,MATCH($B16,CONTRACT_ID,0)+5)),"") | I16: =IFERROR(IF(INDEX('DMIC List - master'!$U:$U,MATCH($B16,CONTRACT_ID,0)+5)="","",INDEX('DMIC List - master'!$U:$U,MATCH($B16,CONTRACT_ID,0)+5)),"") | P16: =IFERROR(IF($B16="","",IF(N16<>"",(N16-$P$2)/30,IF(K16<>"",(K16-$P$2)/30,""))),"") | AG16: =IFERROR(IF($B16="","",IF(INDEX('DMIC DMS Commissioning-master'!$Z$6:$Z$65,MATCH($B16,'DMIC DMS Commissioning-master'!$B$6:$B$65,0))=0,"",INDEX('DMIC DMS Commissioning-master'!$Z$6:$Z$65,MATCH($B16,'DMIC DMS Commissioning-master'!$B$6:$B$65,0)))),"")
B17: =IF('DMIC List - master'!B17="","",'DMIC List - master'!B17) | C17: =IFERROR(IF(INDEX('DMIC List - master'!$C:$C,MATCH($B17,CONTRACT_ID,0)+5)="","",INDEX('DMIC List - master'!$C:$C,MATCH($B17,CONTRACT_ID,0)+5)),"") | D17: =IFERROR(IF(INDEX('DMIC List - master'!$D:$D,MATCH($B17,CONTRACT_ID,0)+5)="","",INDEX('DMIC List - master'!$D:$D,MATCH($B17,CONTRACT_ID,0)+5)),"") | E17: =IFERROR(IF(INDEX('DMIC List - master'!$E:$E,MATCH($B17,CONTRACT_ID,0)+5)="","",INDEX('DMIC List - master'!$E:$E,MATCH($B17,CONTRACT_ID,0)+5)),"") | G17: =IFERROR(IF(INDEX('DMIC List - master'!$P:$P,MATCH($B17,CONTRACT_ID,0)+5)="","",INDEX('DMIC List - master'!$P:$P,MATCH($B17,CONTRACT_ID,0)+5)),"") | H17: =IFERROR(IF(INDEX('DMIC List - master'!$Q:$Q,MATCH($B17,CONTRACT_ID,0)+5)="","",INDEX('DMIC List - master'!$Q:$Q,MATCH($B17,CONTRACT_ID,0)+5)),"") | I17: =IFERROR(IF(INDEX('DMIC List - master'!$U:$U,MATCH($B17,CONTRACT_ID,0)+5)="","",INDEX('DMIC List - master'!$U:$U,MATCH($B17,CONTRACT_ID,0)+5)),"") | P17: =IFERROR(IF($B17="","",IF(N17<>"",(N17-$P$2)/30,IF(K17<>"",(K17-$P$2)/30,""))),"") | AG17: =IFERROR(IF($B17="","",IF(INDEX('DMIC DMS Commissioning-master'!$Z$6:$Z$65,MATCH($B17,'DMIC DMS Commissioning-master'!$B$6:$B$65,0))=0,"",INDEX('DMIC DMS Commissioning-master'!$Z$6:$Z$65,MATCH($B17,'DMIC DMS Commissioning-master'!$B$6:$B$65,0)))),"")
B18: =IF('DMIC List - master'!B18="","",'DMIC List - master'!B18) | C18: =IFERROR(IF(INDEX('DMIC List - master'!$C:$C,MATCH($B18,CONTRACT_ID,0)+5)="","",INDEX('DMIC List - master'!$C:$C,MATCH($B18,CONTRACT_ID,0)+5)),"") | D18: =IFERROR(IF(INDEX('DMIC List - master'!$D:$D,MATCH($B18,CONTRACT_ID,0)+5)="","",INDEX('DMIC List - master'!$D:$D,MATCH($B18,CONTRACT_ID,0)+5)),"") | E18: =IFERROR(IF(INDEX('DMIC List - master'!$E:$E,MATCH($B18,CONTRACT_ID,0)+5)="","",INDEX('DMIC List - master'!$E:$E,MATCH($B18,CONTRACT_ID,0)+5)),"") | G18: =IFERROR(IF(INDEX('DMIC List - master'!$P:$P,MATCH($B18,CONTRACT_ID,0)+5)="","",INDEX('DMIC List - master'!$P:$P,MATCH($B18,CONTRACT_ID,0)+5)),"") | H18: =IFERROR(IF(INDEX('DMIC List - master'!$Q:$Q,MATCH($B18,CONTRACT_ID,0)+5)="","",INDEX('DMIC List - master'!$Q:$Q,MATCH($B18,CONTRACT_ID,0)+5)),"") | I18: =IFERROR(IF(INDEX('DMIC List - master'!$U:$U,MATCH($B18,CONTRACT_ID,0)+5)="","",INDEX('DMIC List - master'!$U:$U,MATCH($B18,CONTRACT_ID,0)+5)),"") | P18: =IFERROR(IF($B18="","",IF(N18<>"",(N18-$P$2)/30,IF(K18<>"",(K18-$P$2)/30,""))),"") | AG18: =IFERROR(IF($B18="","",IF(INDEX('DMIC DMS Commissioning-master'!$Z$6:$Z$65,MATCH($B18,'DMIC DMS Commissioning-master'!$B$6:$B$65,0))=0,"",INDEX('DMIC DMS Commissioning-master'!$Z$6:$Z$65,MATCH($B18,'DMIC DMS Commissioning-master'!$B$6:$B$65,0)))),"")
B19: =IF('DMIC List - master'!B19="","",'DMIC List - master'!B19) | C19: =IFERROR(IF(INDEX('DMIC List - master'!$C:$C,MATCH($B19,CONTRACT_ID,0)+5)="","",INDEX('DMIC List - master'!$C:$C,MATCH($B19,CONTRACT_ID,0)+5)),"") | D19: =IFERROR(IF(INDEX('DMIC List - master'!$D:$D,MATCH($B19,CONTRACT_ID,0)+5)="","",INDEX('DMIC List - master'!$D:$D,MATCH($B19,CONTRACT_ID,0)+5)),"") | E19: =IFERROR(IF(INDEX('DMIC List - master'!$E:$E,MATCH($B19,CONTRACT_ID,0)+5)="","",INDEX('DMIC List - master'!$E:$E,MATCH($B19,CONTRACT_ID,0)+5)),"") | G19: =IFERROR(IF(INDEX('DMIC List - master'!$P:$P,MATCH($B19,CONTRACT_ID,0)+5)="","",INDEX('DMIC List - master'!$P:$P,MATCH($B19,CONTRACT_ID,0)+5)),"") | H19: =IFERROR(IF(INDEX('DMIC List - master'!$Q:$Q,MATCH($B19,CONTRACT_ID,0)+5)="","",INDEX('DMIC List - master'!$Q:$Q,MATCH($B19,CONTRACT_ID,0)+5)),"") | I19: =IFERROR(IF(INDEX('DMIC List - master'!$U:$U,MATCH($B19,CONTRACT_ID,0)+5)="","",INDEX('DMIC List - master'!$U:$U,MATCH($B19,CONTRACT_ID,0)+5)),"") | P19: =IFERROR(IF($B19="","",IF(N19<>"",(N19-$P$2)/30,IF(K19<>"",(K19-$P$2)/30,""))),"") | AG19: =IFERROR(IF($B19="","",IF(INDEX('DMIC DMS Commissioning-master'!$Z$6:$Z$65,MATCH($B19,'DMIC DMS Commissioning-master'!$B$6:$B$65,0))=0,"",INDEX('DMIC DMS Commissioning-master'!$Z$6:$Z$65,MATCH($B19,'DMIC DMS Commissioning-master'!$B$6:$B$65,0)))),"")
B20: =IF('DMIC List - master'!B20="","",'DMIC List - master'!B20) | C20: =IFERROR(IF(INDEX('DMIC List - master'!$C:$C,MATCH($B20,CONTRACT_ID,0)+5)="","",INDEX('DMIC List - master'!$C:$C,MATCH($B20,CONTRACT_ID,0)+5)),"") | D20: =IFERROR(IF(INDEX('DMIC List - master'!$D:$D,MATCH($B20,CONTRACT_ID,0)+5)="","",INDEX('DMIC List - master'!$D:$D,MATCH($B20,CONTRACT_ID,0)+5)),"") | E20: =IFERROR(IF(INDEX('DMIC List - master'!$E:$E,MATCH($B20,CONTRACT_ID,0)+5)="","",INDEX('DMIC List - master'!$E:$E,MATCH($B20,CONTRACT_ID,0)+5)),"") | G20: =IFERROR(IF(INDEX('DMIC List - master'!$P:$P,MATCH($B20,CONTRACT_ID,0)+5)="","",INDEX('DMIC List - master'!$P:$P,MATCH($B20,CONTRACT_ID,0)+5)),"") | H20: =IFERROR(IF(INDEX('DMIC List - master'!$Q:$Q,MATCH($B20,CONTRACT_ID,0)+5)="","",INDEX('DMIC List - master'!$Q:$Q,MATCH($B20,CONTRACT_ID,0)+5)),"") | I20: =IFERROR(IF(INDEX('DMIC List - master'!$U:$U,MATCH($B20,CONTRACT_ID,0)+5)="","",INDEX('DMIC List - master'!$U:$U,MATCH($B20,CONTRACT_ID,0)+5)),"") | P20: =IFERROR(IF($B20="","",IF(N20<>"",(N20-$P$2)/30,IF(K20<>"",(K20-$P$2)/30,""))),"") | AG20: =IFERROR(IF($B20="","",IF(INDEX('DMIC DMS Commissioning-master'!$Z$6:$Z$65,MATCH($B20,'DMIC DMS Commissioning-master'!$B$6:$B$65,0))=0,"",INDEX('DMIC DMS Commissioning-master'!$Z$6:$Z$65,MATCH($B20,'DMIC DMS Commissioning-master'!$B$6:$B$65,0)))),"")
... B65: =IF('DMIC List - master'!B65="","",'DMIC List - master'!B65) | C65: =IFERROR(IF(INDEX('DMIC List - master'!$C:$C,MATCH($B65,CONTRACT_ID,0)+5)="","",INDEX('DMIC List - master'!$C:$C,MATCH($B65,CONTRACT_ID,0)+5)),"") | D65: =IFERROR(IF(INDEX('DMIC List - master'!$D:$D,MATCH($B65,CONTRACT_ID,0)+5)="","",INDEX('DMIC List - master'!$D:$D,MATCH($B65,CONTRACT_ID,0)+5)),"") | E65: =IFERROR(IF(INDEX('DMIC List - master'!$E:$E,MATCH($B65,CONTRACT_ID,0)+5)="","",INDEX('DMIC List - master'!$E:$E,MATCH($B65,CONTRACT_ID,0)+5)),"") | G65: =IFERROR(IF(INDEX('DMIC List - master'!$P:$P,MATCH($B65,CONTRACT_ID,0)+5)="","",INDEX('DMIC List - master'!$P:$P,MATCH($B65,CONTRACT_ID,0)+5)),"") | H65: =IFERROR(IF(INDEX('DMIC List - master'!$Q:$Q,MATCH($B65,CONTRACT_ID,0)+5)="","",INDEX('DMIC List - master'!$Q:$Q,MATCH($B65,CONTRACT_ID,0)+5)),"") | I65: =IFERROR(IF(INDEX('DMIC List - master'!$U:$U,MATCH($B65,CONTRACT_ID,0)+5)="","",INDEX('DMIC List - master'!$U:$U,MATCH($B65,CONTRACT_ID,0)+5)),"") | P65: =IFERROR(IF($B65="","",IF(N65<>"",(N65-$P$2)/30,IF(K65<>"",(K65-$P$2)/30,""))),"") | AG65: =IFERROR(IF($B65="","",IF(INDEX('DMIC DMS Commissioning-master'!$Z$6:$Z$65,MATCH($B65,'DMIC DMS Commissioning-master'!$B$6:$B$65,0))=0,"",INDEX('DMIC DMS Commissioning-master'!$Z$6:$Z$65,MATCH($B65,'DMIC DMS Commissioning-master'!$B$6:$B$65,0)))),"")

Sheet DMIC DMS Commissioning-master
B2: Risk & Phase
B3: Contract identity is a live look-up from Contracts. Total Risk % is calculated from the 4 risk scores.
B4: Contract Information | G4: Key Personnel | K4: Capability & Complexity | N4: Phase | Q4: Risk relating to: | X4: Appendix / Systems
B5: Contract Number | C5: Area | D5: Contractor | E5: Description | G5: Commissioning Engineer | H5: Commissioning Manager | I5: DMIC Co-ordinator | K5: Contractor Capability Rating (10 = highest capability) | L5: Contract Complexity Rating (10 = most simple) | N5: Commissioning Start Date | O5: Current Phase of Contract | Q5: Schedule Risk | R5: Documentation Risk | S5: Integration / Collaboration Risk | T5: Team / Resource Risk | U5: Total Risk Percentage | V5: Risk Commentary | X5: Appendix 4 Revision | Y5: Commentary | Z5: Systems
B6: =IF('DMIC List - master'!B6="","",'DMIC List - master'!B6) | C6: =IFERROR(IF(INDEX('DMIC List - master'!$C:$C,MATCH($B6,CONTRACT_ID,0)+5)="","",INDEX('DMIC List - master'!$C:$C,MATCH($B6,CONTRACT_ID,0)+5)),"") | D6: =IFERROR(IF(INDEX('DMIC List - master'!$D:$D,MATCH($B6,CONTRACT_ID,0)+5)="","",INDEX('DMIC List - master'!$D:$D,MATCH($B6,CONTRACT_ID,0)+5)),"") | E6: =IFERROR(IF(INDEX('DMIC List - master'!$E:$E,MATCH($B6,CONTRACT_ID,0)+5)="","",INDEX('DMIC List - master'!$E:$E,MATCH($B6,CONTRACT_ID,0)+5)),"") | G6: =IFERROR(IF(INDEX('DMIC List - master'!$P:$P,MATCH($B6,CONTRACT_ID,0)+5)="","",INDEX('DMIC List - master'!$P:$P,MATCH($B6,CONTRACT_ID,0)+5)),"") | H6: =IFERROR(IF(INDEX('DMIC List - master'!$Q:$Q,MATCH($B6,CONTRACT_ID,0)+5)="","",INDEX('DMIC List - master'!$Q:$Q,MATCH($B6,CONTRACT_ID,0)+5)),"") | I6: =IFERROR(IF(INDEX('DMIC List - master'!$U:$U,MATCH($B6,CONTRACT_ID,0)+5)="","",INDEX('DMIC List - master'!$U:$U,MATCH($B6,CONTRACT_ID,0)+5)),"") | K6: =IFERROR(IF(OR($B6="",COUNTA(INDEX('Competency&Complexity'!$K:$K,MATCH($B6,CC_CONTRACT_ID,0)+5):INDEX('Competency&Complexity'!$P:$P,MATCH($B6,CC_CONTRACT_ID,0)+5))=0),"",ROUND((COUNTIF(INDEX('Competency&Complexity'!$K:$K,MATCH($B6,CC_CONTRACT_ID,0)+5):INDEX('Competency&Complexity'!$P:$P,MATCH($B6,CC_CONTRACT_ID,0)+5),"High")*2+COUNTIF(INDEX('Competency&Complexity'!$K:$K,MATCH($B6,CC_CONTRACT_ID,0)+5):INDEX('Competency&Complexity'!$P:$P,MATCH($B6,CC_CONTRACT_ID,0)+5),"Medium")*1)/12*10,1)),"") | L6: =IFERROR(IF(OR($B6="",COUNTA(INDEX('Competency&Complexity'!$R:$R,MATCH($B6,CC_CONTRACT_ID,0)+5):INDEX('Competency&Complexity'!$V:$V,MATCH($B6,CC_CONTRACT_ID,0)+5))=0),"",ROUND((COUNTIF(INDEX('Competency&Complexity'!$R:$R,MATCH($B6,CC_CONTRACT_ID,0)+5):INDEX('Competency&Complexity'!$V:$V,MATCH($B6,CC_CONTRACT_ID,0)+5),"Low")*2+COUNTIF(INDEX('Competency&Complexity'!$R:$R,MATCH($B6,CC_CONTRACT_ID,0)+5):INDEX('Competency&Complexity'!$V:$V,MATCH($B6,CC_CONTRACT_ID,0)+5),"Medium")*1)/10*10,1)),"") | N6: 46447 | O6: Commissioning Preparation | Q6: 2 | R6: 1 | S6: 2 | T6: 1 | U6: =IF($B6="","",IF(COUNT(Q6:T6)=0,"",(Q6+R6+S6+T6)/20)) | Z6: {=IFERROR(TEXTJOIN(", ",TRUE,IF(Systems!$B$6:$B$65=$B6,Systems!$C$6:$C$65,"")),"")}
B7: =IF('DMIC List - master'!B7="","",'DMIC List - master'!B7) | C7: =IFERROR(IF(INDEX('DMIC List - master'!$C:$C,MATCH($B7,CONTRACT_ID,0)+5)="","",INDEX('DMIC List - master'!$C:$C,MATCH($B7,CONTRACT_ID,0)+5)),"") | D7: =IFERROR(IF(INDEX('DMIC List - master'!$D:$D,MATCH($B7,CONTRACT_ID,0)+5)="","",INDEX('DMIC List - master'!$D:$D,MATCH($B7,CONTRACT_ID,0)+5)),"") | E7: =IFERROR(IF(INDEX('DMIC List - master'!$E:$E,MATCH($B7,CONTRACT_ID,0)+5)="","",INDEX('DMIC List - master'!$E:$E,MATCH($B7,CONTRACT_ID,0)+5)),"") | G7: =IFERROR(IF(INDEX('DMIC List - master'!$P:$P,MATCH($B7,CONTRACT_ID,0)+5)="","",INDEX('DMIC List - master'!$P:$P,MATCH($B7,CONTRACT_ID,0)+5)),"") | H7: =IFERROR(IF(INDEX('DMIC List - master'!$Q:$Q,MATCH($B7,CONTRACT_ID,0)+5)="","",INDEX('DMIC List - master'!$Q:$Q,MATCH($B7,CONTRACT_ID,0)+5)),"") | I7: =IFERROR(IF(INDEX('DMIC List - master'!$U:$U,MATCH($B7,CONTRACT_ID,0)+5)="","",INDEX('DMIC List - master'!$U:$U,MATCH($B7,CONTRACT_ID,0)+5)),"") | K7: =IFERROR(IF(OR($B7="",COUNTA(INDEX('Competency&Complexity'!$K:$K,MATCH($B7,CC_CONTRACT_ID,0)+5):INDEX('Competency&Complexity'!$P:$P,MATCH($B7,CC_CONTRACT_ID,0)+5))=0),"",ROUND((COUNTIF(INDEX('Competency&Complexity'!$K:$K,MATCH($B7,CC_CONTRACT_ID,0)+5):INDEX('Competency&Complexity'!$P:$P,MATCH($B7,CC_CONTRACT_ID,0)+5),"High")*2+COUNTIF(INDEX('Competency&Complexity'!$K:$K,MATCH($B7,CC_CONTRACT_ID,0)+5):INDEX('Competency&Complexity'!$P:$P,MATCH($B7,CC_CONTRACT_ID,0)+5),"Medium")*1)/12*10,1)),"") | L7: =IFERROR(IF(OR($B7="",COUNTA(INDEX('Competency&Complexity'!$R:$R,MATCH($B7,CC_CONTRACT_ID,0)+5):INDEX('Competency&Complexity'!$V:$V,MATCH($B7,CC_CONTRACT_ID,0)+5))=0),"",ROUND((COUNTIF(INDEX('Competency&Complexity'!$R:$R,MATCH($B7,CC_CONTRACT_ID,0)+5):INDEX('Competency&Complexity'!$V:$V,MATCH($B7,CC_CONTRACT_ID,0)+5),"Low")*2+COUNTIF(INDEX('Competency&Complexity'!$R:$R,MATCH($B7,CC_CONTRACT_ID,0)+5):INDEX('Competency&Complexity'!$V:$V,MATCH($B7,CC_CONTRACT_ID,0)+5),"Medium")*1)/10*10,1)),"") | N7: 46327 | O7: Commissioning | Q7: 4 | R7: 3 | S7: 4 | T7: 3 | U7: =IF($B7="","",IF(COUNT(Q7:T7)=0,"",(Q7+R7+S7+T7)/20)) | Z7: {=IFERROR(TEXTJOIN(", ",TRUE,IF(Systems!$B$6:$B$65=$B7,Systems!$C$6:$C$65,"")),"")}
B8: =IF('DMIC List - master'!B8="","",'DMIC List - master'!B8) | C8: =IFERROR(IF(INDEX('DMIC List - master'!$C:$C,MATCH($B8,CONTRACT_ID,0)+5)="","",INDEX('DMIC List - master'!$C:$C,MATCH($B8,CONTRACT_ID,0)+5)),"") | D8: =IFERROR(IF(INDEX('DMIC List - master'!$D:$D,MATCH($B8,CONTRACT_ID,0)+5)="","",INDEX('DMIC List - master'!$D:$D,MATCH($B8,CONTRACT_ID,0)+5)),"") | E8: =IFERROR(IF(INDEX('DMIC List - master'!$E:$E,MATCH($B8,CONTRACT_ID,0)+5)="","",INDEX('DMIC List - master'!$E:$E,MATCH($B8,CONTRACT_ID,0)+5)),"") | G8: =IFERROR(IF(INDEX('DMIC List - master'!$P:$P,MATCH($B8,CONTRACT_ID,0)+5)="","",INDEX('DMIC List - master'!$P:$P,MATCH($B8,CONTRACT_ID,0)+5)),"") | H8: =IFERROR(IF(INDEX('DMIC List - master'!$Q:$Q,MATCH($B8,CONTRACT_ID,0)+5)="","",INDEX('DMIC List - master'!$Q:$Q,MATCH($B8,CONTRACT_ID,0)+5)),"") | I8: =IFERROR(IF(INDEX('DMIC List - master'!$U:$U,MATCH($B8,CONTRACT_ID,0)+5)="","",INDEX('DMIC List - master'!$U:$U,MATCH($B8,CONTRACT_ID,0)+5)),"") | K8: =IFERROR(IF(OR($B8="",COUNTA(INDEX('Competency&Complexity'!$K:$K,MATCH($B8,CC_CONTRACT_ID,0)+5):INDEX('Competency&Complexity'!$P:$P,MATCH($B8,CC_CONTRACT_ID,0)+5))=0),"",ROUND((COUNTIF(INDEX('Competency&Complexity'!$K:$K,MATCH($B8,CC_CONTRACT_ID,0)+5):INDEX('Competency&Complexity'!$P:$P,MATCH($B8,CC_CONTRACT_ID,0)+5),"High")*2+COUNTIF(INDEX('Competency&Complexity'!$K:$K,MATCH($B8,CC_CONTRACT_ID,0)+5):INDEX('Competency&Complexity'!$P:$P,MATCH($B8,CC_CONTRACT_ID,0)+5),"Medium")*1)/12*10,1)),"") | L8: =IFERROR(IF(OR($B8="",COUNTA(INDEX('Competency&Complexity'!$R:$R,MATCH($B8,CC_CONTRACT_ID,0)+5):INDEX('Competency&Complexity'!$V:$V,MATCH($B8,CC_CONTRACT_ID,0)+5))=0),"",ROUND((COUNTIF(INDEX('Competency&Complexity'!$R:$R,MATCH($B8,CC_CONTRACT_ID,0)+5):INDEX('Competency&Complexity'!$V:$V,MATCH($B8,CC_CONTRACT_ID,0)+5),"Low")*2+COUNTIF(INDEX('Competency&Complexity'!$R:$R,MATCH($B8,CC_CONTRACT_ID,0)+5):INDEX('Competency&Complexity'!$V:$V,MATCH($B8,CC_CONTRACT_ID,0)+5),"Medium")*1)/10*10,1)),"") | N8: 46631 | O8: Design | Q8: 1 | R8: 1 | S8: 1 | T8: 1 | U8: =IF($B8="","",IF(COUNT(Q8:T8)=0,"",(Q8+R8+S8+T8)/20)) | Z8: {=IFERROR(TEXTJOIN(", ",TRUE,IF(Systems!$B$6:$B$65=$B8,Systems!$C$6:$C$65,"")),"")}
B9: =IF('DMIC List - master'!B9="","",'DMIC List - master'!B9) | C9: =IFERROR(IF(INDEX('DMIC List - master'!$C:$C,MATCH($B9,CONTRACT_ID,0)+5)="","",INDEX('DMIC List - master'!$C:$C,MATCH($B9,CONTRACT_ID,0)+5)),"") | D9: =IFERROR(IF(INDEX('DMIC List - master'!$D:$D,MATCH($B9,CONTRACT_ID,0)+5)="","",INDEX('DMIC List - master'!$D:$D,MATCH($B9,CONTRACT_ID,0)+5)),"") | E9: =IFERROR(IF(INDEX('DMIC List - master'!$E:$E,MATCH($B9,CONTRACT_ID,0)+5)="","",INDEX('DMIC List - master'!$E:$E,MATCH($B9,CONTRACT_ID,0)+5)),"") | G9: =IFERROR(IF(INDEX('DMIC List - master'!$P:$P,MATCH($B9,CONTRACT_ID,0)+5)="","",INDEX('DMIC List - master'!$P:$P,MATCH($B9,CONTRACT_ID,0)+5)),"") | H9: =IFERROR(IF(INDEX('DMIC List - master'!$Q:$Q,MATCH($B9,CONTRACT_ID,0)+5)="","",INDEX('DMIC List - master'!$Q:$Q,MATCH($B9,CONTRACT_ID,0)+5)),"") | I9: =IFERROR(IF(INDEX('DMIC List - master'!$U:$U,MATCH($B9,CONTRACT_ID,0)+5)="","",INDEX('DMIC List - master'!$U:$U,MATCH($B9,CONTRACT_ID,0)+5)),"") | K9: =IFERROR(IF(OR($B9="",COUNTA(INDEX('Competency&Complexity'!$K:$K,MATCH($B9,CC_CONTRACT_ID,0)+5):INDEX('Competency&Complexity'!$P:$P,MATCH($B9,CC_CONTRACT_ID,0)+5))=0),"",ROUND((COUNTIF(INDEX('Competency&Complexity'!$K:$K,MATCH($B9,CC_CONTRACT_ID,0)+5):INDEX('Competency&Complexity'!$P:$P,MATCH($B9,CC_CONTRACT_ID,0)+5),"High")*2+COUNTIF(INDEX('Competency&Complexity'!$K:$K,MATCH($B9,CC_CONTRACT_ID,0)+5):INDEX('Competency&Complexity'!$P:$P,MATCH($B9,CC_CONTRACT_ID,0)+5),"Medium")*1)/12*10,1)),"") | L9: =IFERROR(IF(OR($B9="",COUNTA(INDEX('Competency&Complexity'!$R:$R,MATCH($B9,CC_CONTRACT_ID,0)+5):INDEX('Competency&Complexity'!$V:$V,MATCH($B9,CC_CONTRACT_ID,0)+5))=0),"",ROUND((COUNTIF(INDEX('Competency&Complexity'!$R:$R,MATCH($B9,CC_CONTRACT_ID,0)+5):INDEX('Competency&Complexity'!$V:$V,MATCH($B9,CC_CONTRACT_ID,0)+5),"Low")*2+COUNTIF(INDEX('Competency&Complexity'!$R:$R,MATCH($B9,CC_CONTRACT_ID,0)+5):INDEX('Competency&Complexity'!$V:$V,MATCH($B9,CC_CONTRACT_ID,0)+5),"Medium")*1)/10*10,1)),"") | U9: =IF($B9="","",IF(COUNT(Q9:T9)=0,"",(Q9+R9+S9+T9)/20)) | Z9: {=IFERROR(TEXTJOIN(", ",TRUE,IF(Systems!$B$6:$B$65=$B9,Systems!$C$6:$C$65,"")),"")}
B10: =IF('DMIC List - master'!B10="","",'DMIC List - master'!B10) | C10: =IFERROR(IF(INDEX('DMIC List - master'!$C:$C,MATCH($B10,CONTRACT_ID,0)+5)="","",INDEX('DMIC List - master'!$C:$C,MATCH($B10,CONTRACT_ID,0)+5)),"") | D10: =IFERROR(IF(INDEX('DMIC List - master'!$D:$D,MATCH($B10,CONTRACT_ID,0)+5)="","",INDEX('DMIC List - master'!$D:$D,MATCH($B10,CONTRACT_ID,0)+5)),"") | E10: =IFERROR(IF(INDEX('DMIC List - master'!$E:$E,MATCH($B10,CONTRACT_ID,0)+5)="","",INDEX('DMIC List - master'!$E:$E,MATCH($B10,CONTRACT_ID,0)+5)),"") | G10: =IFERROR(IF(INDEX('DMIC List - master'!$P:$P,MATCH($B10,CONTRACT_ID,0)+5)="","",INDEX('DMIC List - master'!$P:$P,MATCH($B10,CONTRACT_ID,0)+5)),"") | H10: =IFERROR(IF(INDEX('DMIC List - master'!$Q:$Q,MATCH($B10,CONTRACT_ID,0)+5)="","",INDEX('DMIC List - master'!$Q:$Q,MATCH($B10,CONTRACT_ID,0)+5)),"") | I10: =IFERROR(IF(INDEX('DMIC List - master'!$U:$U,MATCH($B10,CONTRACT_ID,0)+5)="","",INDEX('DMIC List - master'!$U:$U,MATCH($B10,CONTRACT_ID,0)+5)),"") | K10: =IFERROR(IF(OR($B10="",COUNTA(INDEX('Competency&Complexity'!$K:$K,MATCH($B10,CC_CONTRACT_ID,0)+5):INDEX('Competency&Complexity'!$P:$P,MATCH($B10,CC_CONTRACT_ID,0)+5))=0),"",ROUND((COUNTIF(INDEX('Competency&Complexity'!$K:$K,MATCH($B10,CC_CONTRACT_ID,0)+5):INDEX('Competency&Complexity'!$P:$P,MATCH($B10,CC_CONTRACT_ID,0)+5),"High")*2+COUNTIF(INDEX('Competency&Complexity'!$K:$K,MATCH($B10,CC_CONTRACT_ID,0)+5):INDEX('Competency&Complexity'!$P:$P,MATCH($B10,CC_CONTRACT_ID,0)+5),"Medium")*1)/12*10,1)),"") | L10: =IFERROR(IF(OR($B10="",COUNTA(INDEX('Competency&Complexity'!$R:$R,MATCH($B10,CC_CONTRACT_ID,0)+5):INDEX('Competency&Complexity'!$V:$V,MATCH($B10,CC_CONTRACT_ID,0)+5))=0),"",ROUND((COUNTIF(INDEX('Competency&Complexity'!$R:$R,MATCH($B10,CC_CONTRACT_ID,0)+5):INDEX('Competency&Complexity'!$V:$V,MATCH($B10,CC_CONTRACT_ID,0)+5),"Low")*2+COUNTIF(INDEX('Competency&Complexity'!$R:$R,MATCH($B10,CC_CONTRACT_ID,0)+5):INDEX('Competency&Complexity'!$V:$V,MATCH($B10,CC_CONTRACT_ID,0)+5),"Medium")*1)/10*10,1)),"") | U10: =IF($B10="","",IF(COUNT(Q10:T10)=0,"",(Q10+R10+S10+T10)/20)) | Z10: {=IFERROR(TEXTJOIN(", ",TRUE,IF(Systems!$B$6:$B$65=$B10,Systems!$C$6:$C$65,"")),"")}
B11: =IF('DMIC List - master'!B11="","",'DMIC List - master'!B11) | C11: =IFERROR(IF(INDEX('DMIC List - master'!$C:$C,MATCH($B11,CONTRACT_ID,0)+5)="","",INDEX('DMIC List - master'!$C:$C,MATCH($B11,CONTRACT_ID,0)+5)),"") | D11: =IFERROR(IF(INDEX('DMIC List - master'!$D:$D,MATCH($B11,CONTRACT_ID,0)+5)="","",INDEX('DMIC List - master'!$D:$D,MATCH($B11,CONTRACT_ID,0)+5)),"") | E11: =IFERROR(IF(INDEX('DMIC List - master'!$E:$E,MATCH($B11,CONTRACT_ID,0)+5)="","",INDEX('DMIC List - master'!$E:$E,MATCH($B11,CONTRACT_ID,0)+5)),"") | G11: =IFERROR(IF(INDEX('DMIC List - master'!$P:$P,MATCH($B11,CONTRACT_ID,0)+5)="","",INDEX('DMIC List - master'!$P:$P,MATCH($B11,CONTRACT_ID,0)+5)),"") | H11: =IFERROR(IF(INDEX('DMIC List - master'!$Q:$Q,MATCH($B11,CONTRACT_ID,0)+5)="","",INDEX('DMIC List - master'!$Q:$Q,MATCH($B11,CONTRACT_ID,0)+5)),"") | I11: =IFERROR(IF(INDEX('DMIC List - master'!$U:$U,MATCH($B11,CONTRACT_ID,0)+5)="","",INDEX('DMIC List - master'!$U:$U,MATCH($B11,CONTRACT_ID,0)+5)),"") | K11: =IFERROR(IF(OR($B11="",COUNTA(INDEX('Competency&Complexity'!$K:$K,MATCH($B11,CC_CONTRACT_ID,0)+5):INDEX('Competency&Complexity'!$P:$P,MATCH($B11,CC_CONTRACT_ID,0)+5))=0),"",ROUND((COUNTIF(INDEX('Competency&Complexity'!$K:$K,MATCH($B11,CC_CONTRACT_ID,0)+5):INDEX('Competency&Complexity'!$P:$P,MATCH($B11,CC_CONTRACT_ID,0)+5),"High")*2+COUNTIF(INDEX('Competency&Complexity'!$K:$K,MATCH($B11,CC_CONTRACT_ID,0)+5):INDEX('Competency&Complexity'!$P:$P,MATCH($B11,CC_CONTRACT_ID,0)+5),"Medium")*1)/12*10,1)),"") | L11: =IFERROR(IF(OR($B11="",COUNTA(INDEX('Competency&Complexity'!$R:$R,MATCH($B11,CC_CONTRACT_ID,0)+5):INDEX('Competency&Complexity'!$V:$V,MATCH($B11,CC_CONTRACT_ID,0)+5))=0),"",ROUND((COUNTIF(INDEX('Competency&Complexity'!$R:$R,MATCH($B11,CC_CONTRACT_ID,0)+5):INDEX('Competency&Complexity'!$V:$V,MATCH($B11,CC_CONTRACT_ID,0)+5),"Low")*2+COUNTIF(INDEX('Competency&Complexity'!$R:$R,MATCH($B11,CC_CONTRACT_ID,0)+5):INDEX('Competency&Complexity'!$V:$V,MATCH($B11,CC_CONTRACT_ID,0)+5),"Medium")*1)/10*10,1)),"") | U11: =IF($B11="","",IF(COUNT(Q11:T11)=0,"",(Q11+R11+S11+T11)/20)) | Z11: {=IFERROR(TEXTJOIN(", ",TRUE,IF(Systems!$B$6:$B$65=$B11,Systems!$C$6:$C$65,"")),"")}
B12: =IF('DMIC List - master'!B12="","",'DMIC List - master'!B12) | C12: =IFERROR(IF(INDEX('DMIC List - master'!$C:$C,MATCH($B12,CONTRACT_ID,0)+5)="","",INDEX('DMIC List - master'!$C:$C,MATCH($B12,CONTRACT_ID,0)+5)),"") | D12: =IFERROR(IF(INDEX('DMIC List - master'!$D:$D,MATCH($B12,CONTRACT_ID,0)+5)="","",INDEX('DMIC List - master'!$D:$D,MATCH($B12,CONTRACT_ID,0)+5)),"") | E12: =IFERROR(IF(INDEX('DMIC List - master'!$E:$E,MATCH($B12,CONTRACT_ID,0)+5)="","",INDEX('DMIC List - master'!$E:$E,MATCH($B12,CONTRACT_ID,0)+5)),"") | G12: =IFERROR(IF(INDEX('DMIC List - master'!$P:$P,MATCH($B12,CONTRACT_ID,0)+5)="","",INDEX('DMIC List - master'!$P:$P,MATCH($B12,CONTRACT_ID,0)+5)),"") | H12: =IFERROR(IF(INDEX('DMIC List - master'!$Q:$Q,MATCH($B12,CONTRACT_ID,0)+5)="","",INDEX('DMIC List - master'!$Q:$Q,MATCH($B12,CONTRACT_ID,0)+5)),"") | I12: =IFERROR(IF(INDEX('DMIC List - master'!$U:$U,MATCH($B12,CONTRACT_ID,0)+5)="","",INDEX('DMIC List - master'!$U:$U,MATCH($B12,CONTRACT_ID,0)+5)),"") | K12: =IFERROR(IF(OR($B12="",COUNTA(INDEX('Competency&Complexity'!$K:$K,MATCH($B12,CC_CONTRACT_ID,0)+5):INDEX('Competency&Complexity'!$P:$P,MATCH($B12,CC_CONTRACT_ID,0)+5))=0),"",ROUND((COUNTIF(INDEX('Competency&Complexity'!$K:$K,MATCH($B12,CC_CONTRACT_ID,0)+5):INDEX('Competency&Complexity'!$P:$P,MATCH($B12,CC_CONTRACT_ID,0)+5),"High")*2+COUNTIF(INDEX('Competency&Complexity'!$K:$K,MATCH($B12,CC_CONTRACT_ID,0)+5):INDEX('Competency&Complexity'!$P:$P,MATCH($B12,CC_CONTRACT_ID,0)+5),"Medium")*1)/12*10,1)),"") | L12: =IFERROR(IF(OR($B12="",COUNTA(INDEX('Competency&Complexity'!$R:$R,MATCH($B12,CC_CONTRACT_ID,0)+5):INDEX('Competency&Complexity'!$V:$V,MATCH($B12,CC_CONTRACT_ID,0)+5))=0),"",ROUND((COUNTIF(INDEX('Competency&Complexity'!$R:$R,MATCH($B12,CC_CONTRACT_ID,0)+5):INDEX('Competency&Complexity'!$V:$V,MATCH($B12,CC_CONTRACT_ID,0)+5),"Low")*2+COUNTIF(INDEX('Competency&Complexity'!$R:$R,MATCH($B12,CC_CONTRACT_ID,0)+5):INDEX('Competency&Complexity'!$V:$V,MATCH($B12,CC_CONTRACT_ID,0)+5),"Medium")*1)/10*10,1)),"") | U12: =IF($B12="","",IF(COUNT(Q12:T12)=0,"",(Q12+R12+S12+T12)/20)) | Z12: {=IFERROR(TEXTJOIN(", ",TRUE,IF(Systems!$B$6:$B$65=$B12,Systems!$C$6:$C$65,"")),"")}
B13: =IF('DMIC List - master'!B13="","",'DMIC List - master'!B13) | C13: =IFERROR(IF(INDEX('DMIC List - master'!$C:$C,MATCH($B13,CONTRACT_ID,0)+5)="","",INDEX('DMIC List - master'!$C:$C,MATCH($B13,CONTRACT_ID,0)+5)),"") | D13: =IFERROR(IF(INDEX('DMIC List - master'!$D:$D,MATCH($B13,CONTRACT_ID,0)+5)="","",INDEX('DMIC List - master'!$D:$D,MATCH($B13,CONTRACT_ID,0)+5)),"") | E13: =IFERROR(IF(INDEX('DMIC List - master'!$E:$E,MATCH($B13,CONTRACT_ID,0)+5)="","",INDEX('DMIC List - master'!$E:$E,MATCH($B13,CONTRACT_ID,0)+5)),"") | G13: =IFERROR(IF(INDEX('DMIC List - master'!$P:$P,MATCH($B13,CONTRACT_ID,0)+5)="","",INDEX('DMIC List - master'!$P:$P,MATCH($B13,CONTRACT_ID,0)+5)),"") | H13: =IFERROR(IF(INDEX('DMIC List - master'!$Q:$Q,MATCH($B13,CONTRACT_ID,0)+5)="","",INDEX('DMIC List - master'!$Q:$Q,MATCH($B13,CONTRACT_ID,0)+5)),"") | I13: =IFERROR(IF(INDEX('DMIC List - master'!$U:$U,MATCH($B13,CONTRACT_ID,0)+5)="","",INDEX('DMIC List - master'!$U:$U,MATCH($B13,CONTRACT_ID,0)+5)),"") | K13: =IFERROR(IF(OR($B13="",COUNTA(INDEX('Competency&Complexity'!$K:$K,MATCH($B13,CC_CONTRACT_ID,0)+5):INDEX('Competency&Complexity'!$P:$P,MATCH($B13,CC_CONTRACT_ID,0)+5))=0),"",ROUND((COUNTIF(INDEX('Competency&Complexity'!$K:$K,MATCH($B13,CC_CONTRACT_ID,0)+5):INDEX('Competency&Complexity'!$P:$P,MATCH($B13,CC_CONTRACT_ID,0)+5),"High")*2+COUNTIF(INDEX('Competency&Complexity'!$K:$K,MATCH($B13,CC_CONTRACT_ID,0)+5):INDEX('Competency&Complexity'!$P:$P,MATCH($B13,CC_CONTRACT_ID,0)+5),"Medium")*1)/12*10,1)),"") | L13: =IFERROR(IF(OR($B13="",COUNTA(INDEX('Competency&Complexity'!$R:$R,MATCH($B13,CC_CONTRACT_ID,0)+5):INDEX('Competency&Complexity'!$V:$V,MATCH($B13,CC_CONTRACT_ID,0)+5))=0),"",ROUND((COUNTIF(INDEX('Competency&Complexity'!$R:$R,MATCH($B13,CC_CONTRACT_ID,0)+5):INDEX('Competency&Complexity'!$V:$V,MATCH($B13,CC_CONTRACT_ID,0)+5),"Low")*2+COUNTIF(INDEX('Competency&Complexity'!$R:$R,MATCH($B13,CC_CONTRACT_ID,0)+5):INDEX('Competency&Complexity'!$V:$V,MATCH($B13,CC_CONTRACT_ID,0)+5),"Medium")*1)/10*10,1)),"") | U13: =IF($B13="","",IF(COUNT(Q13:T13)=0,"",(Q13+R13+S13+T13)/20)) | Z13: {=IFERROR(TEXTJOIN(", ",TRUE,IF(Systems!$B$6:$B$65=$B13,Systems!$C$6:$C$65,"")),"")}
B14: =IF('DMIC List - master'!B14="","",'DMIC List - master'!B14) | C14: =IFERROR(IF(INDEX('DMIC List - master'!$C:$C,MATCH($B14,CONTRACT_ID,0)+5)="","",INDEX('DMIC List - master'!$C:$C,MATCH($B14,CONTRACT_ID,0)+5)),"") | D14: =IFERROR(IF(INDEX('DMIC List - master'!$D:$D,MATCH($B14,CONTRACT_ID,0)+5)="","",INDEX('DMIC List - master'!$D:$D,MATCH($B14,CONTRACT_ID,0)+5)),"") | E14: =IFERROR(IF(INDEX('DMIC List - master'!$E:$E,MATCH($B14,CONTRACT_ID,0)+5)="","",INDEX('DMIC List - master'!$E:$E,MATCH($B14,CONTRACT_ID,0)+5)),"") | G14: =IFERROR(IF(INDEX('DMIC List - master'!$P:$P,MATCH($B14,CONTRACT_ID,0)+5)="","",INDEX('DMIC List - master'!$P:$P,MATCH($B14,CONTRACT_ID,0)+5)),"") | H14: =IFERROR(IF(INDEX('DMIC List - master'!$Q:$Q,MATCH($B14,CONTRACT_ID,0)+5)="","",INDEX('DMIC List - master'!$Q:$Q,MATCH($B14,CONTRACT_ID,0)+5)),"") | I14: =IFERROR(IF(INDEX('DMIC List - master'!$U:$U,MATCH($B14,CONTRACT_ID,0)+5)="","",INDEX('DMIC List - master'!$U:$U,MATCH($B14,CONTRACT_ID,0)+5)),"") | K14: =IFERROR(IF(OR($B14="",COUNTA(INDEX('Competency&Complexity'!$K:$K,MATCH($B14,CC_CONTRACT_ID,0)+5):INDEX('Competency&Complexity'!$P:$P,MATCH($B14,CC_CONTRACT_ID,0)+5))=0),"",ROUND((COUNTIF(INDEX('Competency&Complexity'!$K:$K,MATCH($B14,CC_CONTRACT_ID,0)+5):INDEX('Competency&Complexity'!$P:$P,MATCH($B14,CC_CONTRACT_ID,0)+5),"High")*2+COUNTIF(INDEX('Competency&Complexity'!$K:$K,MATCH($B14,CC_CONTRACT_ID,0)+5):INDEX('Competency&Complexity'!$P:$P,MATCH($B14,CC_CONTRACT_ID,0)+5),"Medium")*1)/12*10,1)),"") | L14: =IFERROR(IF(OR($B14="",COUNTA(INDEX('Competency&Complexity'!$R:$R,MATCH($B14,CC_CONTRACT_ID,0)+5):INDEX('Competency&Complexity'!$V:$V,MATCH($B14,CC_CONTRACT_ID,0)+5))=0),"",ROUND((COUNTIF(INDEX('Competency&Complexity'!$R:$R,MATCH($B14,CC_CONTRACT_ID,0)+5):INDEX('Competency&Complexity'!$V:$V,MATCH($B14,CC_CONTRACT_ID,0)+5),"Low")*2+COUNTIF(INDEX('Competency&Complexity'!$R:$R,MATCH($B14,CC_CONTRACT_ID,0)+5):INDEX('Competency&Complexity'!$V:$V,MATCH($B14,CC_CONTRACT_ID,0)+5),"Medium")*1)/10*10,1)),"") | U14: =IF($B14="","",IF(COUNT(Q14:T14)=0,"",(Q14+R14+S14+T14)/20)) | Z14: {=IFERROR(TEXTJOIN(", ",TRUE,IF(Systems!$B$6:$B$65=$B14,Systems!$C$6:$C$65,"")),"")}
B15: =IF('DMIC List - master'!B15="","",'DMIC List - master'!B15) | C15: =IFERROR(IF(INDEX('DMIC List - master'!$C:$C,MATCH($B15,CONTRACT_ID,0)+5)="","",INDEX('DMIC List - master'!$C:$C,MATCH($B15,CONTRACT_ID,0)+5)),"") | D15: =IFERROR(IF(INDEX('DMIC List - master'!$D:$D,MATCH($B15,CONTRACT_ID,0)+5)="","",INDEX('DMIC List - master'!$D:$D,MATCH($B15,CONTRACT_ID,0)+5)),"") | E15: =IFERROR(IF(INDEX('DMIC List - master'!$E:$E,MATCH($B15,CONTRACT_ID,0)+5)="","",INDEX('DMIC List - master'!$E:$E,MATCH($B15,CONTRACT_ID,0)+5)),"") | G15: =IFERROR(IF(INDEX('DMIC List - master'!$P:$P,MATCH($B15,CONTRACT_ID,0)+5)="","",INDEX('DMIC List - master'!$P:$P,MATCH($B15,CONTRACT_ID,0)+5)),"") | H15: =IFERROR(IF(INDEX('DMIC List - master'!$Q:$Q,MATCH($B15,CONTRACT_ID,0)+5)="","",INDEX('DMIC List - master'!$Q:$Q,MATCH($B15,CONTRACT_ID,0)+5)),"") | I15: =IFERROR(IF(INDEX('DMIC List - master'!$U:$U,MATCH($B15,CONTRACT_ID,0)+5)="","",INDEX('DMIC List - master'!$U:$U,MATCH($B15,CONTRACT_ID,0)+5)),"") | K15: =IFERROR(IF(OR($B15="",COUNTA(INDEX('Competency&Complexity'!$K:$K,MATCH($B15,CC_CONTRACT_ID,0)+5):INDEX('Competency&Complexity'!$P:$P,MATCH($B15,CC_CONTRACT_ID,0)+5))=0),"",ROUND((COUNTIF(INDEX('Competency&Complexity'!$K:$K,MATCH($B15,CC_CONTRACT_ID,0)+5):INDEX('Competency&Complexity'!$P:$P,MATCH($B15,CC_CONTRACT_ID,0)+5),"High")*2+COUNTIF(INDEX('Competency&Complexity'!$K:$K,MATCH($B15,CC_CONTRACT_ID,0)+5):INDEX('Competency&Complexity'!$P:$P,MATCH($B15,CC_CONTRACT_ID,0)+5),"Medium")*1)/12*10,1)),"") | L15: =IFERROR(IF(OR($B15="",COUNTA(INDEX('Competency&Complexity'!$R:$R,MATCH($B15,CC_CONTRACT_ID,0)+5):INDEX('Competency&Complexity'!$V:$V,MATCH($B15,CC_CONTRACT_ID,0)+5))=0),"",ROUND((COUNTIF(INDEX('Competency&Complexity'!$R:$R,MATCH($B15,CC_CONTRACT_ID,0)+5):INDEX('Competency&Complexity'!$V:$V,MATCH($B15,CC_CONTRACT_ID,0)+5),"Low")*2+COUNTIF(INDEX('Competency&Complexity'!$R:$R,MATCH($B15,CC_CONTRACT_ID,0)+5):INDEX('Competency&Complexity'!$V:$V,MATCH($B15,CC_CONTRACT_ID,0)+5),"Medium")*1)/10*10,1)),"") | U15: =IF($B15="","",IF(COUNT(Q15:T15)=0,"",(Q15+R15+S15+T15)/20)) | Z15: {=IFERROR(TEXTJOIN(", ",TRUE,IF(Systems!$B$6:$B$65=$B15,Systems!$C$6:$C$65,"")),"")}
B16: =IF('DMIC List - master'!B16="","",'DMIC List - master'!B16) | C16: =IFERROR(IF(INDEX('DMIC List - master'!$C:$C,MATCH($B16,CONTRACT_ID,0)+5)="","",INDEX('DMIC List - master'!$C:$C,MATCH($B16,CONTRACT_ID,0)+5)),"") | D16: =IFERROR(IF(INDEX('DMIC List - master'!$D:$D,MATCH($B16,CONTRACT_ID,0)+5)="","",INDEX('DMIC List - master'!$D:$D,MATCH($B16,CONTRACT_ID,0)+5)),"") | E16: =IFERROR(IF(INDEX('DMIC List - master'!$E:$E,MATCH($B16,CONTRACT_ID,0)+5)="","",INDEX('DMIC List - master'!$E:$E,MATCH($B16,CONTRACT_ID,0)+5)),"") | G16: =IFERROR(IF(INDEX('DMIC List - master'!$P:$P,MATCH($B16,CONTRACT_ID,0)+5)="","",INDEX('DMIC List - master'!$P:$P,MATCH($B16,CONTRACT_ID,0)+5)),"") | H16: =IFERROR(IF(INDEX('DMIC List - master'!$Q:$Q,MATCH($B16,CONTRACT_ID,0)+5)="","",INDEX('DMIC List - master'!$Q:$Q,MATCH($B16,CONTRACT_ID,0)+5)),"") | I16: =IFERROR(IF(INDEX('DMIC List - master'!$U:$U,MATCH($B16,CONTRACT_ID,0)+5)="","",INDEX('DMIC List - master'!$U:$U,MATCH($B16,CONTRACT_ID,0)+5)),"") | K16: =IFERROR(IF(OR($B16="",COUNTA(INDEX('Competency&Complexity'!$K:$K,MATCH($B16,CC_CONTRACT_ID,0)+5):INDEX('Competency&Complexity'!$P:$P,MATCH($B16,CC_CONTRACT_ID,0)+5))=0),"",ROUND((COUNTIF(INDEX('Competency&Complexity'!$K:$K,MATCH($B16,CC_CONTRACT_ID,0)+5):INDEX('Competency&Complexity'!$P:$P,MATCH($B16,CC_CONTRACT_ID,0)+5),"High")*2+COUNTIF(INDEX('Competency&Complexity'!$K:$K,MATCH($B16,CC_CONTRACT_ID,0)+5):INDEX('Competency&Complexity'!$P:$P,MATCH($B16,CC_CONTRACT_ID,0)+5),"Medium")*1)/12*10,1)),"") | L16: =IFERROR(IF(OR($B16="",COUNTA(INDEX('Competency&Complexity'!$R:$R,MATCH($B16,CC_CONTRACT_ID,0)+5):INDEX('Competency&Complexity'!$V:$V,MATCH($B16,CC_CONTRACT_ID,0)+5))=0),"",ROUND((COUNTIF(INDEX('Competency&Complexity'!$R:$R,MATCH($B16,CC_CONTRACT_ID,0)+5):INDEX('Competency&Complexity'!$V:$V,MATCH($B16,CC_CONTRACT_ID,0)+5),"Low")*2+COUNTIF(INDEX('Competency&Complexity'!$R:$R,MATCH($B16,CC_CONTRACT_ID,0)+5):INDEX('Competency&Complexity'!$V:$V,MATCH($B16,CC_CONTRACT_ID,0)+5),"Medium")*1)/10*10,1)),"") | U16: =IF($B16="","",IF(COUNT(Q16:T16)=0,"",(Q16+R16+S16+T16)/20)) | Z16: {=IFERROR(TEXTJOIN(", ",TRUE,IF(Systems!$B$6:$B$65=$B16,Systems!$C$6:$C$65,"")),"")}
B17: =IF('DMIC List - master'!B17="","",'DMIC List - master'!B17) | C17: =IFERROR(IF(INDEX('DMIC List - master'!$C:$C,MATCH($B17,CONTRACT_ID,0)+5)="","",INDEX('DMIC List - master'!$C:$C,MATCH($B17,CONTRACT_ID,0)+5)),"") | D17: =IFERROR(IF(INDEX('DMIC List - master'!$D:$D,MATCH($B17,CONTRACT_ID,0)+5)="","",INDEX('DMIC List - master'!$D:$D,MATCH($B17,CONTRACT_ID,0)+5)),"") | E17: =IFERROR(IF(INDEX('DMIC List - master'!$E:$E,MATCH($B17,CONTRACT_ID,0)+5)="","",INDEX('DMIC List - master'!$E:$E,MATCH($B17,CONTRACT_ID,0)+5)),"") | G17: =IFERROR(IF(INDEX('DMIC List - master'!$P:$P,MATCH($B17,CONTRACT_ID,0)+5)="","",INDEX('DMIC List - master'!$P:$P,MATCH($B17,CONTRACT_ID,0)+5)),"") | H17: =IFERROR(IF(INDEX('DMIC List - master'!$Q:$Q,MATCH($B17,CONTRACT_ID,0)+5)="","",INDEX('DMIC List - master'!$Q:$Q,MATCH($B17,CONTRACT_ID,0)+5)),"") | I17: =IFERROR(IF(INDEX('DMIC List - master'!$U:$U,MATCH($B17,CONTRACT_ID,0)+5)="","",INDEX('DMIC List - master'!$U:$U,MATCH($B17,CONTRACT_ID,0)+5)),"") | K17: =IFERROR(IF(OR($B17="",COUNTA(INDEX('Competency&Complexity'!$K:$K,MATCH($B17,CC_CONTRACT_ID,0)+5):INDEX('Competency&Complexity'!$P:$P,MATCH($B17,CC_CONTRACT_ID,0)+5))=0),"",ROUND((COUNTIF(INDEX('Competency&Complexity'!$K:$K,MATCH($B17,CC_CONTRACT_ID,0)+5):INDEX('Competency&Complexity'!$P:$P,MATCH($B17,CC_CONTRACT_ID,0)+5),"High")*2+COUNTIF(INDEX('Competency&Complexity'!$K:$K,MATCH($B17,CC_CONTRACT_ID,0)+5):INDEX('Competency&Complexity'!$P:$P,MATCH($B17,CC_CONTRACT_ID,0)+5),"Medium")*1)/12*10,1)),"") | L17: =IFERROR(IF(OR($B17="",COUNTA(INDEX('Competency&Complexity'!$R:$R,MATCH($B17,CC_CONTRACT_ID,0)+5):INDEX('Competency&Complexity'!$V:$V,MATCH($B17,CC_CONTRACT_ID,0)+5))=0),"",ROUND((COUNTIF(INDEX('Competency&Complexity'!$R:$R,MATCH($B17,CC_CONTRACT_ID,0)+5):INDEX('Competency&Complexity'!$V:$V,MATCH($B17,CC_CONTRACT_ID,0)+5),"Low")*2+COUNTIF(INDEX('Competency&Complexity'!$R:$R,MATCH($B17,CC_CONTRACT_ID,0)+5):INDEX('Competency&Complexity'!$V:$V,MATCH($B17,CC_CONTRACT_ID,0)+5),"Medium")*1)/10*10,1)),"") | U17: =IF($B17="","",IF(COUNT(Q17:T17)=0,"",(Q17+R17+S17+T17)/20)) | Z17: {=IFERROR(TEXTJOIN(", ",TRUE,IF(Systems!$B$6:$B$65=$B17,Systems!$C$6:$C$65,"")),"")}
B18: =IF('DMIC List - master'!B18="","",'DMIC List - master'!B18) | C18: =IFERROR(IF(INDEX('DMIC List - master'!$C:$C,MATCH($B18,CONTRACT_ID,0)+5)="","",INDEX('DMIC List - master'!$C:$C,MATCH($B18,CONTRACT_ID,0)+5)),"") | D18: =IFERROR(IF(INDEX('DMIC List - master'!$D:$D,MATCH($B18,CONTRACT_ID,0)+5)="","",INDEX('DMIC List - master'!$D:$D,MATCH($B18,CONTRACT_ID,0)+5)),"") | E18: =IFERROR(IF(INDEX('DMIC List - master'!$E:$E,MATCH($B18,CONTRACT_ID,0)+5)="","",INDEX('DMIC List - master'!$E:$E,MATCH($B18,CONTRACT_ID,0)+5)),"") | G18: =IFERROR(IF(INDEX('DMIC List - master'!$P:$P,MATCH($B18,CONTRACT_ID,0)+5)="","",INDEX('DMIC List - master'!$P:$P,MATCH($B18,CONTRACT_ID,0)+5)),"") | H18: =IFERROR(IF(INDEX('DMIC List - master'!$Q:$Q,MATCH($B18,CONTRACT_ID,0)+5)="","",INDEX('DMIC List - master'!$Q:$Q,MATCH($B18,CONTRACT_ID,0)+5)),"") | I18: =IFERROR(IF(INDEX('DMIC List - master'!$U:$U,MATCH($B18,CONTRACT_ID,0)+5)="","",INDEX('DMIC List - master'!$U:$U,MATCH($B18,CONTRACT_ID,0)+5)),"") | K18: =IFERROR(IF(OR($B18="",COUNTA(INDEX('Competency&Complexity'!$K:$K,MATCH($B18,CC_CONTRACT_ID,0)+5):INDEX('Competency&Complexity'!$P:$P,MATCH($B18,CC_CONTRACT_ID,0)+5))=0),"",ROUND((COUNTIF(INDEX('Competency&Complexity'!$K:$K,MATCH($B18,CC_CONTRACT_ID,0)+5):INDEX('Competency&Complexity'!$P:$P,MATCH($B18,CC_CONTRACT_ID,0)+5),"High")*2+COUNTIF(INDEX('Competency&Complexity'!$K:$K,MATCH($B18,CC_CONTRACT_ID,0)+5):INDEX('Competency&Complexity'!$P:$P,MATCH($B18,CC_CONTRACT_ID,0)+5),"Medium")*1)/12*10,1)),"") | L18: =IFERROR(IF(OR($B18="",COUNTA(INDEX('Competency&Complexity'!$R:$R,MATCH($B18,CC_CONTRACT_ID,0)+5):INDEX('Competency&Complexity'!$V:$V,MATCH($B18,CC_CONTRACT_ID,0)+5))=0),"",ROUND((COUNTIF(INDEX('Competency&Complexity'!$R:$R,MATCH($B18,CC_CONTRACT_ID,0)+5):INDEX('Competency&Complexity'!$V:$V,MATCH($B18,CC_CONTRACT_ID,0)+5),"Low")*2+COUNTIF(INDEX('Competency&Complexity'!$R:$R,MATCH($B18,CC_CONTRACT_ID,0)+5):INDEX('Competency&Complexity'!$V:$V,MATCH($B18,CC_CONTRACT_ID,0)+5),"Medium")*1)/10*10,1)),"") | U18: =IF($B18="","",IF(COUNT(Q18:T18)=0,"",(Q18+R18+S18+T18)/20)) | Z18: {=IFERROR(TEXTJOIN(", ",TRUE,IF(Systems!$B$6:$B$65=$B18,Systems!$C$6:$C$65,"")),"")}
B19: =IF('DMIC List - master'!B19="","",'DMIC List - master'!B19) | C19: =IFERROR(IF(INDEX('DMIC List - master'!$C:$C,MATCH($B19,CONTRACT_ID,0)+5)="","",INDEX('DMIC List - master'!$C:$C,MATCH($B19,CONTRACT_ID,0)+5)),"") | D19: =IFERROR(IF(INDEX('DMIC List - master'!$D:$D,MATCH($B19,CONTRACT_ID,0)+5)="","",INDEX('DMIC List - master'!$D:$D,MATCH($B19,CONTRACT_ID,0)+5)),"") | E19: =IFERROR(IF(INDEX('DMIC List - master'!$E:$E,MATCH($B19,CONTRACT_ID,0)+5)="","",INDEX('DMIC List - master'!$E:$E,MATCH($B19,CONTRACT_ID,0)+5)),"") | G19: =IFERROR(IF(INDEX('DMIC List - master'!$P:$P,MATCH($B19,CONTRACT_ID,0)+5)="","",INDEX('DMIC List - master'!$P:$P,MATCH($B19,CONTRACT_ID,0)+5)),"") | H19: =IFERROR(IF(INDEX('DMIC List - master'!$Q:$Q,MATCH($B19,CONTRACT_ID,0)+5)="","",INDEX('DMIC List - master'!$Q:$Q,MATCH($B19,CONTRACT_ID,0)+5)),"") | I19: =IFERROR(IF(INDEX('DMIC List - master'!$U:$U,MATCH($B19,CONTRACT_ID,0)+5)="","",INDEX('DMIC List - master'!$U:$U,MATCH($B19,CONTRACT_ID,0)+5)),"") | K19: =IFERROR(IF(OR($B19="",COUNTA(INDEX('Competency&Complexity'!$K:$K,MATCH($B19,CC_CONTRACT_ID,0)+5):INDEX('Competency&Complexity'!$P:$P,MATCH($B19,CC_CONTRACT_ID,0)+5))=0),"",ROUND((COUNTIF(INDEX('Competency&Complexity'!$K:$K,MATCH($B19,CC_CONTRACT_ID,0)+5):INDEX('Competency&Complexity'!$P:$P,MATCH($B19,CC_CONTRACT_ID,0)+5),"High")*2+COUNTIF(INDEX('Competency&Complexity'!$K:$K,MATCH($B19,CC_CONTRACT_ID,0)+5):INDEX('Competency&Complexity'!$P:$P,MATCH($B19,CC_CONTRACT_ID,0)+5),"Medium")*1)/12*10,1)),"") | L19: =IFERROR(IF(OR($B19="",COUNTA(INDEX('Competency&Complexity'!$R:$R,MATCH($B19,CC_CONTRACT_ID,0)+5):INDEX('Competency&Complexity'!$V:$V,MATCH($B19,CC_CONTRACT_ID,0)+5))=0),"",ROUND((COUNTIF(INDEX('Competency&Complexity'!$R:$R,MATCH($B19,CC_CONTRACT_ID,0)+5):INDEX('Competency&Complexity'!$V:$V,MATCH($B19,CC_CONTRACT_ID,0)+5),"Low")*2+COUNTIF(INDEX('Competency&Complexity'!$R:$R,MATCH($B19,CC_CONTRACT_ID,0)+5):INDEX('Competency&Complexity'!$V:$V,MATCH($B19,CC_CONTRACT_ID,0)+5),"Medium")*1)/10*10,1)),"") | U19: =IF($B19="","",IF(COUNT(Q19:T19)=0,"",(Q19+R19+S19+T19)/20)) | Z19: {=IFERROR(TEXTJOIN(", ",TRUE,IF(Systems!$B$6:$B$65=$B19,Systems!$C$6:$C$65,"")),"")}
B20: =IF('DMIC List - master'!B20="","",'DMIC List - master'!B20) | C20: =IFERROR(IF(INDEX('DMIC List - master'!$C:$C,MATCH($B20,CONTRACT_ID,0)+5)="","",INDEX('DMIC List - master'!$C:$C,MATCH($B20,CONTRACT_ID,0)+5)),"") | D20: =IFERROR(IF(INDEX('DMIC List - master'!$D:$D,MATCH($B20,CONTRACT_ID,0)+5)="","",INDEX('DMIC List - master'!$D:$D,MATCH($B20,CONTRACT_ID,0)+5)),"") | E20: =IFERROR(IF(INDEX('DMIC List - master'!$E:$E,MATCH($B20,CONTRACT_ID,0)+5)="","",INDEX('DMIC List - master'!$E:$E,MATCH($B20,CONTRACT_ID,0)+5)),"") | G20: =IFERROR(IF(INDEX('DMIC List - master'!$P:$P,MATCH($B20,CONTRACT_ID,0)+5)="","",INDEX('DMIC List - master'!$P:$P,MATCH($B20,CONTRACT_ID,0)+5)),"") | H20: =IFERROR(IF(INDEX('DMIC List - master'!$Q:$Q,MATCH($B20,CONTRACT_ID,0)+5)="","",INDEX('DMIC List - master'!$Q:$Q,MATCH($B20,CONTRACT_ID,0)+5)),"") | I20: =IFERROR(IF(INDEX('DMIC List - master'!$U:$U,MATCH($B20,CONTRACT_ID,0)+5)="","",INDEX('DMIC List - master'!$U:$U,MATCH($B20,CONTRACT_ID,0)+5)),"") | K20: =IFERROR(IF(OR($B20="",COUNTA(INDEX('Competency&Complexity'!$K:$K,MATCH($B20,CC_CONTRACT_ID,0)+5):INDEX('Competency&Complexity'!$P:$P,MATCH($B20,CC_CONTRACT_ID,0)+5))=0),"",ROUND((COUNTIF(INDEX('Competency&Complexity'!$K:$K,MATCH($B20,CC_CONTRACT_ID,0)+5):INDEX('Competency&Complexity'!$P:$P,MATCH($B20,CC_CONTRACT_ID,0)+5),"High")*2+COUNTIF(INDEX('Competency&Complexity'!$K:$K,MATCH($B20,CC_CONTRACT_ID,0)+5):INDEX('Competency&Complexity'!$P:$P,MATCH($B20,CC_CONTRACT_ID,0)+5),"Medium")*1)/12*10,1)),"") | L20: =IFERROR(IF(OR($B20="",COUNTA(INDEX('Competency&Complexity'!$R:$R,MATCH($B20,CC_CONTRACT_ID,0)+5):INDEX('Competency&Complexity'!$V:$V,MATCH($B20,CC_CONTRACT_ID,0)+5))=0),"",ROUND((COUNTIF(INDEX('Competency&Complexity'!$R:$R,MATCH($B20,CC_CONTRACT_ID,0)+5):INDEX('Competency&Complexity'!$V:$V,MATCH($B20,CC_CONTRACT_ID,0)+5),"Low")*2+COUNTIF(INDEX('Competency&Complexity'!$R:$R,MATCH($B20,CC_CONTRACT_ID,0)+5):INDEX('Competency&Complexity'!$V:$V,MATCH($B20,CC_CONTRACT_ID,0)+5),"Medium")*1)/10*10,1)),"") | U20: =IF($B20="","",IF(COUNT(Q20:T20)=0,"",(Q20+R20+S20+T20)/20)) | Z20: {=IFERROR(TEXTJOIN(", ",TRUE,IF(Systems!$B$6:$B$65=$B20,Systems!$C$6:$C$65,"")),"")}
... B65: =IF('DMIC List - master'!B65="","",'DMIC List - master'!B65) | C65: =IFERROR(IF(INDEX('DMIC List - master'!$C:$C,MATCH($B65,CONTRACT_ID,0)+5)="","",INDEX('DMIC List - master'!$C:$C,MATCH($B65,CONTRACT_ID,0)+5)),"") | D65: =IFERROR(IF(INDEX('DMIC List - master'!$D:$D,MATCH($B65,CONTRACT_ID,0)+5)="","",INDEX('DMIC List - master'!$D:$D,MATCH($B65,CONTRACT_ID,0)+5)),"") | E65: =IFERROR(IF(INDEX('DMIC List - master'!$E:$E,MATCH($B65,CONTRACT_ID,0)+5)="","",INDEX('DMIC List - master'!$E:$E,MATCH($B65,CONTRACT_ID,0)+5)),"") | G65: =IFERROR(IF(INDEX('DMIC List - master'!$P:$P,MATCH($B65,CONTRACT_ID,0)+5)="","",INDEX('DMIC List - master'!$P:$P,MATCH($B65,CONTRACT_ID,0)+5)),"") | H65: =IFERROR(IF(INDEX('DMIC List - master'!$Q:$Q,MATCH($B65,CONTRACT_ID,0)+5)="","",INDEX('DMIC List - master'!$Q:$Q,MATCH($B65,CONTRACT_ID,0)+5)),"") | I65: =IFERROR(IF(INDEX('DMIC List - master'!$U:$U,MATCH($B65,CONTRACT_ID,0)+5)="","",INDEX('DMIC List - master'!$U:$U,MATCH($B65,CONTRACT_ID,0)+5)),"") | K65: =IFERROR(IF(OR($B65="",COUNTA(INDEX('Competency&Complexity'!$K:$K,MATCH($B65,CC_CONTRACT_ID,0)+5):INDEX('Competency&Complexity'!$P:$P,MATCH($B65,CC_CONTRACT_ID,0)+5))=0),"",ROUND((COUNTIF(INDEX('Competency&Complexity'!$K:$K,MATCH($B65,CC_CONTRACT_ID,0)+5):INDEX('Competency&Complexity'!$P:$P,MATCH($B65,CC_CONTRACT_ID,0)+5),"High")*2+COUNTIF(INDEX('Competency&Complexity'!$K:$K,MATCH($B65,CC_CONTRACT_ID,0)+5):INDEX('Competency&Complexity'!$P:$P,MATCH($B65,CC_CONTRACT_ID,0)+5),"Medium")*1)/12*10,1)),"") | L65: =IFERROR(IF(OR($B65="",COUNTA(INDEX('Competency&Complexity'!$R:$R,MATCH($B65,CC_CONTRACT_ID,0)+5):INDEX('Competency&Complexity'!$V:$V,MATCH($B65,CC_CONTRACT_ID,0)+5))=0),"",ROUND((COUNTIF(INDEX('Competency&Complexity'!$R:$R,MATCH($B65,CC_CONTRACT_ID,0)+5):INDEX('Competency&Complexity'!$V:$V,MATCH($B65,CC_CONTRACT_ID,0)+5),"Low")*2+COUNTIF(INDEX('Competency&Complexity'!$R:$R,MATCH($B65,CC_CONTRACT_ID,0)+5):INDEX('Competency&Complexity'!$V:$V,MATCH($B65,CC_CONTRACT_ID,0)+5),"Medium")*1)/10*10,1)),"") | U65: =IF($B65="","",IF(COUNT(Q65:T65)=0,"",(Q65+R65+S65+T65)/20)) | Z65: {=IFERROR(TEXTJOIN(", ",TRUE,IF(Systems!$B$6:$B$65=$B65,Systems!$C$6:$C$65,"")),"")}

Sheet Competency&Complexity
B2: Competency & Complexity
B3: Contract identity is a live look-up from Contracts. Score combines the capability and complexity ratings below.
B4: Contract Information | G4: Key Personnel | K4: Contractor Capability | R4: Scope Complexity | X4: NNB Integration
B5: Contract Number | C5: Area | D5: Contractor | E5: Description | G5: Commissioning Engineer | H5: Commissioning Manager | I5: DMIC Co-ordinator | K5: Tier 1 Capability | L5: Quality of Site Documents | M5: Installation Capability | N5: Commissioning Capability | O5: Ability to Meet HPC Safety Requirements | P5: Previous EPR Experience | R5: Technical Complexity | S5: Complexity of Interfaces | T5: Coordination with Others | U5: Level of NNB Surveillance | V5: Impact on other Systems and Works | X5: Score | Y5: Need for Integrated Team Approach | Z5: DMIC PM | AA5: NNB PM | AB5: NNB Construction Lead | AC5: NNB Commissioning Lead | AD5: NNB Technical Lead | AE5: NNB QML
B6: =IF('DMIC List - master'!B6="","",'DMIC List - master'!B6) | C6: =IFERROR(IF(INDEX('DMIC List - master'!$C:$C,MATCH($B6,CONTRACT_ID,0)+5)="","",INDEX('DMIC List - master'!$C:$C,MATCH($B6,CONTRACT_ID,0)+5)),"") | D6: =IFERROR(IF(INDEX('DMIC List - master'!$D:$D,MATCH($B6,CONTRACT_ID,0)+5)="","",INDEX('DMIC List - master'!$D:$D,MATCH($B6,CONTRACT_ID,0)+5)),"") | E6: =IFERROR(IF(INDEX('DMIC List - master'!$E:$E,MATCH($B6,CONTRACT_ID,0)+5)="","",INDEX('DMIC List - master'!$E:$E,MATCH($B6,CONTRACT_ID,0)+5)),"") | G6: =IFERROR(IF(INDEX('DMIC List - master'!$P:$P,MATCH($B6,CONTRACT_ID,0)+5)="","",INDEX('DMIC List - master'!$P:$P,MATCH($B6,CONTRACT_ID,0)+5)),"") | H6: =IFERROR(IF(INDEX('DMIC List - master'!$Q:$Q,MATCH($B6,CONTRACT_ID,0)+5)="","",INDEX('DMIC List - master'!$Q:$Q,MATCH($B6,CONTRACT_ID,0)+5)),"") | I6: =IFERROR(IF(INDEX('DMIC List - master'!$U:$U,MATCH($B6,CONTRACT_ID,0)+5)="","",INDEX('DMIC List - master'!$U:$U,MATCH($B6,CONTRACT_ID,0)+5)),"") | K6: High | L6: Medium | M6: High | N6: Medium | O6: Medium | P6: High | R6: Medium | S6: Low | T6: Medium | U6: Medium | V6: Low | X6: =IF($B6="","",IF(COUNTA(K6:P6)+COUNTA(R6:V6)=0,"",(2*COUNTIF(K6:P6,"low")+COUNTIF(K6:P6,"medium")+2*COUNTIF(K6:P6,"unknown"))+(COUNTIF(R6:V6,"medium")+2*COUNTIF(R6:V6,"High")))) | Y6: =IF(X6<>"",IF(X6>9,1,0),"") | Z6: 1 | AA6: 1 | AB6: 0 | AC6: 0 | AD6: 0 | AE6: 0
B7: =IF('DMIC List - master'!B7="","",'DMIC List - master'!B7) | C7: =IFERROR(IF(INDEX('DMIC List - master'!$C:$C,MATCH($B7,CONTRACT_ID,0)+5)="","",INDEX('DMIC List - master'!$C:$C,MATCH($B7,CONTRACT_ID,0)+5)),"") | D7: =IFERROR(IF(INDEX('DMIC List - master'!$D:$D,MATCH($B7,CONTRACT_ID,0)+5)="","",INDEX('DMIC List - master'!$D:$D,MATCH($B7,CONTRACT_ID,0)+5)),"") | E7: =IFERROR(IF(INDEX('DMIC List - master'!$E:$E,MATCH($B7,CONTRACT_ID,0)+5)="","",INDEX('DMIC List - master'!$E:$E,MATCH($B7,CONTRACT_ID,0)+5)),"") | G7: =IFERROR(IF(INDEX('DMIC List - master'!$P:$P,MATCH($B7,CONTRACT_ID,0)+5)="","",INDEX('DMIC List - master'!$P:$P,MATCH($B7,CONTRACT_ID,0)+5)),"") | H7: =IFERROR(IF(INDEX('DMIC List - master'!$Q:$Q,MATCH($B7,CONTRACT_ID,0)+5)="","",INDEX('DMIC List - master'!$Q:$Q,MATCH($B7,CONTRACT_ID,0)+5)),"") | I7: =IFERROR(IF(INDEX('DMIC List - master'!$U:$U,MATCH($B7,CONTRACT_ID,0)+5)="","",INDEX('DMIC List - master'!$U:$U,MATCH($B7,CONTRACT_ID,0)+5)),"") | K7: Medium | L7: Low | M7: Medium | N7: Low | O7: Low | P7: Medium | R7: High | S7: High | T7: Medium | U7: High | V7: Medium | X7: =IF($B7="","",IF(COUNTA(K7:P7)+COUNTA(R7:V7)=0,"",(2*COUNTIF(K7:P7,"low")+COUNTIF(K7:P7,"medium")+2*COUNTIF(K7:P7,"unknown"))+(COUNTIF(R7:V7,"medium")+2*COUNTIF(R7:V7,"High")))) | Y7: =IF(X7<>"",IF(X7>9,1,0),"") | Z7: 1 | AA7: 1 | AB7: 1 | AC7: 1 | AD7: 1 | AE7: 1
B8: =IF('DMIC List - master'!B8="","",'DMIC List - master'!B8) | C8: =IFERROR(IF(INDEX('DMIC List - master'!$C:$C,MATCH($B8,CONTRACT_ID,0)+5)="","",INDEX('DMIC List - master'!$C:$C,MATCH($B8,CONTRACT_ID,0)+5)),"") | D8: =IFERROR(IF(INDEX('DMIC List - master'!$D:$D,MATCH($B8,CONTRACT_ID,0)+5)="","",INDEX('DMIC List - master'!$D:$D,MATCH($B8,CONTRACT_ID,0)+5)),"") | E8: =IFERROR(IF(INDEX('DMIC List - master'!$E:$E,MATCH($B8,CONTRACT_ID,0)+5)="","",INDEX('DMIC List - master'!$E:$E,MATCH($B8,CONTRACT_ID,0)+5)),"") | G8: =IFERROR(IF(INDEX('DMIC List - master'!$P:$P,MATCH($B8,CONTRACT_ID,0)+5)="","",INDEX('DMIC List - master'!$P:$P,MATCH($B8,CONTRACT_ID,0)+5)),"") | H8: =IFERROR(IF(INDEX('DMIC List - master'!$Q:$Q,MATCH($B8,CONTRACT_ID,0)+5)="","",INDEX('DMIC List - master'!$Q:$Q,MATCH($B8,CONTRACT_ID,0)+5)),"") | I8: =IFERROR(IF(INDEX('DMIC List - master'!$U:$U,MATCH($B8,CONTRACT_ID,0)+5)="","",INDEX('DMIC List - master'!$U:$U,MATCH($B8,CONTRACT_ID,0)+5)),"") | K8: High | L8: High | M8: High | N8: High | O8: Medium | P8: High | R8: Low | S8: Low | T8: Low | U8: Medium | V8: Low | X8: =IF($B8="","",IF(COUNTA(K8:P8)+COUNTA(R8:V8)=0,"",(2*COUNTIF(K8:P8,"low")+COUNTIF(K8:P8,"medium")+2*COUNTIF(K8:P8,"unknown"))+(COUNTIF(R8:V8,"medium")+2*COUNTIF(R8:V8,"High")))) | Y8: =IF(X8<>"",IF(X8>9,1,0),"") | Z8: 0 | AA8: 0 | AB8: 0 | AC8: 0 | AD8: 0 | AE8: 0
B9: =IF('DMIC List - master'!B9="","",'DMIC List - master'!B9) | C9: =IFERROR(IF(INDEX('DMIC List - master'!$C:$C,MATCH($B9,CONTRACT_ID,0)+5)="","",INDEX('DMIC List - master'!$C:$C,MATCH($B9,CONTRACT_ID,0)+5)),"") | D9: =IFERROR(IF(INDEX('DMIC List - master'!$D:$D,MATCH($B9,CONTRACT_ID,0)+5)="","",INDEX('DMIC List - master'!$D:$D,MATCH($B9,CONTRACT_ID,0)+5)),"") | E9: =IFERROR(IF(INDEX('DMIC List - master'!$E:$E,MATCH($B9,CONTRACT_ID,0)+5)="","",INDEX('DMIC List - master'!$E:$E,MATCH($B9,CONTRACT_ID,0)+5)),"") | G9: =IFERROR(IF(INDEX('DMIC List - master'!$P:$P,MATCH($B9,CONTRACT_ID,0)+5)="","",INDEX('DMIC List - master'!$P:$P,MATCH($B9,CONTRACT_ID,0)+5)),"") | H9: =IFERROR(IF(INDEX('DMIC List - master'!$Q:$Q,MATCH($B9,CONTRACT_ID,0)+5)="","",INDEX('DMIC List - master'!$Q:$Q,MATCH($B9,CONTRACT_ID,0)+5)),"") | I9: =IFERROR(IF(INDEX('DMIC List - master'!$U:$U,MATCH($B9,CONTRACT_ID,0)+5)="","",INDEX('DMIC List - master'!$U:$U,MATCH($B9,CONTRACT_ID,0)+5)),"") | X9: =IF($B9="","",IF(COUNTA(K9:P9)+COUNTA(R9:V9)=0,"",(2*COUNTIF(K9:P9,"low")+COUNTIF(K9:P9,"medium")+2*COUNTIF(K9:P9,"unknown"))+(COUNTIF(R9:V9,"medium")+2*COUNTIF(R9:V9,"High")))) | Y9: =IF(X9<>"",IF(X9>9,1,0),"")
B10: =IF('DMIC List - master'!B10="","",'DMIC List - master'!B10) | C10: =IFERROR(IF(INDEX('DMIC List - master'!$C:$C,MATCH($B10,CONTRACT_ID,0)+5)="","",INDEX('DMIC List - master'!$C:$C,MATCH($B10,CONTRACT_ID,0)+5)),"") | D10: =IFERROR(IF(INDEX('DMIC List - master'!$D:$D,MATCH($B10,CONTRACT_ID,0)+5)="","",INDEX('DMIC List - master'!$D:$D,MATCH($B10,CONTRACT_ID,0)+5)),"") | E10: =IFERROR(IF(INDEX('DMIC List - master'!$E:$E,MATCH($B10,CONTRACT_ID,0)+5)="","",INDEX('DMIC List - master'!$E:$E,MATCH($B10,CONTRACT_ID,0)+5)),"") | G10: =IFERROR(IF(INDEX('DMIC List - master'!$P:$P,MATCH($B10,CONTRACT_ID,0)+5)="","",INDEX('DMIC List - master'!$P:$P,MATCH($B10,CONTRACT_ID,0)+5)),"") | H10: =IFERROR(IF(INDEX('DMIC List - master'!$Q:$Q,MATCH($B10,CONTRACT_ID,0)+5)="","",INDEX('DMIC List - master'!$Q:$Q,MATCH($B10,CONTRACT_ID,0)+5)),"") | I10: =IFERROR(IF(INDEX('DMIC List - master'!$U:$U,MATCH($B10,CONTRACT_ID,0)+5)="","",INDEX('DMIC List - master'!$U:$U,MATCH($B10,CONTRACT_ID,0)+5)),"") | X10: =IF($B10="","",IF(COUNTA(K10:P10)+COUNTA(R10:V10)=0,"",(2*COUNTIF(K10:P10,"low")+COUNTIF(K10:P10,"medium")+2*COUNTIF(K10:P10,"unknown"))+(COUNTIF(R10:V10,"medium")+2*COUNTIF(R10:V10,"High")))) | Y10: =IF(X10<>"",IF(X10>9,1,0),"")
B11: =IF('DMIC List - master'!B11="","",'DMIC List - master'!B11) | C11: =IFERROR(IF(INDEX('DMIC List - master'!$C:$C,MATCH($B11,CONTRACT_ID,0)+5)="","",INDEX('DMIC List - master'!$C:$C,MATCH($B11,CONTRACT_ID,0)+5)),"") | D11: =IFERROR(IF(INDEX('DMIC List - master'!$D:$D,MATCH($B11,CONTRACT_ID,0)+5)="","",INDEX('DMIC List - master'!$D:$D,MATCH($B11,CONTRACT_ID,0)+5)),"") | E11: =IFERROR(IF(INDEX('DMIC List - master'!$E:$E,MATCH($B11,CONTRACT_ID,0)+5)="","",INDEX('DMIC List - master'!$E:$E,MATCH($B11,CONTRACT_ID,0)+5)),"") | G11: =IFERROR(IF(INDEX('DMIC List - master'!$P:$P,MATCH($B11,CONTRACT_ID,0)+5)="","",INDEX('DMIC List - master'!$P:$P,MATCH($B11,CONTRACT_ID,0)+5)),"") | H11: =IFERROR(IF(INDEX('DMIC List - master'!$Q:$Q,MATCH($B11,CONTRACT_ID,0)+5)="","",INDEX('DMIC List - master'!$Q:$Q,MATCH($B11,CONTRACT_ID,0)+5)),"") | I11: =IFERROR(IF(INDEX('DMIC List - master'!$U:$U,MATCH($B11,CONTRACT_ID,0)+5)="","",INDEX('DMIC List - master'!$U:$U,MATCH($B11,CONTRACT_ID,0)+5)),"") | X11: =IF($B11="","",IF(COUNTA(K11:P11)+COUNTA(R11:V11)=0,"",(2*COUNTIF(K11:P11,"low")+COUNTIF(K11:P11,"medium")+2*COUNTIF(K11:P11,"unknown"))+(COUNTIF(R11:V11,"medium")+2*COUNTIF(R11:V11,"High")))) | Y11: =IF(X11<>"",IF(X11>9,1,0),"")
B12: =IF('DMIC List - master'!B12="","",'DMIC List - master'!B12) | C12: =IFERROR(IF(INDEX('DMIC List - master'!$C:$C,MATCH($B12,CONTRACT_ID,0)+5)="","",INDEX('DMIC List - master'!$C:$C,MATCH($B12,CONTRACT_ID,0)+5)),"") | D12: =IFERROR(IF(INDEX('DMIC List - master'!$D:$D,MATCH($B12,CONTRACT_ID,0)+5)="","",INDEX('DMIC List - master'!$D:$D,MATCH($B12,CONTRACT_ID,0)+5)),"") | E12: =IFERROR(IF(INDEX('DMIC List - master'!$E:$E,MATCH($B12,CONTRACT_ID,0)+5)="","",INDEX('DMIC List - master'!$E:$E,MATCH($B12,CONTRACT_ID,0)+5)),"") | G12: =IFERROR(IF(INDEX('DMIC List - master'!$P:$P,MATCH($B12,CONTRACT_ID,0)+5)="","",INDEX('DMIC List - master'!$P:$P,MATCH($B12,CONTRACT_ID,0)+5)),"") | H12: =IFERROR(IF(INDEX('DMIC List - master'!$Q:$Q,MATCH($B12,CONTRACT_ID,0)+5)="","",INDEX('DMIC List - master'!$Q:$Q,MATCH($B12,CONTRACT_ID,0)+5)),"") | I12: =IFERROR(IF(INDEX('DMIC List - master'!$U:$U,MATCH($B12,CONTRACT_ID,0)+5)="","",INDEX('DMIC List - master'!$U:$U,MATCH($B12,CONTRACT_ID,0)+5)),"") | X12: =IF($B12="","",IF(COUNTA(K12:P12)+COUNTA(R12:V12)=0,"",(2*COUNTIF(K12:P12,"low")+COUNTIF(K12:P12,"medium")+2*COUNTIF(K12:P12,"unknown"))+(COUNTIF(R12:V12,"medium")+2*COUNTIF(R12:V12,"High")))) | Y12: =IF(X12<>"",IF(X12>9,1,0),"")
B13: =IF('DMIC List - master'!B13="","",'DMIC List - master'!B13) | C13: =IFERROR(IF(INDEX('DMIC List - master'!$C:$C,MATCH($B13,CONTRACT_ID,0)+5)="","",INDEX('DMIC List - master'!$C:$C,MATCH($B13,CONTRACT_ID,0)+5)),"") | D13: =IFERROR(IF(INDEX('DMIC List - master'!$D:$D,MATCH($B13,CONTRACT_ID,0)+5)="","",INDEX('DMIC List - master'!$D:$D,MATCH($B13,CONTRACT_ID,0)+5)),"") | E13: =IFERROR(IF(INDEX('DMIC List - master'!$E:$E,MATCH($B13,CONTRACT_ID,0)+5)="","",INDEX('DMIC List - master'!$E:$E,MATCH($B13,CONTRACT_ID,0)+5)),"") | G13: =IFERROR(IF(INDEX('DMIC List - master'!$P:$P,MATCH($B13,CONTRACT_ID,0)+5)="","",INDEX('DMIC List - master'!$P:$P,MATCH($B13,CONTRACT_ID,0)+5)),"") | H13: =IFERROR(IF(INDEX('DMIC List - master'!$Q:$Q,MATCH($B13,CONTRACT_ID,0)+5)="","",INDEX('DMIC List - master'!$Q:$Q,MATCH($B13,CONTRACT_ID,0)+5)),"") | I13: =IFERROR(IF(INDEX('DMIC List - master'!$U:$U,MATCH($B13,CONTRACT_ID,0)+5)="","",INDEX('DMIC List - master'!$U:$U,MATCH($B13,CONTRACT_ID,0)+5)),"") | X13: =IF($B13="","",IF(COUNTA(K13:P13)+COUNTA(R13:V13)=0,"",(2*COUNTIF(K13:P13,"low")+COUNTIF(K13:P13,"medium")+2*COUNTIF(K13:P13,"unknown"))+(COUNTIF(R13:V13,"medium")+2*COUNTIF(R13:V13,"High")))) | Y13: =IF(X13<>"",IF(X13>9,1,0),"")
B14: =IF('DMIC List - master'!B14="","",'DMIC List - master'!B14) | C14: =IFERROR(IF(INDEX('DMIC List - master'!$C:$C,MATCH($B14,CONTRACT_ID,0)+5)="","",INDEX('DMIC List - master'!$C:$C,MATCH($B14,CONTRACT_ID,0)+5)),"") | D14: =IFERROR(IF(INDEX('DMIC List - master'!$D:$D,MATCH($B14,CONTRACT_ID,0)+5)="","",INDEX('DMIC List - master'!$D:$D,MATCH($B14,CONTRACT_ID,0)+5)),"") | E14: =IFERROR(IF(INDEX('DMIC List - master'!$E:$E,MATCH($B14,CONTRACT_ID,0)+5)="","",INDEX('DMIC List - master'!$E:$E,MATCH($B14,CONTRACT_ID,0)+5)),"") | G14: =IFERROR(IF(INDEX('DMIC List - master'!$P:$P,MATCH($B14,CONTRACT_ID,0)+5)="","",INDEX('DMIC List - master'!$P:$P,MATCH($B14,CONTRACT_ID,0)+5)),"") | H14: =IFERROR(IF(INDEX('DMIC List - master'!$Q:$Q,MATCH($B14,CONTRACT_ID,0)+5)="","",INDEX('DMIC List - master'!$Q:$Q,MATCH($B14,CONTRACT_ID,0)+5)),"") | I14: =IFERROR(IF(INDEX('DMIC List - master'!$U:$U,MATCH($B14,CONTRACT_ID,0)+5)="","",INDEX('DMIC List - master'!$U:$U,MATCH($B14,CONTRACT_ID,0)+5)),"") | X14: =IF($B14="","",IF(COUNTA(K14:P14)+COUNTA(R14:V14)=0,"",(2*COUNTIF(K14:P14,"low")+COUNTIF(K14:P14,"medium")+2*COUNTIF(K14:P14,"unknown"))+(COUNTIF(R14:V14,"medium")+2*COUNTIF(R14:V14,"High")))) | Y14: =IF(X14<>"",IF(X14>9,1,0),"")
B15: =IF('DMIC List - master'!B15="","",'DMIC List - master'!B15) | C15: =IFERROR(IF(INDEX('DMIC List - master'!$C:$C,MATCH($B15,CONTRACT_ID,0)+5)="","",INDEX('DMIC List - master'!$C:$C,MATCH($B15,CONTRACT_ID,0)+5)),"") | D15: =IFERROR(IF(INDEX('DMIC List - master'!$D:$D,MATCH($B15,CONTRACT_ID,0)+5)="","",INDEX('DMIC List - master'!$D:$D,MATCH($B15,CONTRACT_ID,0)+5)),"") | E15: =IFERROR(IF(INDEX('DMIC List - master'!$E:$E,MATCH($B15,CONTRACT_ID,0)+5)="","",INDEX('DMIC List - master'!$E:$E,MATCH($B15,CONTRACT_ID,0)+5)),"") | G15: =IFERROR(IF(INDEX('DMIC List - master'!$P:$P,MATCH($B15,CONTRACT_ID,0)+5)="","",INDEX('DMIC List - master'!$P:$P,MATCH($B15,CONTRACT_ID,0)+5)),"") | H15: =IFERROR(IF(INDEX('DMIC List - master'!$Q:$Q,MATCH($B15,CONTRACT_ID,0)+5)="","",INDEX('DMIC List - master'!$Q:$Q,MATCH($B15,CONTRACT_ID,0)+5)),"") | I15: =IFERROR(IF(INDEX('DMIC List - master'!$U:$U,MATCH($B15,CONTRACT_ID,0)+5)="","",INDEX('DMIC List - master'!$U:$U,MATCH($B15,CONTRACT_ID,0)+5)),"") | X15: =IF($B15="","",IF(COUNTA(K15:P15)+COUNTA(R15:V15)=0,"",(2*COUNTIF(K15:P15,"low")+COUNTIF(K15:P15,"medium")+2*COUNTIF(K15:P15,"unknown"))+(COUNTIF(R15:V15,"medium")+2*COUNTIF(R15:V15,"High")))) | Y15: =IF(X15<>"",IF(X15>9,1,0),"")
B16: =IF('DMIC List - master'!B16="","",'DMIC List - master'!B16) | C16: =IFERROR(IF(INDEX('DMIC List - master'!$C:$C,MATCH($B16,CONTRACT_ID,0)+5)="","",INDEX('DMIC List - master'!$C:$C,MATCH($B16,CONTRACT_ID,0)+5)),"") | D16: =IFERROR(IF(INDEX('DMIC List - master'!$D:$D,MATCH($B16,CONTRACT_ID,0)+5)="","",INDEX('DMIC List - master'!$D:$D,MATCH($B16,CONTRACT_ID,0)+5)),"") | E16: =IFERROR(IF(INDEX('DMIC List - master'!$E:$E,MATCH($B16,CONTRACT_ID,0)+5)="","",INDEX('DMIC List - master'!$E:$E,MATCH($B16,CONTRACT_ID,0)+5)),"") | G16: =IFERROR(IF(INDEX('DMIC List - master'!$P:$P,MATCH($B16,CONTRACT_ID,0)+5)="","",INDEX('DMIC List - master'!$P:$P,MATCH($B16,CONTRACT_ID,0)+5)),"") | H16: =IFERROR(IF(INDEX('DMIC List - master'!$Q:$Q,MATCH($B16,CONTRACT_ID,0)+5)="","",INDEX('DMIC List - master'!$Q:$Q,MATCH($B16,CONTRACT_ID,0)+5)),"") | I16: =IFERROR(IF(INDEX('DMIC List - master'!$U:$U,MATCH($B16,CONTRACT_ID,0)+5)="","",INDEX('DMIC List - master'!$U:$U,MATCH($B16,CONTRACT_ID,0)+5)),"") | X16: =IF($B16="","",IF(COUNTA(K16:P16)+COUNTA(R16:V16)=0,"",(2*COUNTIF(K16:P16,"low")+COUNTIF(K16:P16,"medium")+2*COUNTIF(K16:P16,"unknown"))+(COUNTIF(R16:V16,"medium")+2*COUNTIF(R16:V16,"High")))) | Y16: =IF(X16<>"",IF(X16>9,1,0),"")
B17: =IF('DMIC List - master'!B17="","",'DMIC List - master'!B17) | C17: =IFERROR(IF(INDEX('DMIC List - master'!$C:$C,MATCH($B17,CONTRACT_ID,0)+5)="","",INDEX('DMIC List - master'!$C:$C,MATCH($B17,CONTRACT_ID,0)+5)),"") | D17: =IFERROR(IF(INDEX('DMIC List - master'!$D:$D,MATCH($B17,CONTRACT_ID,0)+5)="","",INDEX('DMIC List - master'!$D:$D,MATCH($B17,CONTRACT_ID,0)+5)),"") | E17: =IFERROR(IF(INDEX('DMIC List - master'!$E:$E,MATCH($B17,CONTRACT_ID,0)+5)="","",INDEX('DMIC List - master'!$E:$E,MATCH($B17,CONTRACT_ID,0)+5)),"") | G17: =IFERROR(IF(INDEX('DMIC List - master'!$P:$P,MATCH($B17,CONTRACT_ID,0)+5)="","",INDEX('DMIC List - master'!$P:$P,MATCH($B17,CONTRACT_ID,0)+5)),"") | H17: =IFERROR(IF(INDEX('DMIC List - master'!$Q:$Q,MATCH($B17,CONTRACT_ID,0)+5)="","",INDEX('DMIC List - master'!$Q:$Q,MATCH($B17,CONTRACT_ID,0)+5)),"") | I17: =IFERROR(IF(INDEX('DMIC List - master'!$U:$U,MATCH($B17,CONTRACT_ID,0)+5)="","",INDEX('DMIC List - master'!$U:$U,MATCH($B17,CONTRACT_ID,0)+5)),"") | X17: =IF($B17="","",IF(COUNTA(K17:P17)+COUNTA(R17:V17)=0,"",(2*COUNTIF(K17:P17,"low")+COUNTIF(K17:P17,"medium")+2*COUNTIF(K17:P17,"unknown"))+(COUNTIF(R17:V17,"medium")+2*COUNTIF(R17:V17,"High")))) | Y17: =IF(X17<>"",IF(X17>9,1,0),"")
B18: =IF('DMIC List - master'!B18="","",'DMIC List - master'!B18) | C18: =IFERROR(IF(INDEX('DMIC List - master'!$C:$C,MATCH($B18,CONTRACT_ID,0)+5)="","",INDEX('DMIC List - master'!$C:$C,MATCH($B18,CONTRACT_ID,0)+5)),"") | D18: =IFERROR(IF(INDEX('DMIC List - master'!$D:$D,MATCH($B18,CONTRACT_ID,0)+5)="","",INDEX('DMIC List - master'!$D:$D,MATCH($B18,CONTRACT_ID,0)+5)),"") | E18: =IFERROR(IF(INDEX('DMIC List - master'!$E:$E,MATCH($B18,CONTRACT_ID,0)+5)="","",INDEX('DMIC List - master'!$E:$E,MATCH($B18,CONTRACT_ID,0)+5)),"") | G18: =IFERROR(IF(INDEX('DMIC List - master'!$P:$P,MATCH($B18,CONTRACT_ID,0)+5)="","",INDEX('DMIC List - master'!$P:$P,MATCH($B18,CONTRACT_ID,0)+5)),"") | H18: =IFERROR(IF(INDEX('DMIC List - master'!$Q:$Q,MATCH($B18,CONTRACT_ID,0)+5)="","",INDEX('DMIC List - master'!$Q:$Q,MATCH($B18,CONTRACT_ID,0)+5)),"") | I18: =IFERROR(IF(INDEX('DMIC List - master'!$U:$U,MATCH($B18,CONTRACT_ID,0)+5)="","",INDEX('DMIC List - master'!$U:$U,MATCH($B18,CONTRACT_ID,0)+5)),"") | X18: =IF($B18="","",IF(COUNTA(K18:P18)+COUNTA(R18:V18)=0,"",(2*COUNTIF(K18:P18,"low")+COUNTIF(K18:P18,"medium")+2*COUNTIF(K18:P18,"unknown"))+(COUNTIF(R18:V18,"medium")+2*COUNTIF(R18:V18,"High")))) | Y18: =IF(X18<>"",IF(X18>9,1,0),"")
B19: =IF('DMIC List - master'!B19="","",'DMIC List - master'!B19) | C19: =IFERROR(IF(INDEX('DMIC List - master'!$C:$C,MATCH($B19,CONTRACT_ID,0)+5)="","",INDEX('DMIC List - master'!$C:$C,MATCH($B19,CONTRACT_ID,0)+5)),"") | D19: =IFERROR(IF(INDEX('DMIC List - master'!$D:$D,MATCH($B19,CONTRACT_ID,0)+5)="","",INDEX('DMIC List - master'!$D:$D,MATCH($B19,CONTRACT_ID,0)+5)),"") | E19: =IFERROR(IF(INDEX('DMIC List - master'!$E:$E,MATCH($B19,CONTRACT_ID,0)+5)="","",INDEX('DMIC List - master'!$E:$E,MATCH($B19,CONTRACT_ID,0)+5)),"") | G19: =IFERROR(IF(INDEX('DMIC List - master'!$P:$P,MATCH($B19,CONTRACT_ID,0)+5)="","",INDEX('DMIC List - master'!$P:$P,MATCH($B19,CONTRACT_ID,0)+5)),"") | H19: =IFERROR(IF(INDEX('DMIC List - master'!$Q:$Q,MATCH($B19,CONTRACT_ID,0)+5)="","",INDEX('DMIC List - master'!$Q:$Q,MATCH($B19,CONTRACT_ID,0)+5)),"") | I19: =IFERROR(IF(INDEX('DMIC List - master'!$U:$U,MATCH($B19,CONTRACT_ID,0)+5)="","",INDEX('DMIC List - master'!$U:$U,MATCH($B19,CONTRACT_ID,0)+5)),"") | X19: =IF($B19="","",IF(COUNTA(K19:P19)+COUNTA(R19:V19)=0,"",(2*COUNTIF(K19:P19,"low")+COUNTIF(K19:P19,"medium")+2*COUNTIF(K19:P19,"unknown"))+(COUNTIF(R19:V19,"medium")+2*COUNTIF(R19:V19,"High")))) | Y19: =IF(X19<>"",IF(X19>9,1,0),"")
B20: =IF('DMIC List - master'!B20="","",'DMIC List - master'!B20) | C20: =IFERROR(IF(INDEX('DMIC List - master'!$C:$C,MATCH($B20,CONTRACT_ID,0)+5)="","",INDEX('DMIC List - master'!$C:$C,MATCH($B20,CONTRACT_ID,0)+5)),"") | D20: =IFERROR(IF(INDEX('DMIC List - master'!$D:$D,MATCH($B20,CONTRACT_ID,0)+5)="","",INDEX('DMIC List - master'!$D:$D,MATCH($B20,CONTRACT_ID,0)+5)),"") | E20: =IFERROR(IF(INDEX('DMIC List - master'!$E:$E,MATCH($B20,CONTRACT_ID,0)+5)="","",INDEX('DMIC List - master'!$E:$E,MATCH($B20,CONTRACT_ID,0)+5)),"") | G20: =IFERROR(IF(INDEX('DMIC List - master'!$P:$P,MATCH($B20,CONTRACT_ID,0)+5)="","",INDEX('DMIC List - master'!$P:$P,MATCH($B20,CONTRACT_ID,0)+5)),"") | H20: =IFERROR(IF(INDEX('DMIC List - master'!$Q:$Q,MATCH($B20,CONTRACT_ID,0)+5)="","",INDEX('DMIC List - master'!$Q:$Q,MATCH($B20,CONTRACT_ID,0)+5)),"") | I20: =IFERROR(IF(INDEX('DMIC List - master'!$U:$U,MATCH($B20,CONTRACT_ID,0)+5)="","",INDEX('DMIC List - master'!$U:$U,MATCH($B20,CONTRACT_ID,0)+5)),"") | X20: =IF($B20="","",IF(COUNTA(K20:P20)+COUNTA(R20:V20)=0,"",(2*COUNTIF(K20:P20,"low")+COUNTIF(K20:P20,"medium")+2*COUNTIF(K20:P20,"unknown"))+(COUNTIF(R20:V20,"medium")+2*COUNTIF(R20:V20,"High")))) | Y20: =IF(X20<>"",IF(X20>9,1,0),"")
... B65: =IF('DMIC List - master'!B65="","",'DMIC List - master'!B65) | C65: =IFERROR(IF(INDEX('DMIC List - master'!$C:$C,MATCH($B65,CONTRACT_ID,0)+5)="","",INDEX('DMIC List - master'!$C:$C,MATCH($B65,CONTRACT_ID,0)+5)),"") | D65: =IFERROR(IF(INDEX('DMIC List - master'!$D:$D,MATCH($B65,CONTRACT_ID,0)+5)="","",INDEX('DMIC List - master'!$D:$D,MATCH($B65,CONTRACT_ID,0)+5)),"") | E65: =IFERROR(IF(INDEX('DMIC List - master'!$E:$E,MATCH($B65,CONTRACT_ID,0)+5)="","",INDEX('DMIC List - master'!$E:$E,MATCH($B65,CONTRACT_ID,0)+5)),"") | G65: =IFERROR(IF(INDEX('DMIC List - master'!$P:$P,MATCH($B65,CONTRACT_ID,0)+5)="","",INDEX('DMIC List - master'!$P:$P,MATCH($B65,CONTRACT_ID,0)+5)),"") | H65: =IFERROR(IF(INDEX('DMIC List - master'!$Q:$Q,MATCH($B65,CONTRACT_ID,0)+5)="","",INDEX('DMIC List - master'!$Q:$Q,MATCH($B65,CONTRACT_ID,0)+5)),"") | I65: =IFERROR(IF(INDEX('DMIC List - master'!$U:$U,MATCH($B65,CONTRACT_ID,0)+5)="","",INDEX('DMIC List - master'!$U:$U,MATCH($B65,CONTRACT_ID,0)+5)),"") | X65: =IF($B65="","",IF(COUNTA(K65:P65)+COUNTA(R65:V65)=0,"",(2*COUNTIF(K65:P65,"low")+COUNTIF(K65:P65,"medium")+2*COUNTIF(K65:P65,"unknown"))+(COUNTIF(R65:V65,"medium")+2*COUNTIF(R65:V65,"High")))) | Y65: =IF(X65<>"",IF(X65>9,1,0),"")

Sheet Useful Docs
B2: Useful Docs
B3: Contract Number, Area, contractor and key personnel are live look-ups from Contracts — never retyped here.
B4: Contract Information | G4: Key Personnel | K4: Useful Documents | R4: Notes
B5: Contract Number | C5: Area | D5: Contractor | E5: Description | G5: Commissioning Engineer | H5: Commissioning Manager | I5: DMIC Co-ordinator | K5: Team Centre Contract | L5: Commissioning Surveillance Strategy Doc. No. | M5: NNB PQCP | N5: Partitioning Strategy | O5: DMIC Folder | P5: Commissioning Sharepoint (Delivery) | R5: Notes
B6: =IF('DMIC List - master'!B6="","",'DMIC List - master'!B6) | C6: =IFERROR(IF(INDEX('DMIC List - master'!$C:$C,MATCH($B6,CONTRACT_ID,0)+5)="","",INDEX('DMIC List - master'!$C:$C,MATCH($B6,CONTRACT_ID,0)+5)),"") | D6: =IFERROR(IF(INDEX('DMIC List - master'!$D:$D,MATCH($B6,CONTRACT_ID,0)+5)="","",INDEX('DMIC List - master'!$D:$D,MATCH($B6,CONTRACT_ID,0)+5)),"") | E6: =IFERROR(IF(INDEX('DMIC List - master'!$E:$E,MATCH($B6,CONTRACT_ID,0)+5)="","",INDEX('DMIC List - master'!$E:$E,MATCH($B6,CONTRACT_ID,0)+5)),"") | G6: =IFERROR(IF(INDEX('DMIC List - master'!$P:$P,MATCH($B6,CONTRACT_ID,0)+5)="","",INDEX('DMIC List - master'!$P:$P,MATCH($B6,CONTRACT_ID,0)+5)),"") | H6: =IFERROR(IF(INDEX('DMIC List - master'!$Q:$Q,MATCH($B6,CONTRACT_ID,0)+5)="","",INDEX('DMIC List - master'!$Q:$Q,MATCH($B6,CONTRACT_ID,0)+5)),"") | I6: =IFERROR(IF(INDEX('DMIC List - master'!$U:$U,MATCH($B6,CONTRACT_ID,0)+5)="","",INDEX('DMIC List - master'!$U:$U,MATCH($B6,CONTRACT_ID,0)+5)),"")
B7: =IF('DMIC List - master'!B7="","",'DMIC List - master'!B7) | C7: =IFERROR(IF(INDEX('DMIC List - master'!$C:$C,MATCH($B7,CONTRACT_ID,0)+5)="","",INDEX('DMIC List - master'!$C:$C,MATCH($B7,CONTRACT_ID,0)+5)),"") | D7: =IFERROR(IF(INDEX('DMIC List - master'!$D:$D,MATCH($B7,CONTRACT_ID,0)+5)="","",INDEX('DMIC List - master'!$D:$D,MATCH($B7,CONTRACT_ID,0)+5)),"") | E7: =IFERROR(IF(INDEX('DMIC List - master'!$E:$E,MATCH($B7,CONTRACT_ID,0)+5)="","",INDEX('DMIC List - master'!$E:$E,MATCH($B7,CONTRACT_ID,0)+5)),"") | G7: =IFERROR(IF(INDEX('DMIC List - master'!$P:$P,MATCH($B7,CONTRACT_ID,0)+5)="","",INDEX('DMIC List - master'!$P:$P,MATCH($B7,CONTRACT_ID,0)+5)),"") | H7: =IFERROR(IF(INDEX('DMIC List - master'!$Q:$Q,MATCH($B7,CONTRACT_ID,0)+5)="","",INDEX('DMIC List - master'!$Q:$Q,MATCH($B7,CONTRACT_ID,0)+5)),"") | I7: =IFERROR(IF(INDEX('DMIC List - master'!$U:$U,MATCH($B7,CONTRACT_ID,0)+5)="","",INDEX('DMIC List - master'!$U:$U,MATCH($B7,CONTRACT_ID,0)+5)),"")
B8: =IF('DMIC List - master'!B8="","",'DMIC List - master'!B8) | C8: =IFERROR(IF(INDEX('DMIC List - master'!$C:$C,MATCH($B8,CONTRACT_ID,0)+5)="","",INDEX('DMIC List - master'!$C:$C,MATCH($B8,CONTRACT_ID,0)+5)),"") | D8: =IFERROR(IF(INDEX('DMIC List - master'!$D:$D,MATCH($B8,CONTRACT_ID,0)+5)="","",INDEX('DMIC List - master'!$D:$D,MATCH($B8,CONTRACT_ID,0)+5)),"") | E8: =IFERROR(IF(INDEX('DMIC List - master'!$E:$E,MATCH($B8,CONTRACT_ID,0)+5)="","",INDEX('DMIC List - master'!$E:$E,MATCH($B8,CONTRACT_ID,0)+5)),"") | G8: =IFERROR(IF(INDEX('DMIC List - master'!$P:$P,MATCH($B8,CONTRACT_ID,0)+5)="","",INDEX('DMIC List - master'!$P:$P,MATCH($B8,CONTRACT_ID,0)+5)),"") | H8: =IFERROR(IF(INDEX('DMIC List - master'!$Q:$Q,MATCH($B8,CONTRACT_ID,0)+5)="","",INDEX('DMIC List - master'!$Q:$Q,MATCH($B8,CONTRACT_ID,0)+5)),"") | I8: =IFERROR(IF(INDEX('DMIC List - master'!$U:$U,MATCH($B8,CONTRACT_ID,0)+5)="","",INDEX('DMIC List - master'!$U:$U,MATCH($B8,CONTRACT_ID,0)+5)),"")
B9: =IF('DMIC List - master'!B9="","",'DMIC List - master'!B9) | C9: =IFERROR(IF(INDEX('DMIC List - master'!$C:$C,MATCH($B9,CONTRACT_ID,0)+5)="","",INDEX('DMIC List - master'!$C:$C,MATCH($B9,CONTRACT_ID,0)+5)),"") | D9: =IFERROR(IF(INDEX('DMIC List - master'!$D:$D,MATCH($B9,CONTRACT_ID,0)+5)="","",INDEX('DMIC List - master'!$D:$D,MATCH($B9,CONTRACT_ID,0)+5)),"") | E9: =IFERROR(IF(INDEX('DMIC List - master'!$E:$E,MATCH($B9,CONTRACT_ID,0)+5)="","",INDEX('DMIC List - master'!$E:$E,MATCH($B9,CONTRACT_ID,0)+5)),"") | G9: =IFERROR(IF(INDEX('DMIC List - master'!$P:$P,MATCH($B9,CONTRACT_ID,0)+5)="","",INDEX('DMIC List - master'!$P:$P,MATCH($B9,CONTRACT_ID,0)+5)),"") | H9: =IFERROR(IF(INDEX('DMIC List - master'!$Q:$Q,MATCH($B9,CONTRACT_ID,0)+5)="","",INDEX('DMIC List - master'!$Q:$Q,MATCH($B9,CONTRACT_ID,0)+5)),"") | I9: =IFERROR(IF(INDEX('DMIC List - master'!$U:$U,MATCH($B9,CONTRACT_ID,0)+5)="","",INDEX('DMIC List - master'!$U:$U,MATCH($B9,CONTRACT_ID,0)+5)),"")
B10: =IF('DMIC List - master'!B10="","",'DMIC List - master'!B10) | C10: =IFERROR(IF(INDEX('DMIC List - master'!$C:$C,MATCH($B10,CONTRACT_ID,0)+5)="","",INDEX('DMIC List - master'!$C:$C,MATCH($B10,CONTRACT_ID,0)+5)),"") | D10: =IFERROR(IF(INDEX('DMIC List - master'!$D:$D,MATCH($B10,CONTRACT_ID,0)+5)="","",INDEX('DMIC List - master'!$D:$D,MATCH($B10,CONTRACT_ID,0)+5)),"") | E10: =IFERROR(IF(INDEX('DMIC List - master'!$E:$E,MATCH($B10,CONTRACT_ID,0)+5)="","",INDEX('DMIC List - master'!$E:$E,MATCH($B10,CONTRACT_ID,0)+5)),"") | G10: =IFERROR(IF(INDEX('DMIC List - master'!$P:$P,MATCH($B10,CONTRACT_ID,0)+5)="","",INDEX('DMIC List - master'!$P:$P,MATCH($B10,CONTRACT_ID,0)+5)),"") | H10: =IFERROR(IF(INDEX('DMIC List - master'!$Q:$Q,MATCH($B10,CONTRACT_ID,0)+5)="","",INDEX('DMIC List - master'!$Q:$Q,MATCH($B10,CONTRACT_ID,0)+5)),"") | I10: =IFERROR(IF(INDEX('DMIC List - master'!$U:$U,MATCH($B10,CONTRACT_ID,0)+5)="","",INDEX('DMIC List - master'!$U:$U,MATCH($B10,CONTRACT_ID,0)+5)),"")
B11: =IF('DMIC List - master'!B11="","",'DMIC List - master'!B11) | C11: =IFERROR(IF(INDEX('DMIC List - master'!$C:$C,MATCH($B11,CONTRACT_ID,0)+5)="","",INDEX('DMIC List - master'!$C:$C,MATCH($B11,CONTRACT_ID,0)+5)),"") | D11: =IFERROR(IF(INDEX('DMIC List - master'!$D:$D,MATCH($B11,CONTRACT_ID,0)+5)="","",INDEX('DMIC List - master'!$D:$D,MATCH($B11,CONTRACT_ID,0)+5)),"") | E11: =IFERROR(IF(INDEX('DMIC List - master'!$E:$E,MATCH($B11,CONTRACT_ID,0)+5)="","",INDEX('DMIC List - master'!$E:$E,MATCH($B11,CONTRACT_ID,0)+5)),"") | G11: =IFERROR(IF(INDEX('DMIC List - master'!$P:$P,MATCH($B11,CONTRACT_ID,0)+5)="","",INDEX('DMIC List - master'!$P:$P,MATCH($B11,CONTRACT_ID,0)+5)),"") | H11: =IFERROR(IF(INDEX('DMIC List - master'!$Q:$Q,MATCH($B11,CONTRACT_ID,0)+5)="","",INDEX('DMIC List - master'!$Q:$Q,MATCH($B11,CONTRACT_ID,0)+5)),"") | I11: =IFERROR(IF(INDEX('DMIC List - master'!$U:$U,MATCH($B11,CONTRACT_ID,0)+5)="","",INDEX('DMIC List - master'!$U:$U,MATCH($B11,CONTRACT_ID,0)+5)),"")
B12: =IF('DMIC List - master'!B12="","",'DMIC List - master'!B12) | C12: =IFERROR(IF(INDEX('DMIC List - master'!$C:$C,MATCH($B12,CONTRACT_ID,0)+5)="","",INDEX('DMIC List - master'!$C:$C,MATCH($B12,CONTRACT_ID,0)+5)),"") | D12: =IFERROR(IF(INDEX('DMIC List - master'!$D:$D,MATCH($B12,CONTRACT_ID,0)+5)="","",INDEX('DMIC List - master'!$D:$D,MATCH($B12,CONTRACT_ID,0)+5)),"") | E12: =IFERROR(IF(INDEX('DMIC List - master'!$E:$E,MATCH($B12,CONTRACT_ID,0)+5)="","",INDEX('DMIC List - master'!$E:$E,MATCH($B12,CONTRACT_ID,0)+5)),"") | G12: =IFERROR(IF(INDEX('DMIC List - master'!$P:$P,MATCH($B12,CONTRACT_ID,0)+5)="","",INDEX('DMIC List - master'!$P:$P,MATCH($B12,CONTRACT_ID,0)+5)),"") | H12: =IFERROR(IF(INDEX('DMIC List - master'!$Q:$Q,MATCH($B12,CONTRACT_ID,0)+5)="","",INDEX('DMIC List - master'!$Q:$Q,MATCH($B12,CONTRACT_ID,0)+5)),"") | I12: =IFERROR(IF(INDEX('DMIC List - master'!$U:$U,MATCH($B12,CONTRACT_ID,0)+5)="","",INDEX('DMIC List - master'!$U:$U,MATCH($B12,CONTRACT_ID,0)+5)),"")
B13: =IF('DMIC List - master'!B13="","",'DMIC List - master'!B13) | C13: =IFERROR(IF(INDEX('DMIC List - master'!$C:$C,MATCH($B13,CONTRACT_ID,0)+5)="","",INDEX('DMIC List - master'!$C:$C,MATCH($B13,CONTRACT_ID,0)+5)),"") | D13: =IFERROR(IF(INDEX('DMIC List - master'!$D:$D,MATCH($B13,CONTRACT_ID,0)+5)="","",INDEX('DMIC List - master'!$D:$D,MATCH($B13,CONTRACT_ID,0)+5)),"") | E13: =IFERROR(IF(INDEX('DMIC List - master'!$E:$E,MATCH($B13,CONTRACT_ID,0)+5)="","",INDEX('DMIC List - master'!$E:$E,MATCH($B13,CONTRACT_ID,0)+5)),"") | G13: =IFERROR(IF(INDEX('DMIC List - master'!$P:$P,MATCH($B13,CONTRACT_ID,0)+5)="","",INDEX('DMIC List - master'!$P:$P,MATCH($B13,CONTRACT_ID,0)+5)),"") | H13: =IFERROR(IF(INDEX('DMIC List - master'!$Q:$Q,MATCH($B13,CONTRACT_ID,0)+5)="","",INDEX('DMIC List - master'!$Q:$Q,MATCH($B13,CONTRACT_ID,0)+5)),"") | I13: =IFERROR(IF(INDEX('DMIC List - master'!$U:$U,MATCH($B13,CONTRACT_ID,0)+5)="","",INDEX('DMIC List - master'!$U:$U,MATCH($B13,CONTRACT_ID,0)+5)),"")
B14: =IF('DMIC List - master'!B14="","",'DMIC List - master'!B14) | C14: =IFERROR(IF(INDEX('DMIC List - master'!$C:$C,MATCH($B14,CONTRACT_ID,0)+5)="","",INDEX('DMIC List - master'!$C:$C,MATCH($B14,CONTRACT_ID,0)+5)),"") | D14: =IFERROR(IF(INDEX('DMIC List - master'!$D:$D,MATCH($B14,CONTRACT_ID,0)+5)="","",INDEX('DMIC List - master'!$D:$D,MATCH($B14,CONTRACT_ID,0)+5)),"") | E14: =IFERROR(IF(INDEX('DMIC List - master'!$E:$E,MATCH($B14,CONTRACT_ID,0)+5)="","",INDEX('DMIC List - master'!$E:$E,MATCH($B14,CONTRACT_ID,0)+5)),"") | G14: =IFERROR(IF(INDEX('DMIC List - master'!$P:$P,MATCH($B14,CONTRACT_ID,0)+5)="","",INDEX('DMIC List - master'!$P:$P,MATCH($B14,CONTRACT_ID,0)+5)),"") | H14: =IFERROR(IF(INDEX('DMIC List - master'!$Q:$Q,MATCH($B14,CONTRACT_ID,0)+5)="","",INDEX('DMIC List - master'!$Q:$Q,MATCH($B14,CONTRACT_ID,0)+5)),"") | I14: =IFERROR(IF(INDEX('DMIC List - master'!$U:$U,MATCH($B14,CONTRACT_ID,0)+5)="","",INDEX('DMIC List - master'!$U:$U,MATCH($B14,CONTRACT_ID,0)+5)),"")
B15: =IF('DMIC List - master'!B15="","",'DMIC List - master'!B15) | C15: =IFERROR(IF(INDEX('DMIC List - master'!$C:$C,MATCH($B15,CONTRACT_ID,0)+5)="","",INDEX('DMIC List - master'!$C:$C,MATCH($B15,CONTRACT_ID,0)+5)),"") | D15: =IFERROR(IF(INDEX('DMIC List - master'!$D:$D,MATCH($B15,CONTRACT_ID,0)+5)="","",INDEX('DMIC List - master'!$D:$D,MATCH($B15,CONTRACT_ID,0)+5)),"") | E15: =IFERROR(IF(INDEX('DMIC List - master'!$E:$E,MATCH($B15,CONTRACT_ID,0)+5)="","",INDEX('DMIC List - master'!$E:$E,MATCH($B15,CONTRACT_ID,0)+5)),"") | G15: =IFERROR(IF(INDEX('DMIC List - master'!$P:$P,MATCH($B15,CONTRACT_ID,0)+5)="","",INDEX('DMIC List - master'!$P:$P,MATCH($B15,CONTRACT_ID,0)+5)),"") | H15: =IFERROR(IF(INDEX('DMIC List - master'!$Q:$Q,MATCH($B15,CONTRACT_ID,0)+5)="","",INDEX('DMIC List - master'!$Q:$Q,MATCH($B15,CONTRACT_ID,0)+5)),"") | I15: =IFERROR(IF(INDEX('DMIC List - master'!$U:$U,MATCH($B15,CONTRACT_ID,0)+5)="","",INDEX('DMIC List - master'!$U:$U,MATCH($B15,CONTRACT_ID,0)+5)),"")
B16: =IF('DMIC List - master'!B16="","",'DMIC List - master'!B16) | C16: =IFERROR(IF(INDEX('DMIC List - master'!$C:$C,MATCH($B16,CONTRACT_ID,0)+5)="","",INDEX('DMIC List - master'!$C:$C,MATCH($B16,CONTRACT_ID,0)+5)),"") | D16: =IFERROR(IF(INDEX('DMIC List - master'!$D:$D,MATCH($B16,CONTRACT_ID,0)+5)="","",INDEX('DMIC List - master'!$D:$D,MATCH($B16,CONTRACT_ID,0)+5)),"") | E16: =IFERROR(IF(INDEX('DMIC List - master'!$E:$E,MATCH($B16,CONTRACT_ID,0)+5)="","",INDEX('DMIC List - master'!$E:$E,MATCH($B16,CONTRACT_ID,0)+5)),"") | G16: =IFERROR(IF(INDEX('DMIC List - master'!$P:$P,MATCH($B16,CONTRACT_ID,0)+5)="","",INDEX('DMIC List - master'!$P:$P,MATCH($B16,CONTRACT_ID,0)+5)),"") | H16: =IFERROR(IF(INDEX('DMIC List - master'!$Q:$Q,MATCH($B16,CONTRACT_ID,0)+5)="","",INDEX('DMIC List - master'!$Q:$Q,MATCH($B16,CONTRACT_ID,0)+5)),"") | I16: =IFERROR(IF(INDEX('DMIC List - master'!$U:$U,MATCH($B16,CONTRACT_ID,0)+5)="","",INDEX('DMIC List - master'!$U:$U,MATCH($B16,CONTRACT_ID,0)+5)),"")
B17: =IF('DMIC List - master'!B17="","",'DMIC List - master'!B17) | C17: =IFERROR(IF(INDEX('DMIC List - master'!$C:$C,MATCH($B17,CONTRACT_ID,0)+5)="","",INDEX('DMIC List - master'!$C:$C,MATCH($B17,CONTRACT_ID,0)+5)),"") | D17: =IFERROR(IF(INDEX('DMIC List - master'!$D:$D,MATCH($B17,CONTRACT_ID,0)+5)="","",INDEX('DMIC List - master'!$D:$D,MATCH($B17,CONTRACT_ID,0)+5)),"") | E17: =IFERROR(IF(INDEX('DMIC List - master'!$E:$E,MATCH($B17,CONTRACT_ID,0)+5)="","",INDEX('DMIC List - master'!$E:$E,MATCH($B17,CONTRACT_ID,0)+5)),"") | G17: =IFERROR(IF(INDEX('DMIC List - master'!$P:$P,MATCH($B17,CONTRACT_ID,0)+5)="","",INDEX('DMIC List - master'!$P:$P,MATCH($B17,CONTRACT_ID,0)+5)),"") | H17: =IFERROR(IF(INDEX('DMIC List - master'!$Q:$Q,MATCH($B17,CONTRACT_ID,0)+5)="","",INDEX('DMIC List - master'!$Q:$Q,MATCH($B17,CONTRACT_ID,0)+5)),"") | I17: =IFERROR(IF(INDEX('DMIC List - master'!$U:$U,MATCH($B17,CONTRACT_ID,0)+5)="","",INDEX('DMIC List - master'!$U:$U,MATCH($B17,CONTRACT_ID,0)+5)),"")
... B65: =IF('DMIC List - master'!B65="","",'DMIC List - master'!B65) | C65: =IFERROR(IF(INDEX('DMIC List - master'!$C:$C,MATCH($B65,CONTRACT_ID,0)+5)="","",INDEX('DMIC List - master'!$C:$C,MATCH($B65,CONTRACT_ID,0)+5)),"") | D65: =IFERROR(IF(INDEX('DMIC List - master'!$D:$D,MATCH($B65,CONTRACT_ID,0)+5)="","",INDEX('DMIC List - master'!$D:$D,MATCH($B65,CONTRACT_ID,0)+5)),"") | E65: =IFERROR(IF(INDEX('DMIC List - master'!$E:$E,MATCH($B65,CONTRACT_ID,0)+5)="","",INDEX('DMIC List - master'!$E:$E,MATCH($B65,CONTRACT_ID,0)+5)),"") | G65: =IFERROR(IF(INDEX('DMIC List - master'!$P:$P,MATCH($B65,CONTRACT_ID,0)+5)="","",INDEX('DMIC List - master'!$P:$P,MATCH($B65,CONTRACT_ID,0)+5)),"") | H65: =IFERROR(IF(INDEX('DMIC List - master'!$Q:$Q,MATCH($B65,CONTRACT_ID,0)+5)="","",INDEX('DMIC List - master'!$Q:$Q,MATCH($B65,CONTRACT_ID,0)+5)),"") | I65: =IFERROR(IF(INDEX('DMIC List - master'!$U:$U,MATCH($B65,CONTRACT_ID,0)+5)="","",INDEX('DMIC List - master'!$U:$U,MATCH($B65,CONTRACT_ID,0)+5)),"")

Sheet Site Services
B2: Site Services
B3: Common building logistics and who is responsible - not contract-specific.
B6: Common Building Logistics | C6: Employer/Contractor Obligation | D6: Service Provider | E6: Service Available | F6: Responsible Party for Costs | G6: Notes | H6: NNB Responsible Team | I6: How this is arranged - details
B7: Task Lighting | C7: DMIC Contractor | D7: DMIC Contractor | E7: DMIC Contractor | F7: DMIC Contractor
B8: Work Area Cleaning | C8: DMIC Contractor | D8: DMIC Contractor | E8: DMIC Contractor | F8: DMIC Contractor
B9: Task Fire Protection/Suppression | C9: DMIC Contractor | D9: DMIC Contractor | E9: DMIC Contractor | F9: DMIC Contractor
B10: Temporary Power Supplies | C10: Employer | D10: Dalkia | E10: Dalkia Contract xx | F10: Employer | I10: Area team to provide, reach out and ask 16wks out but doent always happen
B11: Temporary Lighting | C11: Employer | D11: Dalkia | E11: Dalkia Contract xx | F11: Employer
B12: Temporary HVAC/Heating | C12: Employer | D12: Dalkia | E12: Dalkia Contract xx | F12: Employer
B13: General Area Cleaning | C13: Employer | D13: Wilson James | E13: WJ Contract xx | F13: Employer
B14: Temporary Doors/Opening Protection | C14: Employer | D14: BYLOR/MEH | E14: BYLOR/MEH | F14: Employer | G14: Confirm provider?
B15: Internal Flow Management (signage, barriers) | C15: Employer | D15: Wilson James | E15: WJ Contract xx | F15: Employer | I15: FAYAT responsible for barriers they have their own
B16: External Flow Management (signage, barriers) | C16: Employer | D16: Wilson James | E16: WJ Contract xx | F16: Employer
B17: Temporary Fire Stops | C17: Employer | D17: Wilson James | E17: WJ Contract xx | F17: Employer
B18: Temporary Fire Detection | C18: Employer | D18: Wilson James | E18: WJ Contract xx | F18: Employer
B19: Building Fire Points and Extinguishers | C19: Employer | D19: Wilson James | E19: WJ Contract xx | F19: Employer
B22: Access and Lifting | C22: Employer/Contractor Obligation | D22: Service Provider | E22: Service Available | F22: Responsible Party for Costs | G22: Notes | H22: NNB Responsible Team | I22: How this is arranged - details
B23: Scaffolding | C23: Employer | D23: MEH / DMIC Contactor | E23: MEH "Access for Others" | F23: Employer | G23: Direct hire of scaffolding by certain DMIC Contractors (e.g. H&E, Otis,…) | I23: Fyat contracts exclude scaffolding. Go out with scaffolders walk down with authorisation, Altrad.
B24: MEWPs | C24: Employer | D24: DMIC Contractor | E24: Direct hire by DMIC Contractor | F24: Employer | G24: NNB do not have a direct hire Contract. Proposal for DMIC Contractor to direct hire to avoid multiple fee mark-ups. | I24: Sometimes availaility to share, 'exhange note' otherwise FAYAT hire in their own
B25: Hoists and Operators | C25: Employer | D25: MEH | E25: MEH | F25: Employer | G25: Use of hoist issue issues in HD buildings. Equans have a rigging team by are not authorised to use hoist and are dependent on MEH. Potential claims.
B26: Cranes and Operators | C26: Employer | D26: BYLOR / MEH | E26: BYLOR / MEH "Lifing for Others" | F26: Employer | G26: Tower cranes and mobile cranes. There is an agreed schedule of lifts for HLC. | I26: TC controlled by bylor FAYAT request directly with Different areas do different things.
B29: Construction Utilities | C29: Employer/Contractor Obligation | D29: Service Provider | E29: Service Available | F29: Responsible Party for Costs | G29: Notes | H29: NNB Responsible Team | I29: How this is arranged - details
B30: DEMIN Water | C30: Employer | D30: ?? | E30: ?? | F30: Employer | G30: Provider to be confirmed. Availability from BOP DEMIN water plant?
B31: Potable Water | C31: Employer | D31: NNB Site Ops | E31: NNB Site Ops | F31: Employer | G31: Check?
B32: Welding Gas | C32: DMIC Contractor | D32: DMIC Contractor | E32: DMIC Contractor | F32: DMIC Contractor
B33: Compressed/dry air | C33: DMIC Contractor | D33: DMIC Contractor | E33: DMIC Contractor | F33: DMIC Contractor
B34: Nitrogen / other gases | C34: DMIC Contractor | D34: DMIC Contractor | E34: DMIC Contractor | F34: DMIC Contractor
B35: Diesel Fuel | C35: DMIC Contractor | D35: NNB Site Ops | E35: Ceretas Contract xx | F35: DMIC Contractor | G35: Task order to be set up. Costs backcharged to DMIC Contractors. Check with SPM/PM
B36: Oils & Lubriucants | C36: DMIC Contractor | D36: DMIC Contractor | E36: DMIC Contractor | F36: DMIC Contractor
B39: Site Services | C39: Employer/Contractor Obligation | D39: Service Provider | E39: Service Available | F39: Responsible Party for Costs | G39: Notes | H39: NNB Responsible Team | I39: How this is arranged - details
B40: Office Accommodation | C40: Employer | D40: NNB Site Ops | E40: NNB Site Ops | F40: Employer | G40: Site welfare buildings. Limited facilities provided in Contractor compound areas
B41: Lockers and Changing Room Facilities | C41: Employer | D41: NNB Site Ops | E41: NNB Site Ops | F41: Employer | G41: Site welfare buildings. Limited facilities provided in Contractor compound areas
B42: Canteen Facilities | C42: Employer | D42: Employer | E42: Somerset Larder | F42: Employer
B43: Site Security | C43: Employer | D43: NNB Site Ops | E43: G4S Contract | F43: Employer
B44: Pest Control | C44: Employer | D44: NNB Site Ops | E44: NNB Site Ops | F44: Employer
B45: Radios | C45: Employer | D45: NNB Site Ops | E45: NNB Site Ops | F45: Employer
B46: Facilities Management | C46: Employer / DMIC Contractor | D46: NNB Site Ops | E46: NNB Site Ops | F46: Employer | G46: Site welfare buildings by Employer. DOR established for contractor compound.
B47: Waste/Effluent Removal | C47: DMIC Contractor | D47: Biffa | E47: Biffa Contract xxxx | F47: DMIC Contractor | G47: Task order to be set up. Costs backcharged to DMIC Contractor.
B48: PPE | C48: DMIC Contractor | D48: DMIC Contractor | E48: DMIC Contractor | F48: DMIC Contractor
B49: Radiographic Services | C49: DMIC Contractor | D49: Bilfinger | E49: Bilfinger Contract xxxx | F49: DMIC Contractor | G49: Task order to be set up. Costs backcharged to DMIC Contractor.
B50: Hydrostatic Testing | C50: DMIC Contractor | D50: DMIC Contractor | E50: DMIC Contractor | F50: DMIC Contractor | G50: Check provision of water by Employer?
B51: Electrical Testing | C51: DMIC Contractor | D51: DMIC Contractor | E51: DMIC Contractor | F51: DMIC Contractor
B52: Site Surveying | C52: DMIC Contractor | D52: DMIC Contractor | E52: DMIC Contractor | F52: DMIC Contractor
B53: Workshop Facilities | C53: Employer | D53: NNB Site Ops | E53: NNB Site Ops | F53: Employer
B54: Installation Tools and Equipment | C54: DMIC Contractor | D54: DMIC Contractor | E54: DMIC Contractor | F54: DMIC Contractor
B55: Calibration of Tools and Equipment | C55: DMIC Contractor | D55: DMIC Contractor | E55: DMIC Contractor | F55: DMIC Contractor
B56: Construction Consumables | C56: DMIC Contractor | D56: DMIC Contractor | E56: DMIC Contractor | F56: DMIC Contractor
B59: Equipment & Material Handling | C59: Employer/Contractor Obligation | D59: Service Provider | E59: Service Available | F59: Responsible Party for Costs | G59: Notes | H59: NNB Responsible Team | I59: How this is arranged - details
B60: Transportation to Warehouse | C60: DMIC Contractor | D60: DMIC Contractor | E60: DMIC Contractor | F60: DMIC Contractor | I60: FAYAT ship from france to Warehouse in UK (Wincanton) then call offs FAYAT Manage themselves
B61: Offloading at Warehouse | C61: DMIC Contractor | D61: DMIC Contractor | E61: DMIC Contractor | F61: DMIC Contractor
B62: Warehouse / Storage Area | C62: Employer | D62: NNB Site Ops | E62: NNB Site Ops | F62: Employer | I62: FAYAT Yards allocated by NNB siteops
B63: Radiographic Storage | C63: Employer | D63: NNB Site Ops | E63: TBC | F63: Employer | G63: Location and facility to be confirmed
B64: Transportation AIL from warehouse to HPC | C64: Employer | D64: NNB Site Ops | E64: Osprey Contract xxxx | F64: Employer
B65: Transportation non-AIL from warehouse to HPC | C65: DMIC Contractor | D65: DMIC Contractor | E65: DMIC Contractor | F65: DMIC Contractor
B66: Offloading at HPC Site | C66: DMIC Contractor / Employer | D66: DMIC Contractor / BYLOR / MEH | E66: DMIC Contractor / BYLOR / MEH | F66: DMIC Contractor / Employer | G66: Offload by crane is by Employer
B67: HPC onsite Outdoor Laydown Area | C67: Employer | D67: NNB Site Ops | E67: NNB Site Ops | F67: Employer
B68: HPC onsite Indoor Warehouse | C68: Employer | D68: NNB Site Ops | E68: NNB Site Ops | F68: Employer
B69: Movement to Point of Installation | C69: DMIC Contractor | D69: DMIC Contractor | E69: DMIC Contractor | F69: DMIC Contractor
B70: Care & Maintenance | C70: DMIC Contractor | D70: DMIC Contractor | E70: DMIC Contractor | F70: DMIC Contractor | G70: In warehouse and when installed at HPC.

Sheet Systems
B2: Systems
B3: Per-system detail (several systems per contract) - restored from the source file's "Sheet2", not linked to any other tab there either.
B5: Contract Number | C5: System | D5: Suffix | E5: System Description | F5: Start of First Commissioning Date | G5: BOC | H5: Nuclear Graded?
B6: UK-EX01 | C6: AL-101 | D6: =IF(C6<>"",RIGHT(C6,3),"") | E6: Airlock Control System | F6: 46508 | G6: BOC-01 | H6: Yes
B7: UK-EX01 | C7: AL-102 | D7: =IF(C7<>"",RIGHT(C7,3),"") | E7: Airlock Door Interlocks | F7: 46522 | G7: BOC-01 | H7: Yes
B8: UK-EX02 | C8: PC-204 | D8: =IF(C8<>"",RIGHT(C8,3),"") | E8: Polar Crane Hoist & Trolley | F8: 46357 | G8: BOC-02 | H8: No
B9: UK-EX03 | C9: CS-310 | D9: =IF(C9<>"",RIGHT(C9,3),"") | E9: Control Systems Integration Bus | F9: 46661 | G9: BOC-03 | H9: Yes
B10: UK-EX03 | C10: CS-311 | D10: =IF(C10<>"",RIGHT(C10,3),"") | E10: Control Systems Field Network | F10: 46675 | G10: BOC-03 | H10: Yes
D11: =IF(C11<>"",RIGHT(C11,3),"")
D12: =IF(C12<>"",RIGHT(C12,3),"")
D13: =IF(C13<>"",RIGHT(C13,3),"")
D14: =IF(C14<>"",RIGHT(C14,3),"")
D15: =IF(C15<>"",RIGHT(C15,3),"")
D16: =IF(C16<>"",RIGHT(C16,3),"")
D17: =IF(C17<>"",RIGHT(C17,3),"")
D18: =IF(C18<>"",RIGHT(C18,3),"")
D19: =IF(C19<>"",RIGHT(C19,3),"")
D20: =IF(C20<>"",RIGHT(C20,3),"")
D21: =IF(C21<>"",RIGHT(C21,3),"")
D22: =IF(C22<>"",RIGHT(C22,3),"")
... D65: =IF(C65<>"",RIGHT(C65,3),"")
