Workbook
Name S_DONE: SETUP!$C$18
Name S_LATE: SETUP!$C$19
Name S_WIP: SETUP!$C$20
Name S_RISK: SETUP!$C$21
Name S_COMING: SETUP!$C$22
Name S_NOTYET: SETUP!$C$23
Name S_INACT: SETUP!$C$24
Name S_ONTRACK: SETUP!$C$25
Name S_NOSCOPE: SETUP!$C$26
Name S_NOTARGET: SETUP!$C$27
Name S_TYPEKO: SETUP!$C$28
Name S_NODUE: SETUP!$C$29
Name RAG_RED: SETUP!$C$32
Name RAG_AMB: SETUP!$C$33
Name RAG_GRN: SETUP!$C$34
Name A_OPEN: SETUP!$C$37
Name A_WIP: SETUP!$C$38
Name A_HOLD: SETUP!$C$39
Name A_DONE: SETUP!$C$40
Name CTR_NUM: SETUP!$C$5
Name CTR_NAME: SETUP!$C$6
Name FEN_DOC: SETUP!$C$12
Name FEN_ACT: SETUP!$C$13
Name HORIZON: SETUP!$C$14
Name CTR_EARLIEST: SETUP!$C$15
Name WF_CODE: SETUP!$B$44:$B$67
Name WF_CLASS: SETUP!$D$44:$D$67
Name MS_NOM: SETUP!$B$71:$B$85
Name MS_PLAN: SETUP!$E$71:$E$85
Name SYS_ID: SETUP!$B$89:$B$113
Name SYS_EARLIEST: SETUP!$E$89:$E$113
Name SYS_LATE: SETUP!$I$89:$I$113
Name EQP_SYS: SETUP!$B$117:$B$196
Name EQP_NOM: SETUP!$C$117:$C$196
Name EQP_START: SETUP!$D$117:$D$196
Name EQP_DOCS: SETUP!$H$117:$H$196
Name EQP_DONE: SETUP!$I$117:$I$196
Name EQP_LATE: SETUP!$J$117:$J$196
Name EQP_CORE: SETUP!$K$117:$K$196
Name EQP_PCT: SETUP!$L$117:$L$196
Name EQP_STATUS: SETUP!$M$117:$M$196
Name EQW_KEY: SETUP!$N$117:$N$196
Name TYP_TYPE: SETUP!$B$200:$B$219
Name TYP_PHASE: SETUP!$C$200:$C$219
Name TYP_CORE: SETUP!$D$200:$D$219
Name TYP_ANCHOR: SETUP!$E$200:$E$219
Name TYP_LEAD: SETUP!$F$200:$F$219
Name TYP_SCOPE: SETUP!$G$200:$G$219
Name TYP_COREKEY: SETUP!$I$200:$I$219
Name PHASE_LIST: SETUP!$B$223:$B$225
Name ACT_STATUS_LIST: SETUP!$C$37:$C$40
Name PPL_NAME: SETUP!$B$229:$B$258
Name DOC_TYPE: TRACKER!$A$4:$A$503
Name DOC_SCOPE: TRACKER!$B$4:$B$503
Name DOC_SYS: TRACKER!$C$4:$C$503
Name DOC_EQP: TRACKER!$D$4:$D$503
Name DOC_NUM: TRACKER!$E$4:$E$503
Name DOC_TARGET: TRACKER!$K$4:$K$503
Name DOC_STATE: TRACKER!$O$4:$O$503
Name DOC_CHECK: TRACKER!$P$4:$P$503

Sheet DASHBOARD
B1: COMMISSIONING DASHBOARD
B2: =IF(CTR_NAME="","Set the contract name in SETUP",CTR_NAME&" - "&CTR_NUM)&" | what is late, what has never been created, what is coming."
B4: CONTRACT STATUS
B6: =IF(OR(COUNTIF(DOC_STATE,S_LATE)>0,COUNTIF(ACT_STATE,S_LATE)>0),RAG_RED,IF(OR(COUNTIF(DOC_STATE,S_RISK)>0,COUNTIF(ACT_STATE,S_RISK)>0,COUNT(GAP_KEY)>0),RAG_AMB,RAG_GRN)) | E6: Worst item | G6: =IF(COUNT(CMB_KLATE)=0,"nothing late",IFERROR(INDEX(CMB_SUBJ,MATCH(MAX(CMB_KLATE),CMB_KLATE,0))&" ("&INT(MAX(CMB_KLATE))&" d late - "&INDEX(CMB_SCOPE,MATCH(MAX(CMB_KLATE),CMB_KLATE,0))&")","-"))
E7: Share late | G7: =IF(SUM(DOC_ACTIVE)+COUNTIF(ACT_ID,"?*")=0,"-",(COUNTIF(DOC_STATE,S_LATE)+COUNTIF(ACT_STATE,S_LATE))/(SUM(DOC_ACTIVE)+COUNTIF(ACT_ID,"?*")))
E8: Earliest commissioning start | G8: =IF(CTR_EARLIEST="","not set yet",TEXT(CTR_EARLIEST,"DD-MMM-YYYY")&IF(CTR_EARLIEST<TODAY()," started "&TODAY()-CTR_EARLIEST&" d ago"," in "&CTR_EARLIEST-TODAY()&" d"))
E9: Core deliverables missing | G9: =COUNT(GAP_KEY)
E10: Data quality flags | G10: =COUNTIF(DOC_CHECK,"?*")
B12: PROGRESS
C13: Done | D13: In progress | E13: Late | F13: Inactive | G13: Missing | H13: Total | I13: % done
B14: DOCUMENTS | C14: =COUNTIF(DOC_STATE,S_DONE) | D14: =COUNTIF(DOC_STATE,S_WIP) | E14: =COUNTIF(DOC_STATE,S_LATE) | F14: =COUNTIF(DOC_STATE,S_INACT) | G14: =COUNT(GAP_KEY) | H14: =SUM(DOC_ACTIVE) | I14: =IF($H14=0,"",$C14/$H14)
B15: ACTIONS | C15: =COUNTIF(ACT_STATE,S_DONE) | D15: =COUNTIF(ACT_STATE,S_WIP) | E15: =COUNTIF(ACT_STATE,S_LATE) | F15: =COUNTIF(ACT_STATUS,A_HOLD) | G15: =COUNTIF(ACT_STATE,S_NODUE) | H15: =COUNTIF(ACT_ID,"?*") | I15: =IF($H15=0,"",$C15/$H15)
B17: ="1. IN PROGRESS work started, or already late. Most late first. Showing "&MIN(10,COUNT(CMB_KWIP))&" of "&COUNT(CMB_KWIP)
B18: Kind | C18: Subject | D18: Scope | E18: Owner | F18: Target date | G18: Days late
B19: =IF($R19="","",IFERROR(INDEX(CMB_KIND,MATCH($R19,CMB_KWIP,0)),"")) | C19: =IF($R19="","",IFERROR(INDEX(CMB_SUBJ,MATCH($R19,CMB_KWIP,0)),"")) | D19: =IF($R19="","",IFERROR(INDEX(CMB_SCOPE,MATCH($R19,CMB_KWIP,0)),"")) | E19: =IF($R19="","",IFERROR(INDEX(CMB_OWNER,MATCH($R19,CMB_KWIP,0)),"")) | F19: =IF($R19="","",IFERROR(INDEX(CMB_TARGET,MATCH($R19,CMB_KWIP,0)),"")) | G19: =IF($R19="","",IFERROR(INDEX(CMB_DAYS,MATCH($R19,CMB_KWIP,0)),"")) | R19: =IFERROR(LARGE(CMB_KWIP,1),"")
B20: =IF($R20="","",IFERROR(INDEX(CMB_KIND,MATCH($R20,CMB_KWIP,0)),"")) | C20: =IF($R20="","",IFERROR(INDEX(CMB_SUBJ,MATCH($R20,CMB_KWIP,0)),"")) | D20: =IF($R20="","",IFERROR(INDEX(CMB_SCOPE,MATCH($R20,CMB_KWIP,0)),"")) | E20: =IF($R20="","",IFERROR(INDEX(CMB_OWNER,MATCH($R20,CMB_KWIP,0)),"")) | F20: =IF($R20="","",IFERROR(INDEX(CMB_TARGET,MATCH($R20,CMB_KWIP,0)),"")) | G20: =IF($R20="","",IFERROR(INDEX(CMB_DAYS,MATCH($R20,CMB_KWIP,0)),"")) | R20: =IFERROR(LARGE(CMB_KWIP,2),"")
B21: =IF($R21="","",IFERROR(INDEX(CMB_KIND,MATCH($R21,CMB_KWIP,0)),"")) | C21: =IF($R21="","",IFERROR(INDEX(CMB_SUBJ,MATCH($R21,CMB_KWIP,0)),"")) | D21: =IF($R21="","",IFERROR(INDEX(CMB_SCOPE,MATCH($R21,CMB_KWIP,0)),"")) | E21: =IF($R21="","",IFERROR(INDEX(CMB_OWNER,MATCH($R21,CMB_KWIP,0)),"")) | F21: =IF($R21="","",IFERROR(INDEX(CMB_TARGET,MATCH($R21,CMB_KWIP,0)),"")) | G21: =IF($R21="","",IFERROR(INDEX(CMB_DAYS,MATCH($R21,CMB_KWIP,0)),"")) | R21: =IFERROR(LARGE(CMB_KWIP,3),"")
B22: =IF($R22="","",IFERROR(INDEX(CMB_KIND,MATCH($R22,CMB_KWIP,0)),"")) | C22: =IF($R22="","",IFERROR(INDEX(CMB_SUBJ,MATCH($R22,CMB_KWIP,0)),"")) | D22: =IF($R22="","",IFERROR(INDEX(CMB_SCOPE,MATCH($R22,CMB_KWIP,0)),"")) | E22: =IF($R22="","",IFERROR(INDEX(CMB_OWNER,MATCH($R22,CMB_KWIP,0)),"")) | F22: =IF($R22="","",IFERROR(INDEX(CMB_TARGET,MATCH($R22,CMB_KWIP,0)),"")) | G22: =IF($R22="","",IFERROR(INDEX(CMB_DAYS,MATCH($R22,CMB_KWIP,0)),"")) | R22: =IFERROR(LARGE(CMB_KWIP,4),"")
B23: =IF($R23="","",IFERROR(INDEX(CMB_KIND,MATCH($R23,CMB_KWIP,0)),"")) | C23: =IF($R23="","",IFERROR(INDEX(CMB_SUBJ,MATCH($R23,CMB_KWIP,0)),"")) | D23: =IF($R23="","",IFERROR(INDEX(CMB_SCOPE,MATCH($R23,CMB_KWIP,0)),"")) | E23: =IF($R23="","",IFERROR(INDEX(CMB_OWNER,MATCH($R23,CMB_KWIP,0)),"")) | F23: =IF($R23="","",IFERROR(INDEX(CMB_TARGET,MATCH($R23,CMB_KWIP,0)),"")) | G23: =IF($R23="","",IFERROR(INDEX(CMB_DAYS,MATCH($R23,CMB_KWIP,0)),"")) | R23: =IFERROR(LARGE(CMB_KWIP,5),"")
B24: =IF($R24="","",IFERROR(INDEX(CMB_KIND,MATCH($R24,CMB_KWIP,0)),"")) | C24: =IF($R24="","",IFERROR(INDEX(CMB_SUBJ,MATCH($R24,CMB_KWIP,0)),"")) | D24: =IF($R24="","",IFERROR(INDEX(CMB_SCOPE,MATCH($R24,CMB_KWIP,0)),"")) | E24: =IF($R24="","",IFERROR(INDEX(CMB_OWNER,MATCH($R24,CMB_KWIP,0)),"")) | F24: =IF($R24="","",IFERROR(INDEX(CMB_TARGET,MATCH($R24,CMB_KWIP,0)),"")) | G24: =IF($R24="","",IFERROR(INDEX(CMB_DAYS,MATCH($R24,CMB_KWIP,0)),"")) | R24: =IFERROR(LARGE(CMB_KWIP,6),"")
B25: =IF($R25="","",IFERROR(INDEX(CMB_KIND,MATCH($R25,CMB_KWIP,0)),"")) | C25: =IF($R25="","",IFERROR(INDEX(CMB_SUBJ,MATCH($R25,CMB_KWIP,0)),"")) | D25: =IF($R25="","",IFERROR(INDEX(CMB_SCOPE,MATCH($R25,CMB_KWIP,0)),"")) | E25: =IF($R25="","",IFERROR(INDEX(CMB_OWNER,MATCH($R25,CMB_KWIP,0)),"")) | F25: =IF($R25="","",IFERROR(INDEX(CMB_TARGET,MATCH($R25,CMB_KWIP,0)),"")) | G25: =IF($R25="","",IFERROR(INDEX(CMB_DAYS,MATCH($R25,CMB_KWIP,0)),"")) | R25: =IFERROR(LARGE(CMB_KWIP,7),"")
B26: =IF($R26="","",IFERROR(INDEX(CMB_KIND,MATCH($R26,CMB_KWIP,0)),"")) | C26: =IF($R26="","",IFERROR(INDEX(CMB_SUBJ,MATCH($R26,CMB_KWIP,0)),"")) | D26: =IF($R26="","",IFERROR(INDEX(CMB_SCOPE,MATCH($R26,CMB_KWIP,0)),"")) | E26: =IF($R26="","",IFERROR(INDEX(CMB_OWNER,MATCH($R26,CMB_KWIP,0)),"")) | F26: =IF($R26="","",IFERROR(INDEX(CMB_TARGET,MATCH($R26,CMB_KWIP,0)),"")) | G26: =IF($R26="","",IFERROR(INDEX(CMB_DAYS,MATCH($R26,CMB_KWIP,0)),"")) | R26: =IFERROR(LARGE(CMB_KWIP,8),"")
B27: =IF($R27="","",IFERROR(INDEX(CMB_KIND,MATCH($R27,CMB_KWIP,0)),"")) | C27: =IF($R27="","",IFERROR(INDEX(CMB_SUBJ,MATCH($R27,CMB_KWIP,0)),"")) | D27: =IF($R27="","",IFERROR(INDEX(CMB_SCOPE,MATCH($R27,CMB_KWIP,0)),"")) | E27: =IF($R27="","",IFERROR(INDEX(CMB_OWNER,MATCH($R27,CMB_KWIP,0)),"")) | F27: =IF($R27="","",IFERROR(INDEX(CMB_TARGET,MATCH($R27,CMB_KWIP,0)),"")) | G27: =IF($R27="","",IFERROR(INDEX(CMB_DAYS,MATCH($R27,CMB_KWIP,0)),"")) | R27: =IFERROR(LARGE(CMB_KWIP,9),"")
B28: =IF($R28="","",IFERROR(INDEX(CMB_KIND,MATCH($R28,CMB_KWIP,0)),"")) | C28: =IF($R28="","",IFERROR(INDEX(CMB_SUBJ,MATCH($R28,CMB_KWIP,0)),"")) | D28: =IF($R28="","",IFERROR(INDEX(CMB_SCOPE,MATCH($R28,CMB_KWIP,0)),"")) | E28: =IF($R28="","",IFERROR(INDEX(CMB_OWNER,MATCH($R28,CMB_KWIP,0)),"")) | F28: =IF($R28="","",IFERROR(INDEX(CMB_TARGET,MATCH($R28,CMB_KWIP,0)),"")) | G28: =IF($R28="","",IFERROR(INDEX(CMB_DAYS,MATCH($R28,CMB_KWIP,0)),"")) | R28: =IFERROR(LARGE(CMB_KWIP,10),"")
B30: ="2. MISSING core deliverables that do not exist yet. Soonest needed first. Showing "&MIN(10,COUNT(GAP_KEY))&" of "&COUNT(GAP_KEY)
B31: Level | C31: Deliverable | D31: Where | E31: Needed by
B32: =IF($R32="","",IFERROR(INDEX(GAP_KIND,MATCH($R32,GAP_KEY,0)),"")) | C32: =IF($R32="","",IFERROR(INDEX(GAP_WHAT,MATCH($R32,GAP_KEY,0)),"")) | D32: =IF($R32="","",IFERROR(INDEX(GAP_WHERE,MATCH($R32,GAP_KEY,0)),"")) | E32: =IF($R32="","",IF(INT($R32)>=60000,"",INT($R32))) | R32: =IFERROR(SMALL(GAP_KEY,1),"")
B33: =IF($R33="","",IFERROR(INDEX(GAP_KIND,MATCH($R33,GAP_KEY,0)),"")) | C33: =IF($R33="","",IFERROR(INDEX(GAP_WHAT,MATCH($R33,GAP_KEY,0)),"")) | D33: =IF($R33="","",IFERROR(INDEX(GAP_WHERE,MATCH($R33,GAP_KEY,0)),"")) | E33: =IF($R33="","",IF(INT($R33)>=60000,"",INT($R33))) | R33: =IFERROR(SMALL(GAP_KEY,2),"")
B34: =IF($R34="","",IFERROR(INDEX(GAP_KIND,MATCH($R34,GAP_KEY,0)),"")) | C34: =IF($R34="","",IFERROR(INDEX(GAP_WHAT,MATCH($R34,GAP_KEY,0)),"")) | D34: =IF($R34="","",IFERROR(INDEX(GAP_WHERE,MATCH($R34,GAP_KEY,0)),"")) | E34: =IF($R34="","",IF(INT($R34)>=60000,"",INT($R34))) | R34: =IFERROR(SMALL(GAP_KEY,3),"")
B35: =IF($R35="","",IFERROR(INDEX(GAP_KIND,MATCH($R35,GAP_KEY,0)),"")) | C35: =IF($R35="","",IFERROR(INDEX(GAP_WHAT,MATCH($R35,GAP_KEY,0)),"")) | D35: =IF($R35="","",IFERROR(INDEX(GAP_WHERE,MATCH($R35,GAP_KEY,0)),"")) | E35: =IF($R35="","",IF(INT($R35)>=60000,"",INT($R35))) | R35: =IFERROR(SMALL(GAP_KEY,4),"")
B36: =IF($R36="","",IFERROR(INDEX(GAP_KIND,MATCH($R36,GAP_KEY,0)),"")) | C36: =IF($R36="","",IFERROR(INDEX(GAP_WHAT,MATCH($R36,GAP_KEY,0)),"")) | D36: =IF($R36="","",IFERROR(INDEX(GAP_WHERE,MATCH($R36,GAP_KEY,0)),"")) | E36: =IF($R36="","",IF(INT($R36)>=60000,"",INT($R36))) | R36: =IFERROR(SMALL(GAP_KEY,5),"")
B37: =IF($R37="","",IFERROR(INDEX(GAP_KIND,MATCH($R37,GAP_KEY,0)),"")) | C37: =IF($R37="","",IFERROR(INDEX(GAP_WHAT,MATCH($R37,GAP_KEY,0)),"")) | D37: =IF($R37="","",IFERROR(INDEX(GAP_WHERE,MATCH($R37,GAP_KEY,0)),"")) | E37: =IF($R37="","",IF(INT($R37)>=60000,"",INT($R37))) | R37: =IFERROR(SMALL(GAP_KEY,6),"")
B38: =IF($R38="","",IFERROR(INDEX(GAP_KIND,MATCH($R38,GAP_KEY,0)),"")) | C38: =IF($R38="","",IFERROR(INDEX(GAP_WHAT,MATCH($R38,GAP_KEY,0)),"")) | D38: =IF($R38="","",IFERROR(INDEX(GAP_WHERE,MATCH($R38,GAP_KEY,0)),"")) | E38: =IF($R38="","",IF(INT($R38)>=60000,"",INT($R38))) | R38: =IFERROR(SMALL(GAP_KEY,7),"")
B39: =IF($R39="","",IFERROR(INDEX(GAP_KIND,MATCH($R39,GAP_KEY,0)),"")) | C39: =IF($R39="","",IFERROR(INDEX(GAP_WHAT,MATCH($R39,GAP_KEY,0)),"")) | D39: =IF($R39="","",IFERROR(INDEX(GAP_WHERE,MATCH($R39,GAP_KEY,0)),"")) | E39: =IF($R39="","",IF(INT($R39)>=60000,"",INT($R39))) | R39: =IFERROR(SMALL(GAP_KEY,8),"")
B40: =IF($R40="","",IFERROR(INDEX(GAP_KIND,MATCH($R40,GAP_KEY,0)),"")) | C40: =IF($R40="","",IFERROR(INDEX(GAP_WHAT,MATCH($R40,GAP_KEY,0)),"")) | D40: =IF($R40="","",IFERROR(INDEX(GAP_WHERE,MATCH($R40,GAP_KEY,0)),"")) | E40: =IF($R40="","",IF(INT($R40)>=60000,"",INT($R40))) | R40: =IFERROR(SMALL(GAP_KEY,9),"")
B41: =IF($R41="","",IFERROR(INDEX(GAP_KIND,MATCH($R41,GAP_KEY,0)),"")) | C41: =IF($R41="","",IFERROR(INDEX(GAP_WHAT,MATCH($R41,GAP_KEY,0)),"")) | D41: =IF($R41="","",IFERROR(INDEX(GAP_WHERE,MATCH($R41,GAP_KEY,0)),"")) | E41: =IF($R41="","",IF(INT($R41)>=60000,"",INT($R41))) | R41: =IFERROR(SMALL(GAP_KEY,10),"")
B43: ="3. COMING not started, due inside the horizon set in SETUP. Soonest first. Showing "&MIN(10,COUNT(CMB_KCOME))&" of "&COUNT(CMB_KCOME)
B44: Kind | C44: Subject | D44: Scope | E44: Owner | F44: Target date | G44: Days left
B45: =IF($R45="","",IFERROR(INDEX(CMB_KIND,MATCH($R45,CMB_KCOME,0)),"")) | C45: =IF($R45="","",IFERROR(INDEX(CMB_SUBJ,MATCH($R45,CMB_KCOME,0)),"")) | D45: =IF($R45="","",IFERROR(INDEX(CMB_SCOPE,MATCH($R45,CMB_KCOME,0)),"")) | E45: =IF($R45="","",IFERROR(INDEX(CMB_OWNER,MATCH($R45,CMB_KCOME,0)),"")) | F45: =IF($R45="","",IFERROR(INDEX(CMB_TARGET,MATCH($R45,CMB_KCOME,0)),"")) | G45: =IF($R45="","",-INDEX(CMB_DAYS,MATCH($R45,CMB_KCOME,0))) | R45: =IFERROR(LARGE(CMB_KCOME,1),"")
B46: =IF($R46="","",IFERROR(INDEX(CMB_KIND,MATCH($R46,CMB_KCOME,0)),"")) | C46: =IF($R46="","",IFERROR(INDEX(CMB_SUBJ,MATCH($R46,CMB_KCOME,0)),"")) | D46: =IF($R46="","",IFERROR(INDEX(CMB_SCOPE,MATCH($R46,CMB_KCOME,0)),"")) | E46: =IF($R46="","",IFERROR(INDEX(CMB_OWNER,MATCH($R46,CMB_KCOME,0)),"")) | F46: =IF($R46="","",IFERROR(INDEX(CMB_TARGET,MATCH($R46,CMB_KCOME,0)),"")) | G46: =IF($R46="","",-INDEX(CMB_DAYS,MATCH($R46,CMB_KCOME,0))) | R46: =IFERROR(LARGE(CMB_KCOME,2),"")
B47: =IF($R47="","",IFERROR(INDEX(CMB_KIND,MATCH($R47,CMB_KCOME,0)),"")) | C47: =IF($R47="","",IFERROR(INDEX(CMB_SUBJ,MATCH($R47,CMB_KCOME,0)),"")) | D47: =IF($R47="","",IFERROR(INDEX(CMB_SCOPE,MATCH($R47,CMB_KCOME,0)),"")) | E47: =IF($R47="","",IFERROR(INDEX(CMB_OWNER,MATCH($R47,CMB_KCOME,0)),"")) | F47: =IF($R47="","",IFERROR(INDEX(CMB_TARGET,MATCH($R47,CMB_KCOME,0)),"")) | G47: =IF($R47="","",-INDEX(CMB_DAYS,MATCH($R47,CMB_KCOME,0))) | R47: =IFERROR(LARGE(CMB_KCOME,3),"")
B48: =IF($R48="","",IFERROR(INDEX(CMB_KIND,MATCH($R48,CMB_KCOME,0)),"")) | C48: =IF($R48="","",IFERROR(INDEX(CMB_SUBJ,MATCH($R48,CMB_KCOME,0)),"")) | D48: =IF($R48="","",IFERROR(INDEX(CMB_SCOPE,MATCH($R48,CMB_KCOME,0)),"")) | E48: =IF($R48="","",IFERROR(INDEX(CMB_OWNER,MATCH($R48,CMB_KCOME,0)),"")) | F48: =IF($R48="","",IFERROR(INDEX(CMB_TARGET,MATCH($R48,CMB_KCOME,0)),"")) | G48: =IF($R48="","",-INDEX(CMB_DAYS,MATCH($R48,CMB_KCOME,0))) | R48: =IFERROR(LARGE(CMB_KCOME,4),"")
B49: =IF($R49="","",IFERROR(INDEX(CMB_KIND,MATCH($R49,CMB_KCOME,0)),"")) | C49: =IF($R49="","",IFERROR(INDEX(CMB_SUBJ,MATCH($R49,CMB_KCOME,0)),"")) | D49: =IF($R49="","",IFERROR(INDEX(CMB_SCOPE,MATCH($R49,CMB_KCOME,0)),"")) | E49: =IF($R49="","",IFERROR(INDEX(CMB_OWNER,MATCH($R49,CMB_KCOME,0)),"")) | F49: =IF($R49="","",IFERROR(INDEX(CMB_TARGET,MATCH($R49,CMB_KCOME,0)),"")) | G49: =IF($R49="","",-INDEX(CMB_DAYS,MATCH($R49,CMB_KCOME,0))) | R49: =IFERROR(LARGE(CMB_KCOME,5),"")
B50: =IF($R50="","",IFERROR(INDEX(CMB_KIND,MATCH($R50,CMB_KCOME,0)),"")) | C50: =IF($R50="","",IFERROR(INDEX(CMB_SUBJ,MATCH($R50,CMB_KCOME,0)),"")) | D50: =IF($R50="","",IFERROR(INDEX(CMB_SCOPE,MATCH($R50,CMB_KCOME,0)),"")) | E50: =IF($R50="","",IFERROR(INDEX(CMB_OWNER,MATCH($R50,CMB_KCOME,0)),"")) | F50: =IF($R50="","",IFERROR(INDEX(CMB_TARGET,MATCH($R50,CMB_KCOME,0)),"")) | G50: =IF($R50="","",-INDEX(CMB_DAYS,MATCH($R50,CMB_KCOME,0))) | R50: =IFERROR(LARGE(CMB_KCOME,6),"")
B51: =IF($R51="","",IFERROR(INDEX(CMB_KIND,MATCH($R51,CMB_KCOME,0)),"")) | C51: =IF($R51="","",IFERROR(INDEX(CMB_SUBJ,MATCH($R51,CMB_KCOME,0)),"")) | D51: =IF($R51="","",IFERROR(INDEX(CMB_SCOPE,MATCH($R51,CMB_KCOME,0)),"")) | E51: =IF($R51="","",IFERROR(INDEX(CMB_OWNER,MATCH($R51,CMB_KCOME,0)),"")) | F51: =IF($R51="","",IFERROR(INDEX(CMB_TARGET,MATCH($R51,CMB_KCOME,0)),"")) | G51: =IF($R51="","",-INDEX(CMB_DAYS,MATCH($R51,CMB_KCOME,0))) | R51: =IFERROR(LARGE(CMB_KCOME,7),"")
B52: =IF($R52="","",IFERROR(INDEX(CMB_KIND,MATCH($R52,CMB_KCOME,0)),"")) | C52: =IF($R52="","",IFERROR(INDEX(CMB_SUBJ,MATCH($R52,CMB_KCOME,0)),"")) | D52: =IF($R52="","",IFERROR(INDEX(CMB_SCOPE,MATCH($R52,CMB_KCOME,0)),"")) | E52: =IF($R52="","",IFERROR(INDEX(CMB_OWNER,MATCH($R52,CMB_KCOME,0)),"")) | F52: =IF($R52="","",IFERROR(INDEX(CMB_TARGET,MATCH($R52,CMB_KCOME,0)),"")) | G52: =IF($R52="","",-INDEX(CMB_DAYS,MATCH($R52,CMB_KCOME,0))) | R52: =IFERROR(LARGE(CMB_KCOME,8),"")
B53: =IF($R53="","",IFERROR(INDEX(CMB_KIND,MATCH($R53,CMB_KCOME,0)),"")) | C53: =IF($R53="","",IFERROR(INDEX(CMB_SUBJ,MATCH($R53,CMB_KCOME,0)),"")) | D53: =IF($R53="","",IFERROR(INDEX(CMB_SCOPE,MATCH($R53,CMB_KCOME,0)),"")) | E53: =IF($R53="","",IFERROR(INDEX(CMB_OWNER,MATCH($R53,CMB_KCOME,0)),"")) | F53: =IF($R53="","",IFERROR(INDEX(CMB_TARGET,MATCH($R53,CMB_KCOME,0)),"")) | G53: =IF($R53="","",-INDEX(CMB_DAYS,MATCH($R53,CMB_KCOME,0))) | R53: =IFERROR(LARGE(CMB_KCOME,9),"")
B54: =IF($R54="","",IFERROR(INDEX(CMB_KIND,MATCH($R54,CMB_KCOME,0)),"")) | C54: =IF($R54="","",IFERROR(INDEX(CMB_SUBJ,MATCH($R54,CMB_KCOME,0)),"")) | D54: =IF($R54="","",IFERROR(INDEX(CMB_SCOPE,MATCH($R54,CMB_KCOME,0)),"")) | E54: =IF($R54="","",IFERROR(INDEX(CMB_OWNER,MATCH($R54,CMB_KCOME,0)),"")) | F54: =IF($R54="","",IFERROR(INDEX(CMB_TARGET,MATCH($R54,CMB_KCOME,0)),"")) | G54: =IF($R54="","",-INDEX(CMB_DAYS,MATCH($R54,CMB_KCOME,0))) | R54: =IFERROR(LARGE(CMB_KCOME,10),"")
B56: 4. BY SYSTEM
B57: System | C57: System name | D57: Equip. | E57: Docs | F57: Done | G57: Late | H57: At risk | I57: Core missing | J57: % done | K57: Status
B58: =IF(OR(SETUP!$B$89="",SETUP!$B$89=""),"",SETUP!$B$89) | C58: =IF(OR(SETUP!$B$89="",SETUP!$C$89=""),"",SETUP!$C$89) | D58: =IF(OR(SETUP!$B$89="",SETUP!$F$89=""),"",SETUP!$F$89) | E58: =IF(OR(SETUP!$B$89="",SETUP!$G$89=""),"",SETUP!$G$89) | F58: =IF(OR(SETUP!$B$89="",SETUP!$H$89=""),"",SETUP!$H$89) | G58: =IF(OR(SETUP!$B$89="",SETUP!$I$89=""),"",SETUP!$I$89) | H58: =IF(OR(SETUP!$B$89="",SETUP!$J$89=""),"",SETUP!$J$89) | I58: =IF(OR(SETUP!$B$89="",SETUP!$K$89=""),"",SETUP!$K$89) | J58: =IF(OR(SETUP!$B$89="",SETUP!$L$89=""),"",SETUP!$L$89) | K58: =IF(OR(SETUP!$B$89="",SETUP!$M$89=""),"",SETUP!$M$89)
B59: =IF(OR(SETUP!$B$90="",SETUP!$B$90=""),"",SETUP!$B$90) | C59: =IF(OR(SETUP!$B$90="",SETUP!$C$90=""),"",SETUP!$C$90) | D59: =IF(OR(SETUP!$B$90="",SETUP!$F$90=""),"",SETUP!$F$90) | E59: =IF(OR(SETUP!$B$90="",SETUP!$G$90=""),"",SETUP!$G$90) | F59: =IF(OR(SETUP!$B$90="",SETUP!$H$90=""),"",SETUP!$H$90) | G59: =IF(OR(SETUP!$B$90="",SETUP!$I$90=""),"",SETUP!$I$90) | H59: =IF(OR(SETUP!$B$90="",SETUP!$J$90=""),"",SETUP!$J$90) | I59: =IF(OR(SETUP!$B$90="",SETUP!$K$90=""),"",SETUP!$K$90) | J59: =IF(OR(SETUP!$B$90="",SETUP!$L$90=""),"",SETUP!$L$90) | K59: =IF(OR(SETUP!$B$90="",SETUP!$M$90=""),"",SETUP!$M$90)
B60: =IF(OR(SETUP!$B$91="",SETUP!$B$91=""),"",SETUP!$B$91) | C60: =IF(OR(SETUP!$B$91="",SETUP!$C$91=""),"",SETUP!$C$91) | D60: =IF(OR(SETUP!$B$91="",SETUP!$F$91=""),"",SETUP!$F$91) | E60: =IF(OR(SETUP!$B$91="",SETUP!$G$91=""),"",SETUP!$G$91) | F60: =IF(OR(SETUP!$B$91="",SETUP!$H$91=""),"",SETUP!$H$91) | G60: =IF(OR(SETUP!$B$91="",SETUP!$I$91=""),"",SETUP!$I$91) | H60: =IF(OR(SETUP!$B$91="",SETUP!$J$91=""),"",SETUP!$J$91) | I60: =IF(OR(SETUP!$B$91="",SETUP!$K$91=""),"",SETUP!$K$91) | J60: =IF(OR(SETUP!$B$91="",SETUP!$L$91=""),"",SETUP!$L$91) | K60: =IF(OR(SETUP!$B$91="",SETUP!$M$91=""),"",SETUP!$M$91)
B61: =IF(OR(SETUP!$B$92="",SETUP!$B$92=""),"",SETUP!$B$92) | C61: =IF(OR(SETUP!$B$92="",SETUP!$C$92=""),"",SETUP!$C$92) | D61: =IF(OR(SETUP!$B$92="",SETUP!$F$92=""),"",SETUP!$F$92) | E61: =IF(OR(SETUP!$B$92="",SETUP!$G$92=""),"",SETUP!$G$92) | F61: =IF(OR(SETUP!$B$92="",SETUP!$H$92=""),"",SETUP!$H$92) | G61: =IF(OR(SETUP!$B$92="",SETUP!$I$92=""),"",SETUP!$I$92) | H61: =IF(OR(SETUP!$B$92="",SETUP!$J$92=""),"",SETUP!$J$92) | I61: =IF(OR(SETUP!$B$92="",SETUP!$K$92=""),"",SETUP!$K$92) | J61: =IF(OR(SETUP!$B$92="",SETUP!$L$92=""),"",SETUP!$L$92) | K61: =IF(OR(SETUP!$B$92="",SETUP!$M$92=""),"",SETUP!$M$92)
B62: =IF(OR(SETUP!$B$93="",SETUP!$B$93=""),"",SETUP!$B$93) | C62: =IF(OR(SETUP!$B$93="",SETUP!$C$93=""),"",SETUP!$C$93) | D62: =IF(OR(SETUP!$B$93="",SETUP!$F$93=""),"",SETUP!$F$93) | E62: =IF(OR(SETUP!$B$93="",SETUP!$G$93=""),"",SETUP!$G$93) | F62: =IF(OR(SETUP!$B$93="",SETUP!$H$93=""),"",SETUP!$H$93) | G62: =IF(OR(SETUP!$B$93="",SETUP!$I$93=""),"",SETUP!$I$93) | H62: =IF(OR(SETUP!$B$93="",SETUP!$J$93=""),"",SETUP!$J$93) | I62: =IF(OR(SETUP!$B$93="",SETUP!$K$93=""),"",SETUP!$K$93) | J62: =IF(OR(SETUP!$B$93="",SETUP!$L$93=""),"",SETUP!$L$93) | K62: =IF(OR(SETUP!$B$93="",SETUP!$M$93=""),"",SETUP!$M$93)
B63: =IF(OR(SETUP!$B$94="",SETUP!$B$94=""),"",SETUP!$B$94) | C63: =IF(OR(SETUP!$B$94="",SETUP!$C$94=""),"",SETUP!$C$94) | D63: =IF(OR(SETUP!$B$94="",SETUP!$F$94=""),"",SETUP!$F$94) | E63: =IF(OR(SETUP!$B$94="",SETUP!$G$94=""),"",SETUP!$G$94) | F63: =IF(OR(SETUP!$B$94="",SETUP!$H$94=""),"",SETUP!$H$94) | G63: =IF(OR(SETUP!$B$94="",SETUP!$I$94=""),"",SETUP!$I$94) | H63: =IF(OR(SETUP!$B$94="",SETUP!$J$94=""),"",SETUP!$J$94) | I63: =IF(OR(SETUP!$B$94="",SETUP!$K$94=""),"",SETUP!$K$94) | J63: =IF(OR(SETUP!$B$94="",SETUP!$L$94=""),"",SETUP!$L$94) | K63: =IF(OR(SETUP!$B$94="",SETUP!$M$94=""),"",SETUP!$M$94)
B64: =IF(OR(SETUP!$B$95="",SETUP!$B$95=""),"",SETUP!$B$95) | C64: =IF(OR(SETUP!$B$95="",SETUP!$C$95=""),"",SETUP!$C$95) | D64: =IF(OR(SETUP!$B$95="",SETUP!$F$95=""),"",SETUP!$F$95) | E64: =IF(OR(SETUP!$B$95="",SETUP!$G$95=""),"",SETUP!$G$95) | F64: =IF(OR(SETUP!$B$95="",SETUP!$H$95=""),"",SETUP!$H$95) | G64: =IF(OR(SETUP!$B$95="",SETUP!$I$95=""),"",SETUP!$I$95) | H64: =IF(OR(SETUP!$B$95="",SETUP!$J$95=""),"",SETUP!$J$95) | I64: =IF(OR(SETUP!$B$95="",SETUP!$K$95=""),"",SETUP!$K$95) | J64: =IF(OR(SETUP!$B$95="",SETUP!$L$95=""),"",SETUP!$L$95) | K64: =IF(OR(SETUP!$B$95="",SETUP!$M$95=""),"",SETUP!$M$95)
B65: =IF(OR(SETUP!$B$96="",SETUP!$B$96=""),"",SETUP!$B$96) | C65: =IF(OR(SETUP!$B$96="",SETUP!$C$96=""),"",SETUP!$C$96) | D65: =IF(OR(SETUP!$B$96="",SETUP!$F$96=""),"",SETUP!$F$96) | E65: =IF(OR(SETUP!$B$96="",SETUP!$G$96=""),"",SETUP!$G$96) | F65: =IF(OR(SETUP!$B$96="",SETUP!$H$96=""),"",SETUP!$H$96) | G65: =IF(OR(SETUP!$B$96="",SETUP!$I$96=""),"",SETUP!$I$96) | H65: =IF(OR(SETUP!$B$96="",SETUP!$J$96=""),"",SETUP!$J$96) | I65: =IF(OR(SETUP!$B$96="",SETUP!$K$96=""),"",SETUP!$K$96) | J65: =IF(OR(SETUP!$B$96="",SETUP!$L$96=""),"",SETUP!$L$96) | K65: =IF(OR(SETUP!$B$96="",SETUP!$M$96=""),"",SETUP!$M$96)
B66: =IF(OR(SETUP!$B$97="",SETUP!$B$97=""),"",SETUP!$B$97) | C66: =IF(OR(SETUP!$B$97="",SETUP!$C$97=""),"",SETUP!$C$97) | D66: =IF(OR(SETUP!$B$97="",SETUP!$F$97=""),"",SETUP!$F$97) | E66: =IF(OR(SETUP!$B$97="",SETUP!$G$97=""),"",SETUP!$G$97) | F66: =IF(OR(SETUP!$B$97="",SETUP!$H$97=""),"",SETUP!$H$97) | G66: =IF(OR(SETUP!$B$97="",SETUP!$I$97=""),"",SETUP!$I$97) | H66: =IF(OR(SETUP!$B$97="",SETUP!$J$97=""),"",SETUP!$J$97) | I66: =IF(OR(SETUP!$B$97="",SETUP!$K$97=""),"",SETUP!$K$97) | J66: =IF(OR(SETUP!$B$97="",SETUP!$L$97=""),"",SETUP!$L$97) | K66: =IF(OR(SETUP!$B$97="",SETUP!$M$97=""),"",SETUP!$M$97)
B67: =IF(OR(SETUP!$B$98="",SETUP!$B$98=""),"",SETUP!$B$98) | C67: =IF(OR(SETUP!$B$98="",SETUP!$C$98=""),"",SETUP!$C$98) | D67: =IF(OR(SETUP!$B$98="",SETUP!$F$98=""),"",SETUP!$F$98) | E67: =IF(OR(SETUP!$B$98="",SETUP!$G$98=""),"",SETUP!$G$98) | F67: =IF(OR(SETUP!$B$98="",SETUP!$H$98=""),"",SETUP!$H$98) | G67: =IF(OR(SETUP!$B$98="",SETUP!$I$98=""),"",SETUP!$I$98) | H67: =IF(OR(SETUP!$B$98="",SETUP!$J$98=""),"",SETUP!$J$98) | I67: =IF(OR(SETUP!$B$98="",SETUP!$K$98=""),"",SETUP!$K$98) | J67: =IF(OR(SETUP!$B$98="",SETUP!$L$98=""),"",SETUP!$L$98) | K67: =IF(OR(SETUP!$B$98="",SETUP!$M$98=""),"",SETUP!$M$98)
B68: =IF(OR(SETUP!$B$99="",SETUP!$B$99=""),"",SETUP!$B$99) | C68: =IF(OR(SETUP!$B$99="",SETUP!$C$99=""),"",SETUP!$C$99) | D68: =IF(OR(SETUP!$B$99="",SETUP!$F$99=""),"",SETUP!$F$99) | E68: =IF(OR(SETUP!$B$99="",SETUP!$G$99=""),"",SETUP!$G$99) | F68: =IF(OR(SETUP!$B$99="",SETUP!$H$99=""),"",SETUP!$H$99) | G68: =IF(OR(SETUP!$B$99="",SETUP!$I$99=""),"",SETUP!$I$99) | H68: =IF(OR(SETUP!$B$99="",SETUP!$J$99=""),"",SETUP!$J$99) | I68: =IF(OR(SETUP!$B$99="",SETUP!$K$99=""),"",SETUP!$K$99) | J68: =IF(OR(SETUP!$B$99="",SETUP!$L$99=""),"",SETUP!$L$99) | K68: =IF(OR(SETUP!$B$99="",SETUP!$M$99=""),"",SETUP!$M$99)
B69: =IF(OR(SETUP!$B$100="",SETUP!$B$100=""),"",SETUP!$B$100) | C69: =IF(OR(SETUP!$B$100="",SETUP!$C$100=""),"",SETUP!$C$100) | D69: =IF(OR(SETUP!$B$100="",SETUP!$F$100=""),"",SETUP!$F$100) | E69: =IF(OR(SETUP!$B$100="",SETUP!$G$100=""),"",SETUP!$G$100) | F69: =IF(OR(SETUP!$B$100="",SETUP!$H$100=""),"",SETUP!$H$100) | G69: =IF(OR(SETUP!$B$100="",SETUP!$I$100=""),"",SETUP!$I$100) | H69: =IF(OR(SETUP!$B$100="",SETUP!$J$100=""),"",SETUP!$J$100) | I69: =IF(OR(SETUP!$B$100="",SETUP!$K$100=""),"",SETUP!$K$100) | J69: =IF(OR(SETUP!$B$100="",SETUP!$L$100=""),"",SETUP!$L$100) | K69: =IF(OR(SETUP!$B$100="",SETUP!$M$100=""),"",SETUP!$M$100)
B70: =IF(OR(SETUP!$B$101="",SETUP!$B$101=""),"",SETUP!$B$101) | C70: =IF(OR(SETUP!$B$101="",SETUP!$C$101=""),"",SETUP!$C$101) | D70: =IF(OR(SETUP!$B$101="",SETUP!$F$101=""),"",SETUP!$F$101) | E70: =IF(OR(SETUP!$B$101="",SETUP!$G$101=""),"",SETUP!$G$101) | F70: =IF(OR(SETUP!$B$101="",SETUP!$H$101=""),"",SETUP!$H$101) | G70: =IF(OR(SETUP!$B$101="",SETUP!$I$101=""),"",SETUP!$I$101) | H70: =IF(OR(SETUP!$B$101="",SETUP!$J$101=""),"",SETUP!$J$101) | I70: =IF(OR(SETUP!$B$101="",SETUP!$K$101=""),"",SETUP!$K$101) | J70: =IF(OR(SETUP!$B$101="",SETUP!$L$101=""),"",SETUP!$L$101) | K70: =IF(OR(SETUP!$B$101="",SETUP!$M$101=""),"",SETUP!$M$101)
B71: =IF(OR(SETUP!$B$102="",SETUP!$B$102=""),"",SETUP!$B$102) | C71: =IF(OR(SETUP!$B$102="",SETUP!$C$102=""),"",SETUP!$C$102) | D71: =IF(OR(SETUP!$B$102="",SETUP!$F$102=""),"",SETUP!$F$102) | E71: =IF(OR(SETUP!$B$102="",SETUP!$G$102=""),"",SETUP!$G$102) | F71: =IF(OR(SETUP!$B$102="",SETUP!$H$102=""),"",SETUP!$H$102) | G71: =IF(OR(SETUP!$B$102="",SETUP!$I$102=""),"",SETUP!$I$102) | H71: =IF(OR(SETUP!$B$102="",SETUP!$J$102=""),"",SETUP!$J$102) | I71: =IF(OR(SETUP!$B$102="",SETUP!$K$102=""),"",SETUP!$K$102) | J71: =IF(OR(SETUP!$B$102="",SETUP!$L$102=""),"",SETUP!$L$102) | K71: =IF(OR(SETUP!$B$102="",SETUP!$M$102=""),"",SETUP!$M$102)
B72: =IF(OR(SETUP!$B$103="",SETUP!$B$103=""),"",SETUP!$B$103) | C72: =IF(OR(SETUP!$B$103="",SETUP!$C$103=""),"",SETUP!$C$103) | D72: =IF(OR(SETUP!$B$103="",SETUP!$F$103=""),"",SETUP!$F$103) | E72: =IF(OR(SETUP!$B$103="",SETUP!$G$103=""),"",SETUP!$G$103) | F72: =IF(OR(SETUP!$B$103="",SETUP!$H$103=""),"",SETUP!$H$103) | G72: =IF(OR(SETUP!$B$103="",SETUP!$I$103=""),"",SETUP!$I$103) | H72: =IF(OR(SETUP!$B$103="",SETUP!$J$103=""),"",SETUP!$J$103) | I72: =IF(OR(SETUP!$B$103="",SETUP!$K$103=""),"",SETUP!$K$103) | J72: =IF(OR(SETUP!$B$103="",SETUP!$L$103=""),"",SETUP!$L$103) | K72: =IF(OR(SETUP!$B$103="",SETUP!$M$103=""),"",SETUP!$M$103)
B73: =IF(OR(SETUP!$B$104="",SETUP!$B$104=""),"",SETUP!$B$104) | C73: =IF(OR(SETUP!$B$104="",SETUP!$C$104=""),"",SETUP!$C$104) | D73: =IF(OR(SETUP!$B$104="",SETUP!$F$104=""),"",SETUP!$F$104) | E73: =IF(OR(SETUP!$B$104="",SETUP!$G$104=""),"",SETUP!$G$104) | F73: =IF(OR(SETUP!$B$104="",SETUP!$H$104=""),"",SETUP!$H$104) | G73: =IF(OR(SETUP!$B$104="",SETUP!$I$104=""),"",SETUP!$I$104) | H73: =IF(OR(SETUP!$B$104="",SETUP!$J$104=""),"",SETUP!$J$104) | I73: =IF(OR(SETUP!$B$104="",SETUP!$K$104=""),"",SETUP!$K$104) | J73: =IF(OR(SETUP!$B$104="",SETUP!$L$104=""),"",SETUP!$L$104) | K73: =IF(OR(SETUP!$B$104="",SETUP!$M$104=""),"",SETUP!$M$104)
B74: =IF(OR(SETUP!$B$105="",SETUP!$B$105=""),"",SETUP!$B$105) | C74: =IF(OR(SETUP!$B$105="",SETUP!$C$105=""),"",SETUP!$C$105) | D74: =IF(OR(SETUP!$B$105="",SETUP!$F$105=""),"",SETUP!$F$105) | E74: =IF(OR(SETUP!$B$105="",SETUP!$G$105=""),"",SETUP!$G$105) | F74: =IF(OR(SETUP!$B$105="",SETUP!$H$105=""),"",SETUP!$H$105) | G74: =IF(OR(SETUP!$B$105="",SETUP!$I$105=""),"",SETUP!$I$105) | H74: =IF(OR(SETUP!$B$105="",SETUP!$J$105=""),"",SETUP!$J$105) | I74: =IF(OR(SETUP!$B$105="",SETUP!$K$105=""),"",SETUP!$K$105) | J74: =IF(OR(SETUP!$B$105="",SETUP!$L$105=""),"",SETUP!$L$105) | K74: =IF(OR(SETUP!$B$105="",SETUP!$M$105=""),"",SETUP!$M$105)
B75: =IF(OR(SETUP!$B$106="",SETUP!$B$106=""),"",SETUP!$B$106) | C75: =IF(OR(SETUP!$B$106="",SETUP!$C$106=""),"",SETUP!$C$106) | D75: =IF(OR(SETUP!$B$106="",SETUP!$F$106=""),"",SETUP!$F$106) | E75: =IF(OR(SETUP!$B$106="",SETUP!$G$106=""),"",SETUP!$G$106) | F75: =IF(OR(SETUP!$B$106="",SETUP!$H$106=""),"",SETUP!$H$106) | G75: =IF(OR(SETUP!$B$106="",SETUP!$I$106=""),"",SETUP!$I$106) | H75: =IF(OR(SETUP!$B$106="",SETUP!$J$106=""),"",SETUP!$J$106) | I75: =IF(OR(SETUP!$B$106="",SETUP!$K$106=""),"",SETUP!$K$106) | J75: =IF(OR(SETUP!$B$106="",SETUP!$L$106=""),"",SETUP!$L$106) | K75: =IF(OR(SETUP!$B$106="",SETUP!$M$106=""),"",SETUP!$M$106)
B76: =IF(OR(SETUP!$B$107="",SETUP!$B$107=""),"",SETUP!$B$107) | C76: =IF(OR(SETUP!$B$107="",SETUP!$C$107=""),"",SETUP!$C$107) | D76: =IF(OR(SETUP!$B$107="",SETUP!$F$107=""),"",SETUP!$F$107) | E76: =IF(OR(SETUP!$B$107="",SETUP!$G$107=""),"",SETUP!$G$107) | F76: =IF(OR(SETUP!$B$107="",SETUP!$H$107=""),"",SETUP!$H$107) | G76: =IF(OR(SETUP!$B$107="",SETUP!$I$107=""),"",SETUP!$I$107) | H76: =IF(OR(SETUP!$B$107="",SETUP!$J$107=""),"",SETUP!$J$107) | I76: =IF(OR(SETUP!$B$107="",SETUP!$K$107=""),"",SETUP!$K$107) | J76: =IF(OR(SETUP!$B$107="",SETUP!$L$107=""),"",SETUP!$L$107) | K76: =IF(OR(SETUP!$B$107="",SETUP!$M$107=""),"",SETUP!$M$107)
B77: =IF(OR(SETUP!$B$108="",SETUP!$B$108=""),"",SETUP!$B$108) | C77: =IF(OR(SETUP!$B$108="",SETUP!$C$108=""),"",SETUP!$C$108) | D77: =IF(OR(SETUP!$B$108="",SETUP!$F$108=""),"",SETUP!$F$108) | E77: =IF(OR(SETUP!$B$108="",SETUP!$G$108=""),"",SETUP!$G$108) | F77: =IF(OR(SETUP!$B$108="",SETUP!$H$108=""),"",SETUP!$H$108) | G77: =IF(OR(SETUP!$B$108="",SETUP!$I$108=""),"",SETUP!$I$108) | H77: =IF(OR(SETUP!$B$108="",SETUP!$J$108=""),"",SETUP!$J$108) | I77: =IF(OR(SETUP!$B$108="",SETUP!$K$108=""),"",SETUP!$K$108) | J77: =IF(OR(SETUP!$B$108="",SETUP!$L$108=""),"",SETUP!$L$108) | K77: =IF(OR(SETUP!$B$108="",SETUP!$M$108=""),"",SETUP!$M$108)
B78: =IF(OR(SETUP!$B$109="",SETUP!$B$109=""),"",SETUP!$B$109) | C78: =IF(OR(SETUP!$B$109="",SETUP!$C$109=""),"",SETUP!$C$109) | D78: =IF(OR(SETUP!$B$109="",SETUP!$F$109=""),"",SETUP!$F$109) | E78: =IF(OR(SETUP!$B$109="",SETUP!$G$109=""),"",SETUP!$G$109) | F78: =IF(OR(SETUP!$B$109="",SETUP!$H$109=""),"",SETUP!$H$109) | G78: =IF(OR(SETUP!$B$109="",SETUP!$I$109=""),"",SETUP!$I$109) | H78: =IF(OR(SETUP!$B$109="",SETUP!$J$109=""),"",SETUP!$J$109) | I78: =IF(OR(SETUP!$B$109="",SETUP!$K$109=""),"",SETUP!$K$109) | J78: =IF(OR(SETUP!$B$109="",SETUP!$L$109=""),"",SETUP!$L$109) | K78: =IF(OR(SETUP!$B$109="",SETUP!$M$109=""),"",SETUP!$M$109)
B79: =IF(OR(SETUP!$B$110="",SETUP!$B$110=""),"",SETUP!$B$110) | C79: =IF(OR(SETUP!$B$110="",SETUP!$C$110=""),"",SETUP!$C$110) | D79: =IF(OR(SETUP!$B$110="",SETUP!$F$110=""),"",SETUP!$F$110) | E79: =IF(OR(SETUP!$B$110="",SETUP!$G$110=""),"",SETUP!$G$110) | F79: =IF(OR(SETUP!$B$110="",SETUP!$H$110=""),"",SETUP!$H$110) | G79: =IF(OR(SETUP!$B$110="",SETUP!$I$110=""),"",SETUP!$I$110) | H79: =IF(OR(SETUP!$B$110="",SETUP!$J$110=""),"",SETUP!$J$110) | I79: =IF(OR(SETUP!$B$110="",SETUP!$K$110=""),"",SETUP!$K$110) | J79: =IF(OR(SETUP!$B$110="",SETUP!$L$110=""),"",SETUP!$L$110) | K79: =IF(OR(SETUP!$B$110="",SETUP!$M$110=""),"",SETUP!$M$110)
B80: =IF(OR(SETUP!$B$111="",SETUP!$B$111=""),"",SETUP!$B$111) | C80: =IF(OR(SETUP!$B$111="",SETUP!$C$111=""),"",SETUP!$C$111) | D80: =IF(OR(SETUP!$B$111="",SETUP!$F$111=""),"",SETUP!$F$111) | E80: =IF(OR(SETUP!$B$111="",SETUP!$G$111=""),"",SETUP!$G$111) | F80: =IF(OR(SETUP!$B$111="",SETUP!$H$111=""),"",SETUP!$H$111) | G80: =IF(OR(SETUP!$B$111="",SETUP!$I$111=""),"",SETUP!$I$111) | H80: =IF(OR(SETUP!$B$111="",SETUP!$J$111=""),"",SETUP!$J$111) | I80: =IF(OR(SETUP!$B$111="",SETUP!$K$111=""),"",SETUP!$K$111) | J80: =IF(OR(SETUP!$B$111="",SETUP!$L$111=""),"",SETUP!$L$111) | K80: =IF(OR(SETUP!$B$111="",SETUP!$M$111=""),"",SETUP!$M$111)
B81: =IF(OR(SETUP!$B$112="",SETUP!$B$112=""),"",SETUP!$B$112) | C81: =IF(OR(SETUP!$B$112="",SETUP!$C$112=""),"",SETUP!$C$112) | D81: =IF(OR(SETUP!$B$112="",SETUP!$F$112=""),"",SETUP!$F$112) | E81: =IF(OR(SETUP!$B$112="",SETUP!$G$112=""),"",SETUP!$G$112) | F81: =IF(OR(SETUP!$B$112="",SETUP!$H$112=""),"",SETUP!$H$112) | G81: =IF(OR(SETUP!$B$112="",SETUP!$I$112=""),"",SETUP!$I$112) | H81: =IF(OR(SETUP!$B$112="",SETUP!$J$112=""),"",SETUP!$J$112) | I81: =IF(OR(SETUP!$B$112="",SETUP!$K$112=""),"",SETUP!$K$112) | J81: =IF(OR(SETUP!$B$112="",SETUP!$L$112=""),"",SETUP!$L$112) | K81: =IF(OR(SETUP!$B$112="",SETUP!$M$112=""),"",SETUP!$M$112)
B82: =IF(OR(SETUP!$B$113="",SETUP!$B$113=""),"",SETUP!$B$113) | C82: =IF(OR(SETUP!$B$113="",SETUP!$C$113=""),"",SETUP!$C$113) | D82: =IF(OR(SETUP!$B$113="",SETUP!$F$113=""),"",SETUP!$F$113) | E82: =IF(OR(SETUP!$B$113="",SETUP!$G$113=""),"",SETUP!$G$113) | F82: =IF(OR(SETUP!$B$113="",SETUP!$H$113=""),"",SETUP!$H$113) | G82: =IF(OR(SETUP!$B$113="",SETUP!$I$113=""),"",SETUP!$I$113) | H82: =IF(OR(SETUP!$B$113="",SETUP!$J$113=""),"",SETUP!$J$113) | I82: =IF(OR(SETUP!$B$113="",SETUP!$K$113=""),"",SETUP!$K$113) | J82: =IF(OR(SETUP!$B$113="",SETUP!$L$113=""),"",SETUP!$L$113) | K82: =IF(OR(SETUP!$B$113="",SETUP!$M$113=""),"",SETUP!$M$113)
B84: 5. EQUIPMENT TO WATCH most severe first
B85: System | C85: Equipment | D85: Docs | E85: Done | F85: Late | G85: Core missing | H85: % done | I85: Status
B86: =IF($R86="","",IFERROR(INDEX(EQP_SYS,MATCH($R86,EQW_KEY,0)),"")) | C86: =IF($R86="","",IFERROR(INDEX(EQP_NOM,MATCH($R86,EQW_KEY,0)),"")) | D86: =IF($R86="","",IFERROR(INDEX(EQP_DOCS,MATCH($R86,EQW_KEY,0)),"")) | E86: =IF($R86="","",IFERROR(INDEX(EQP_DONE,MATCH($R86,EQW_KEY,0)),"")) | F86: =IF($R86="","",IFERROR(INDEX(EQP_LATE,MATCH($R86,EQW_KEY,0)),"")) | G86: =IF($R86="","",IFERROR(INDEX(EQP_CORE,MATCH($R86,EQW_KEY,0)),"")) | H86: =IF($R86="","",IFERROR(INDEX(EQP_PCT,MATCH($R86,EQW_KEY,0)),"")) | I86: =IF($R86="","",IFERROR(INDEX(EQP_STATUS,MATCH($R86,EQW_KEY,0)),"")) | R86: =IFERROR(LARGE(EQW_KEY,1),"")
B87: =IF($R87="","",IFERROR(INDEX(EQP_SYS,MATCH($R87,EQW_KEY,0)),"")) | C87: =IF($R87="","",IFERROR(INDEX(EQP_NOM,MATCH($R87,EQW_KEY,0)),"")) | D87: =IF($R87="","",IFERROR(INDEX(EQP_DOCS,MATCH($R87,EQW_KEY,0)),"")) | E87: =IF($R87="","",IFERROR(INDEX(EQP_DONE,MATCH($R87,EQW_KEY,0)),"")) | F87: =IF($R87="","",IFERROR(INDEX(EQP_LATE,MATCH($R87,EQW_KEY,0)),"")) | G87: =IF($R87="","",IFERROR(INDEX(EQP_CORE,MATCH($R87,EQW_KEY,0)),"")) | H87: =IF($R87="","",IFERROR(INDEX(EQP_PCT,MATCH($R87,EQW_KEY,0)),"")) | I87: =IF($R87="","",IFERROR(INDEX(EQP_STATUS,MATCH($R87,EQW_KEY,0)),"")) | R87: =IFERROR(LARGE(EQW_KEY,2),"")
B88: =IF($R88="","",IFERROR(INDEX(EQP_SYS,MATCH($R88,EQW_KEY,0)),"")) | C88: =IF($R88="","",IFERROR(INDEX(EQP_NOM,MATCH($R88,EQW_KEY,0)),"")) | D88: =IF($R88="","",IFERROR(INDEX(EQP_DOCS,MATCH($R88,EQW_KEY,0)),"")) | E88: =IF($R88="","",IFERROR(INDEX(EQP_DONE,MATCH($R88,EQW_KEY,0)),"")) | F88: =IF($R88="","",IFERROR(INDEX(EQP_LATE,MATCH($R88,EQW_KEY,0)),"")) | G88: =IF($R88="","",IFERROR(INDEX(EQP_CORE,MATCH($R88,EQW_KEY,0)),"")) | H88: =IF($R88="","",IFERROR(INDEX(EQP_PCT,MATCH($R88,EQW_KEY,0)),"")) | I88: =IF($R88="","",IFERROR(INDEX(EQP_STATUS,MATCH($R88,EQW_KEY,0)),"")) | R88: =IFERROR(LARGE(EQW_KEY,3),"")
B89: =IF($R89="","",IFERROR(INDEX(EQP_SYS,MATCH($R89,EQW_KEY,0)),"")) | C89: =IF($R89="","",IFERROR(INDEX(EQP_NOM,MATCH($R89,EQW_KEY,0)),"")) | D89: =IF($R89="","",IFERROR(INDEX(EQP_DOCS,MATCH($R89,EQW_KEY,0)),"")) | E89: =IF($R89="","",IFERROR(INDEX(EQP_DONE,MATCH($R89,EQW_KEY,0)),"")) | F89: =IF($R89="","",IFERROR(INDEX(EQP_LATE,MATCH($R89,EQW_KEY,0)),"")) | G89: =IF($R89="","",IFERROR(INDEX(EQP_CORE,MATCH($R89,EQW_KEY,0)),"")) | H89: =IF($R89="","",IFERROR(INDEX(EQP_PCT,MATCH($R89,EQW_KEY,0)),"")) | I89: =IF($R89="","",IFERROR(INDEX(EQP_STATUS,MATCH($R89,EQW_KEY,0)),"")) | R89: =IFERROR(LARGE(EQW_KEY,4),"")
B90: =IF($R90="","",IFERROR(INDEX(EQP_SYS,MATCH($R90,EQW_KEY,0)),"")) | C90: =IF($R90="","",IFERROR(INDEX(EQP_NOM,MATCH($R90,EQW_KEY,0)),"")) | D90: =IF($R90="","",IFERROR(INDEX(EQP_DOCS,MATCH($R90,EQW_KEY,0)),"")) | E90: =IF($R90="","",IFERROR(INDEX(EQP_DONE,MATCH($R90,EQW_KEY,0)),"")) | F90: =IF($R90="","",IFERROR(INDEX(EQP_LATE,MATCH($R90,EQW_KEY,0)),"")) | G90: =IF($R90="","",IFERROR(INDEX(EQP_CORE,MATCH($R90,EQW_KEY,0)),"")) | H90: =IF($R90="","",IFERROR(INDEX(EQP_PCT,MATCH($R90,EQW_KEY,0)),"")) | I90: =IF($R90="","",IFERROR(INDEX(EQP_STATUS,MATCH($R90,EQW_KEY,0)),"")) | R90: =IFERROR(LARGE(EQW_KEY,5),"")
B91: =IF($R91="","",IFERROR(INDEX(EQP_SYS,MATCH($R91,EQW_KEY,0)),"")) | C91: =IF($R91="","",IFERROR(INDEX(EQP_NOM,MATCH($R91,EQW_KEY,0)),"")) | D91: =IF($R91="","",IFERROR(INDEX(EQP_DOCS,MATCH($R91,EQW_KEY,0)),"")) | E91: =IF($R91="","",IFERROR(INDEX(EQP_DONE,MATCH($R91,EQW_KEY,0)),"")) | F91: =IF($R91="","",IFERROR(INDEX(EQP_LATE,MATCH($R91,EQW_KEY,0)),"")) | G91: =IF($R91="","",IFERROR(INDEX(EQP_CORE,MATCH($R91,EQW_KEY,0)),"")) | H91: =IF($R91="","",IFERROR(INDEX(EQP_PCT,MATCH($R91,EQW_KEY,0)),"")) | I91: =IF($R91="","",IFERROR(INDEX(EQP_STATUS,MATCH($R91,EQW_KEY,0)),"")) | R91: =IFERROR(LARGE(EQW_KEY,6),"")
B92: =IF($R92="","",IFERROR(INDEX(EQP_SYS,MATCH($R92,EQW_KEY,0)),"")) | C92: =IF($R92="","",IFERROR(INDEX(EQP_NOM,MATCH($R92,EQW_KEY,0)),"")) | D92: =IF($R92="","",IFERROR(INDEX(EQP_DOCS,MATCH($R92,EQW_KEY,0)),"")) | E92: =IF($R92="","",IFERROR(INDEX(EQP_DONE,MATCH($R92,EQW_KEY,0)),"")) | F92: =IF($R92="","",IFERROR(INDEX(EQP_LATE,MATCH($R92,EQW_KEY,0)),"")) | G92: =IF($R92="","",IFERROR(INDEX(EQP_CORE,MATCH($R92,EQW_KEY,0)),"")) | H92: =IF($R92="","",IFERROR(INDEX(EQP_PCT,MATCH($R92,EQW_KEY,0)),"")) | I92: =IF($R92="","",IFERROR(INDEX(EQP_STATUS,MATCH($R92,EQW_KEY,0)),"")) | R92: =IFERROR(LARGE(EQW_KEY,7),"")
B93: =IF($R93="","",IFERROR(INDEX(EQP_SYS,MATCH($R93,EQW_KEY,0)),"")) | C93: =IF($R93="","",IFERROR(INDEX(EQP_NOM,MATCH($R93,EQW_KEY,0)),"")) | D93: =IF($R93="","",IFERROR(INDEX(EQP_DOCS,MATCH($R93,EQW_KEY,0)),"")) | E93: =IF($R93="","",IFERROR(INDEX(EQP_DONE,MATCH($R93,EQW_KEY,0)),"")) | F93: =IF($R93="","",IFERROR(INDEX(EQP_LATE,MATCH($R93,EQW_KEY,0)),"")) | G93: =IF($R93="","",IFERROR(INDEX(EQP_CORE,MATCH($R93,EQW_KEY,0)),"")) | H93: =IF($R93="","",IFERROR(INDEX(EQP_PCT,MATCH($R93,EQW_KEY,0)),"")) | I93: =IF($R93="","",IFERROR(INDEX(EQP_STATUS,MATCH($R93,EQW_KEY,0)),"")) | R93: =IFERROR(LARGE(EQW_KEY,8),"")
B94: =IF($R94="","",IFERROR(INDEX(EQP_SYS,MATCH($R94,EQW_KEY,0)),"")) | C94: =IF($R94="","",IFERROR(INDEX(EQP_NOM,MATCH($R94,EQW_KEY,0)),"")) | D94: =IF($R94="","",IFERROR(INDEX(EQP_DOCS,MATCH($R94,EQW_KEY,0)),"")) | E94: =IF($R94="","",IFERROR(INDEX(EQP_DONE,MATCH($R94,EQW_KEY,0)),"")) | F94: =IF($R94="","",IFERROR(INDEX(EQP_LATE,MATCH($R94,EQW_KEY,0)),"")) | G94: =IF($R94="","",IFERROR(INDEX(EQP_CORE,MATCH($R94,EQW_KEY,0)),"")) | H94: =IF($R94="","",IFERROR(INDEX(EQP_PCT,MATCH($R94,EQW_KEY,0)),"")) | I94: =IF($R94="","",IFERROR(INDEX(EQP_STATUS,MATCH($R94,EQW_KEY,0)),"")) | R94: =IFERROR(LARGE(EQW_KEY,9),"")
B95: =IF($R95="","",IFERROR(INDEX(EQP_SYS,MATCH($R95,EQW_KEY,0)),"")) | C95: =IF($R95="","",IFERROR(INDEX(EQP_NOM,MATCH($R95,EQW_KEY,0)),"")) | D95: =IF($R95="","",IFERROR(INDEX(EQP_DOCS,MATCH($R95,EQW_KEY,0)),"")) | E95: =IF($R95="","",IFERROR(INDEX(EQP_DONE,MATCH($R95,EQW_KEY,0)),"")) | F95: =IF($R95="","",IFERROR(INDEX(EQP_LATE,MATCH($R95,EQW_KEY,0)),"")) | G95: =IF($R95="","",IFERROR(INDEX(EQP_CORE,MATCH($R95,EQW_KEY,0)),"")) | H95: =IF($R95="","",IFERROR(INDEX(EQP_PCT,MATCH($R95,EQW_KEY,0)),"")) | I95: =IF($R95="","",IFERROR(INDEX(EQP_STATUS,MATCH($R95,EQW_KEY,0)),"")) | R95: =IFERROR(LARGE(EQW_KEY,10),"")
B96: =IF($R96="","",IFERROR(INDEX(EQP_SYS,MATCH($R96,EQW_KEY,0)),"")) | C96: =IF($R96="","",IFERROR(INDEX(EQP_NOM,MATCH($R96,EQW_KEY,0)),"")) | D96: =IF($R96="","",IFERROR(INDEX(EQP_DOCS,MATCH($R96,EQW_KEY,0)),"")) | E96: =IF($R96="","",IFERROR(INDEX(EQP_DONE,MATCH($R96,EQW_KEY,0)),"")) | F96: =IF($R96="","",IFERROR(INDEX(EQP_LATE,MATCH($R96,EQW_KEY,0)),"")) | G96: =IF($R96="","",IFERROR(INDEX(EQP_CORE,MATCH($R96,EQW_KEY,0)),"")) | H96: =IF($R96="","",IFERROR(INDEX(EQP_PCT,MATCH($R96,EQW_KEY,0)),"")) | I96: =IF($R96="","",IFERROR(INDEX(EQP_STATUS,MATCH($R96,EQW_KEY,0)),"")) | R96: =IFERROR(LARGE(EQW_KEY,11),"")
B97: =IF($R97="","",IFERROR(INDEX(EQP_SYS,MATCH($R97,EQW_KEY,0)),"")) | C97: =IF($R97="","",IFERROR(INDEX(EQP_NOM,MATCH($R97,EQW_KEY,0)),"")) | D97: =IF($R97="","",IFERROR(INDEX(EQP_DOCS,MATCH($R97,EQW_KEY,0)),"")) | E97: =IF($R97="","",IFERROR(INDEX(EQP_DONE,MATCH($R97,EQW_KEY,0)),"")) | F97: =IF($R97="","",IFERROR(INDEX(EQP_LATE,MATCH($R97,EQW_KEY,0)),"")) | G97: =IF($R97="","",IFERROR(INDEX(EQP_CORE,MATCH($R97,EQW_KEY,0)),"")) | H97: =IF($R97="","",IFERROR(INDEX(EQP_PCT,MATCH($R97,EQW_KEY,0)),"")) | I97: =IF($R97="","",IFERROR(INDEX(EQP_STATUS,MATCH($R97,EQW_KEY,0)),"")) | R97: =IFERROR(LARGE(EQW_KEY,12),"")
B98: =IF($R98="","",IFERROR(INDEX(EQP_SYS,MATCH($R98,EQW_KEY,0)),"")) | C98: =IF($R98="","",IFERROR(INDEX(EQP_NOM,MATCH($R98,EQW_KEY,0)),"")) | D98: =IF($R98="","",IFERROR(INDEX(EQP_DOCS,MATCH($R98,EQW_KEY,0)),"")) | E98: =IF($R98="","",IFERROR(INDEX(EQP_DONE,MATCH($R98,EQW_KEY,0)),"")) | F98: =IF($R98="","",IFERROR(INDEX(EQP_LATE,MATCH($R98,EQW_KEY,0)),"")) | G98: =IF($R98="","",IFERROR(INDEX(EQP_CORE,MATCH($R98,EQW_KEY,0)),"")) | H98: =IF($R98="","",IFERROR(INDEX(EQP_PCT,MATCH($R98,EQW_KEY,0)),"")) | I98: =IF($R98="","",IFERROR(INDEX(EQP_STATUS,MATCH($R98,EQW_KEY,0)),"")) | R98: =IFERROR(LARGE(EQW_KEY,13),"")
B99: =IF($R99="","",IFERROR(INDEX(EQP_SYS,MATCH($R99,EQW_KEY,0)),"")) | C99: =IF($R99="","",IFERROR(INDEX(EQP_NOM,MATCH($R99,EQW_KEY,0)),"")) | D99: =IF($R99="","",IFERROR(INDEX(EQP_DOCS,MATCH($R99,EQW_KEY,0)),"")) | E99: =IF($R99="","",IFERROR(INDEX(EQP_DONE,MATCH($R99,EQW_KEY,0)),"")) | F99: =IF($R99="","",IFERROR(INDEX(EQP_LATE,MATCH($R99,EQW_KEY,0)),"")) | G99: =IF($R99="","",IFERROR(INDEX(EQP_CORE,MATCH($R99,EQW_KEY,0)),"")) | H99: =IF($R99="","",IFERROR(INDEX(EQP_PCT,MATCH($R99,EQW_KEY,0)),"")) | I99: =IF($R99="","",IFERROR(INDEX(EQP_STATUS,MATCH($R99,EQW_KEY,0)),"")) | R99: =IFERROR(LARGE(EQW_KEY,14),"")
B100: =IF($R100="","",IFERROR(INDEX(EQP_SYS,MATCH($R100,EQW_KEY,0)),"")) | C100: =IF($R100="","",IFERROR(INDEX(EQP_NOM,MATCH($R100,EQW_KEY,0)),"")) | D100: =IF($R100="","",IFERROR(INDEX(EQP_DOCS,MATCH($R100,EQW_KEY,0)),"")) | E100: =IF($R100="","",IFERROR(INDEX(EQP_DONE,MATCH($R100,EQW_KEY,0)),"")) | F100: =IF($R100="","",IFERROR(INDEX(EQP_LATE,MATCH($R100,EQW_KEY,0)),"")) | G100: =IF($R100="","",IFERROR(INDEX(EQP_CORE,MATCH($R100,EQW_KEY,0)),"")) | H100: =IF($R100="","",IFERROR(INDEX(EQP_PCT,MATCH($R100,EQW_KEY,0)),"")) | I100: =IF($R100="","",IFERROR(INDEX(EQP_STATUS,MATCH($R100,EQW_KEY,0)),"")) | R100: =IFERROR(LARGE(EQW_KEY,15),"")
B102: 6. MILESTONES
B103: Milestone | C103: Note | D103: Planned date | E103: Actual date | F103: Days from today
B104: =IF(OR(SETUP!$B$71="",SETUP!$B$71=""),"",SETUP!$B$71) | C104: =IF(OR(SETUP!$B$71="",SETUP!$G$71=""),"",SETUP!$G$71) | D104: =IF(OR(SETUP!$B$71="",SETUP!$E$71=""),"",SETUP!$E$71) | E104: =IF(OR(SETUP!$B$71="",SETUP!$F$71=""),"",SETUP!$F$71) | F104: =IF(SETUP!$B$71="","",IF(SETUP!$F$71<>"","",IF(SETUP!$E$71="","",SETUP!$E$71-TODAY())))
B105: =IF(OR(SETUP!$B$72="",SETUP!$B$72=""),"",SETUP!$B$72) | C105: =IF(OR(SETUP!$B$72="",SETUP!$G$72=""),"",SETUP!$G$72) | D105: =IF(OR(SETUP!$B$72="",SETUP!$E$72=""),"",SETUP!$E$72) | E105: =IF(OR(SETUP!$B$72="",SETUP!$F$72=""),"",SETUP!$F$72) | F105: =IF(SETUP!$B$72="","",IF(SETUP!$F$72<>"","",IF(SETUP!$E$72="","",SETUP!$E$72-TODAY())))
B106: =IF(OR(SETUP!$B$73="",SETUP!$B$73=""),"",SETUP!$B$73) | C106: =IF(OR(SETUP!$B$73="",SETUP!$G$73=""),"",SETUP!$G$73) | D106: =IF(OR(SETUP!$B$73="",SETUP!$E$73=""),"",SETUP!$E$73) | E106: =IF(OR(SETUP!$B$73="",SETUP!$F$73=""),"",SETUP!$F$73) | F106: =IF(SETUP!$B$73="","",IF(SETUP!$F$73<>"","",IF(SETUP!$E$73="","",SETUP!$E$73-TODAY())))
B107: =IF(OR(SETUP!$B$74="",SETUP!$B$74=""),"",SETUP!$B$74) | C107: =IF(OR(SETUP!$B$74="",SETUP!$G$74=""),"",SETUP!$G$74) | D107: =IF(OR(SETUP!$B$74="",SETUP!$E$74=""),"",SETUP!$E$74) | E107: =IF(OR(SETUP!$B$74="",SETUP!$F$74=""),"",SETUP!$F$74) | F107: =IF(SETUP!$B$74="","",IF(SETUP!$F$74<>"","",IF(SETUP!$E$74="","",SETUP!$E$74-TODAY())))
B108: =IF(OR(SETUP!$B$75="",SETUP!$B$75=""),"",SETUP!$B$75) | C108: =IF(OR(SETUP!$B$75="",SETUP!$G$75=""),"",SETUP!$G$75) | D108: =IF(OR(SETUP!$B$75="",SETUP!$E$75=""),"",SETUP!$E$75) | E108: =IF(OR(SETUP!$B$75="",SETUP!$F$75=""),"",SETUP!$F$75) | F108: =IF(SETUP!$B$75="","",IF(SETUP!$F$75<>"","",IF(SETUP!$E$75="","",SETUP!$E$75-TODAY())))
B109: =IF(OR(SETUP!$B$76="",SETUP!$B$76=""),"",SETUP!$B$76) | C109: =IF(OR(SETUP!$B$76="",SETUP!$G$76=""),"",SETUP!$G$76) | D109: =IF(OR(SETUP!$B$76="",SETUP!$E$76=""),"",SETUP!$E$76) | E109: =IF(OR(SETUP!$B$76="",SETUP!$F$76=""),"",SETUP!$F$76) | F109: =IF(SETUP!$B$76="","",IF(SETUP!$F$76<>"","",IF(SETUP!$E$76="","",SETUP!$E$76-TODAY())))
...

Sheet TRACKER
A1: DELIVERABLES TRACKER
A2: One row per document per thing it covers: the whole contract (Scope = All), a system, or a piece of equipment. A document covering three systems is three rows. Fill Actual start when work begins. Days late: positive = late, negative = float.
A3: Type | B3: Scope | C3: System | D3: Equipment | E3: Document no. | F3: Responsible (drafting) | G3: Approver | H3: Status | I3: Actual start | J3: Target override | K3: Target approval | L3: Source | M3: Actual approval | N3: Days late | O3: State | P3: Check | Q3: Comment | R3: Scope date | S3: Auto target | T3: Active | U3: Done | V3: Inactive | W3: Phase | X3: k late | Y3: k wip | Z3: k coming
A4: Basis of Commissioning | B4: All | E4: DMIC-ALL-BOC-001 | F4: S. Okonkwo | G4: P. Nakamura | H4: P1 - For Implementation | K4: =IF($A4="","",IF($J4<>"",$J4,$S4)) | L4: =IF(OR($A4="",$E4=""),"",IF($J4<>"","Manual",IF($S4="","-","Auto"))) | M4: 45955 | N4: =IF($T4=0,"",IF($U4=1,IF($M4="","",$M4-$K4),IF($K4="","",TODAY()-$K4))) | O4: =IF(OR($A4="",$E4=""),"",IF($V4=1,S_INACT,IF(ISNA(MATCH($A4,TYP_TYPE,0)),S_TYPEKO,IF($U4=1,S_DONE,IF(AND($K4="",$R4=""),S_NOSCOPE,IF($K4="",S_NOTARGET,IF($N4>0,S_LATE,IF($I4<>"",S_WIP,IF(-$N4<=FEN_DOC,S_RISK,IF(-$N4<=HORIZON,S_COMING,S_NOTYET)))))))))) | P4: =IF(OR($A4="",$E4=""),"",IF($V4=1,"",IF(ISNA(MATCH($A4,TYP_TYPE,0)),"Type not in the library",IF($B4="","Scope not set",IF(AND($B4="System",$C4=""),"System not set",IF(AND($B4="Equipment",$D4=""),"Equipment not set",IF($F4="","Responsible not set",IF($K4="","No target date",IF(AND($B4="Equipment",$C4<>"",IFERROR(INDEX(EQP_SYS,MATCH($D4,EQP_NOM,0)),"")<>$C4),"Equipment not in that system",IF(AND($U4=1,$M4=""),"Approved with no approval date","")))))))))) | R4: =IF(OR($A4="",$B4=""),"",IF($B4="Equipment",IFERROR(INDEX(EQP_START,MATCH($D4,EQP_NOM,0)),""),IF($B4="System",IFERROR(INDEX(SYS_EARLIEST,MATCH($C4,SYS_ID,0)),""),IF($B4="All",CTR_EARLIEST,"")))) | S4: =IF(OR($A4="",$E4=""),"",IFERROR(IF(INDEX(TYP_ANCHOR,MATCH($A4,TYP_TYPE,0))="Commissioning Start",IF($R4="","",$R4-INDEX(TYP_LEAD,MATCH($A4,TYP_TYPE,0))),IF(INDEX(MS_PLAN,MATCH(INDEX(TYP_ANCHOR,MATCH($A4,TYP_TYPE,0)),MS_NOM,0))="","",INDEX(MS_PLAN,MATCH(INDEX(TYP_ANCHOR,MATCH($A4,TYP_TYPE,0)),MS_NOM,0))-INDEX(TYP_LEAD,MATCH($A4,TYP_TYPE,0)))),"")) | T4: =IF(OR($A4="",$E4=""),0,IF($V4=1,0,1)) | U4: =IF($T4=0,0,IF($M4<>"",1,IF(IFERROR(INDEX(WF_CLASS,MATCH($H4,WF_CODE,0)),"")="Done",1,0))) | V4: =IF(OR($A4="",$E4=""),0,IF(IFERROR(INDEX(WF_CLASS,MATCH($H4,WF_CODE,0)),"")="Inactive",1,0)) | W4: =IF($A4="","",IFERROR(INDEX(TYP_PHASE,MATCH($A4,TYP_TYPE,0)),"-")) | X4: =IF(AND($T4=1,$U4=0,N($N4)>0),$N4+ROW()/1000000,"") | Y4: =IF(AND($T4=1,$U4=0,OR($I4<>"",N($N4)>0)),N($N4)+ROW()/1000000,"") | Z4: =IF(AND($T4=1,$U4=0,$I4="",N($N4)<=0,-N($N4)<=HORIZON),N($N4)+ROW()/1000000,"")
A5: Surveillance Strategy | B5: All | E5: DMIC-ALL-SVS-002 | F5: L. Fontaine | G5: K. Rasmussen | H5: P6 - For Construction | K5: =IF($A5="","",IF($J5<>"",$J5,$S5)) | L5: =IF(OR($A5="",$E5=""),"",IF($J5<>"","Manual",IF($S5="","-","Auto"))) | M5: 45956 | N5: =IF($T5=0,"",IF($U5=1,IF($M5="","",$M5-$K5),IF($K5="","",TODAY()-$K5))) | O5: =IF(OR($A5="",$E5=""),"",IF($V5=1,S_INACT,IF(ISNA(MATCH($A5,TYP_TYPE,0)),S_TYPEKO,IF($U5=1,S_DONE,IF(AND($K5="",$R5=""),S_NOSCOPE,IF($K5="",S_NOTARGET,IF($N5>0,S_LATE,IF($I5<>"",S_WIP,IF(-$N5<=FEN_DOC,S_RISK,IF(-$N5<=HORIZON,S_COMING,S_NOTYET)))))))))) | P5: =IF(OR($A5="",$E5=""),"",IF($V5=1,"",IF(ISNA(MATCH($A5,TYP_TYPE,0)),"Type not in the library",IF($B5="","Scope not set",IF(AND($B5="System",$C5=""),"System not set",IF(AND($B5="Equipment",$D5=""),"Equipment not set",IF($F5="","Responsible not set",IF($K5="","No target date",IF(AND($B5="Equipment",$C5<>"",IFERROR(INDEX(EQP_SYS,MATCH($D5,EQP_NOM,0)),"")<>$C5),"Equipment not in that system",IF(AND($U5=1,$M5=""),"Approved with no approval date","")))))))))) | R5: =IF(OR($A5="",$B5=""),"",IF($B5="Equipment",IFERROR(INDEX(EQP_START,MATCH($D5,EQP_NOM,0)),""),IF($B5="System",IFERROR(INDEX(SYS_EARLIEST,MATCH($C5,SYS_ID,0)),""),IF($B5="All",CTR_EARLIEST,"")))) | S5: =IF(OR($A5="",$E5=""),"",IFERROR(IF(INDEX(TYP_ANCHOR,MATCH($A5,TYP_TYPE,0))="Commissioning Start",IF($R5="","",$R5-INDEX(TYP_LEAD,MATCH($A5,TYP_TYPE,0))),IF(INDEX(MS_PLAN,MATCH(INDEX(TYP_ANCHOR,MATCH($A5,TYP_TYPE,0)),MS_NOM,0))="","",INDEX(MS_PLAN,MATCH(INDEX(TYP_ANCHOR,MATCH($A5,TYP_TYPE,0)),MS_NOM,0))-INDEX(TYP_LEAD,MATCH($A5,TYP_TYPE,0)))),"")) | T5: =IF(OR($A5="",$E5=""),0,IF($V5=1,0,1)) | U5: =IF($T5=0,0,IF($M5<>"",1,IF(IFERROR(INDEX(WF_CLASS,MATCH($H5,WF_CODE,0)),"")="Done",1,0))) | V5: =IF(OR($A5="",$E5=""),0,IF(IFERROR(INDEX(WF_CLASS,MATCH($H5,WF_CODE,0)),"")="Inactive",1,0)) | W5: =IF($A5="","",IFERROR(INDEX(TYP_PHASE,MATCH($A5,TYP_TYPE,0)),"-")) | X5: =IF(AND($T5=1,$U5=0,N($N5)>0),$N5+ROW()/1000000,"") | Y5: =IF(AND($T5=1,$U5=0,OR($I5<>"",N($N5)>0)),N($N5)+ROW()/1000000,"") | Z5: =IF(AND($T5=1,$U5=0,$I5="",N($N5)<=0,-N($N5)<=HORIZON),N($N5)+ROW()/1000000,"")
A6: Competency Evidence | B6: All | E6: DMIC-ALL-CPE-003 | F6: D. Petrov | G6: R. Bellamy | H6: S4B - Comments | I6: 46001 | K6: =IF($A6="","",IF($J6<>"",$J6,$S6)) | L6: =IF(OR($A6="",$E6=""),"",IF($J6<>"","Manual",IF($S6="","-","Auto"))) | N6: =IF($T6=0,"",IF($U6=1,IF($M6="","",$M6-$K6),IF($K6="","",TODAY()-$K6))) | O6: =IF(OR($A6="",$E6=""),"",IF($V6=1,S_INACT,IF(ISNA(MATCH($A6,TYP_TYPE,0)),S_TYPEKO,IF($U6=1,S_DONE,IF(AND($K6="",$R6=""),S_NOSCOPE,IF($K6="",S_NOTARGET,IF($N6>0,S_LATE,IF($I6<>"",S_WIP,IF(-$N6<=FEN_DOC,S_RISK,IF(-$N6<=HORIZON,S_COMING,S_NOTYET)))))))))) | P6: =IF(OR($A6="",$E6=""),"",IF($V6=1,"",IF(ISNA(MATCH($A6,TYP_TYPE,0)),"Type not in the library",IF($B6="","Scope not set",IF(AND($B6="System",$C6=""),"System not set",IF(AND($B6="Equipment",$D6=""),"Equipment not set",IF($F6="","Responsible not set",IF($K6="","No target date",IF(AND($B6="Equipment",$C6<>"",IFERROR(INDEX(EQP_SYS,MATCH($D6,EQP_NOM,0)),"")<>$C6),"Equipment not in that system",IF(AND($U6=1,$M6=""),"Approved with no approval date","")))))))))) | R6: =IF(OR($A6="",$B6=""),"",IF($B6="Equipment",IFERROR(INDEX(EQP_START,MATCH($D6,EQP_NOM,0)),""),IF($B6="System",IFERROR(INDEX(SYS_EARLIEST,MATCH($C6,SYS_ID,0)),""),IF($B6="All",CTR_EARLIEST,"")))) | S6: =IF(OR($A6="",$E6=""),"",IFERROR(IF(INDEX(TYP_ANCHOR,MATCH($A6,TYP_TYPE,0))="Commissioning Start",IF($R6="","",$R6-INDEX(TYP_LEAD,MATCH($A6,TYP_TYPE,0))),IF(INDEX(MS_PLAN,MATCH(INDEX(TYP_ANCHOR,MATCH($A6,TYP_TYPE,0)),MS_NOM,0))="","",INDEX(MS_PLAN,MATCH(INDEX(TYP_ANCHOR,MATCH($A6,TYP_TYPE,0)),MS_NOM,0))-INDEX(TYP_LEAD,MATCH($A6,TYP_TYPE,0)))),"")) | T6: =IF(OR($A6="",$E6=""),0,IF($V6=1,0,1)) | U6: =IF($T6=0,0,IF($M6<>"",1,IF(IFERROR(INDEX(WF_CLASS,MATCH($H6,WF_CODE,0)),"")="Done",1,0))) | V6: =IF(OR($A6="",$E6=""),0,IF(IFERROR(INDEX(WF_CLASS,MATCH($H6,WF_CODE,0)),"")="Inactive",1,0)) | W6: =IF($A6="","",IFERROR(INDEX(TYP_PHASE,MATCH($A6,TYP_TYPE,0)),"-")) | X6: =IF(AND($T6=1,$U6=0,N($N6)>0),$N6+ROW()/1000000,"") | Y6: =IF(AND($T6=1,$U6=0,OR($I6<>"",N($N6)>0)),N($N6)+ROW()/1000000,"") | Z6: =IF(AND($T6=1,$U6=0,$I6="",N($N6)<=0,-N($N6)<=HORIZON),N($N6)+ROW()/1000000,"")
A7: Surveillance Programme | B7: System | C7: SYS-TP | E7: DMIC-SYS-TP-SVP-004 | F7: J. Whitfield | G7: N. Bergstrom | H7: P1 - For Implementation | K7: =IF($A7="","",IF($J7<>"",$J7,$S7)) | L7: =IF(OR($A7="",$E7=""),"",IF($J7<>"","Manual",IF($S7="","-","Auto"))) | M7: 46048 | N7: =IF($T7=0,"",IF($U7=1,IF($M7="","",$M7-$K7),IF($K7="","",TODAY()-$K7))) | O7: =IF(OR($A7="",$E7=""),"",IF($V7=1,S_INACT,IF(ISNA(MATCH($A7,TYP_TYPE,0)),S_TYPEKO,IF($U7=1,S_DONE,IF(AND($K7="",$R7=""),S_NOSCOPE,IF($K7="",S_NOTARGET,IF($N7>0,S_LATE,IF($I7<>"",S_WIP,IF(-$N7<=FEN_DOC,S_RISK,IF(-$N7<=HORIZON,S_COMING,S_NOTYET)))))))))) | P7: =IF(OR($A7="",$E7=""),"",IF($V7=1,"",IF(ISNA(MATCH($A7,TYP_TYPE,0)),"Type not in the library",IF($B7="","Scope not set",IF(AND($B7="System",$C7=""),"System not set",IF(AND($B7="Equipment",$D7=""),"Equipment not set",IF($F7="","Responsible not set",IF($K7="","No target date",IF(AND($B7="Equipment",$C7<>"",IFERROR(INDEX(EQP_SYS,MATCH($D7,EQP_NOM,0)),"")<>$C7),"Equipment not in that system",IF(AND($U7=1,$M7=""),"Approved with no approval date","")))))))))) | R7: =IF(OR($A7="",$B7=""),"",IF($B7="Equipment",IFERROR(INDEX(EQP_START,MATCH($D7,EQP_NOM,0)),""),IF($B7="System",IFERROR(INDEX(SYS_EARLIEST,MATCH($C7,SYS_ID,0)),""),IF($B7="All",CTR_EARLIEST,"")))) | S7: =IF(OR($A7="",$E7=""),"",IFERROR(IF(INDEX(TYP_ANCHOR,MATCH($A7,TYP_TYPE,0))="Commissioning Start",IF($R7="","",$R7-INDEX(TYP_LEAD,MATCH($A7,TYP_TYPE,0))),IF(INDEX(MS_PLAN,MATCH(INDEX(TYP_ANCHOR,MATCH($A7,TYP_TYPE,0)),MS_NOM,0))="","",INDEX(MS_PLAN,MATCH(INDEX(TYP_ANCHOR,MATCH($A7,TYP_TYPE,0)),MS_NOM,0))-INDEX(TYP_LEAD,MATCH($A7,TYP_TYPE,0)))),"")) | T7: =IF(OR($A7="",$E7=""),0,IF($V7=1,0,1)) | U7: =IF($T7=0,0,IF($M7<>"",1,IF(IFERROR(INDEX(WF_CLASS,MATCH($H7,WF_CODE,0)),"")="Done",1,0))) | V7: =IF(OR($A7="",$E7=""),0,IF(IFERROR(INDEX(WF_CLASS,MATCH($H7,WF_CODE,0)),"")="Inactive",1,0)) | W7: =IF($A7="","",IFERROR(INDEX(TYP_PHASE,MATCH($A7,TYP_TYPE,0)),"-")) | X7: =IF(AND($T7=1,$U7=0,N($N7)>0),$N7+ROW()/1000000,"") | Y7: =IF(AND($T7=1,$U7=0,OR($I7<>"",N($N7)>0)),N($N7)+ROW()/1000000,"") | Z7: =IF(AND($T7=1,$U7=0,$I7="",N($N7)<=0,-N($N7)<=HORIZON),N($N7)+ROW()/1000000,"")
A8: Safe System Of Work | B8: System | C8: SYS-TP | E8: DMIC-SYS-TP-SSW-005 | F8: P. Nakamura | G8: M. Haddad | H8: P6 - For Construction | J8: 46280 | K8: =IF($A8="","",IF($J8<>"",$J8,$S8)) | L8: =IF(OR($A8="",$E8=""),"",IF($J8<>"","Manual",IF($S8="","-","Auto"))) | M8: 46139 | N8: =IF($T8=0,"",IF($U8=1,IF($M8="","",$M8-$K8),IF($K8="","",TODAY()-$K8))) | O8: =IF(OR($A8="",$E8=""),"",IF($V8=1,S_INACT,IF(ISNA(MATCH($A8,TYP_TYPE,0)),S_TYPEKO,IF($U8=1,S_DONE,IF(AND($K8="",$R8=""),S_NOSCOPE,IF($K8="",S_NOTARGET,IF($N8>0,S_LATE,IF($I8<>"",S_WIP,IF(-$N8<=FEN_DOC,S_RISK,IF(-$N8<=HORIZON,S_COMING,S_NOTYET)))))))))) | P8: =IF(OR($A8="",$E8=""),"",IF($V8=1,"",IF(ISNA(MATCH($A8,TYP_TYPE,0)),"Type not in the library",IF($B8="","Scope not set",IF(AND($B8="System",$C8=""),"System not set",IF(AND($B8="Equipment",$D8=""),"Equipment not set",IF($F8="","Responsible not set",IF($K8="","No target date",IF(AND($B8="Equipment",$C8<>"",IFERROR(INDEX(EQP_SYS,MATCH($D8,EQP_NOM,0)),"")<>$C8),"Equipment not in that system",IF(AND($U8=1,$M8=""),"Approved with no approval date","")))))))))) | Q8: Target moved by agreement - waiting on the SYS-SG interface package. | R8: =IF(OR($A8="",$B8=""),"",IF($B8="Equipment",IFERROR(INDEX(EQP_START,MATCH($D8,EQP_NOM,0)),""),IF($B8="System",IFERROR(INDEX(SYS_EARLIEST,MATCH($C8,SYS_ID,0)),""),IF($B8="All",CTR_EARLIEST,"")))) | S8: =IF(OR($A8="",$E8=""),"",IFERROR(IF(INDEX(TYP_ANCHOR,MATCH($A8,TYP_TYPE,0))="Commissioning Start",IF($R8="","",$R8-INDEX(TYP_LEAD,MATCH($A8,TYP_TYPE,0))),IF(INDEX(MS_PLAN,MATCH(INDEX(TYP_ANCHOR,MATCH($A8,TYP_TYPE,0)),MS_NOM,0))="","",INDEX(MS_PLAN,MATCH(INDEX(TYP_ANCHOR,MATCH($A8,TYP_TYPE,0)),MS_NOM,0))-INDEX(TYP_LEAD,MATCH($A8,TYP_TYPE,0)))),"")) | T8: =IF(OR($A8="",$E8=""),0,IF($V8=1,0,1)) | U8: =IF($T8=0,0,IF($M8<>"",1,IF(IFERROR(INDEX(WF_CLASS,MATCH($H8,WF_CODE,0)),"")="Done",1,0))) | V8: =IF(OR($A8="",$E8=""),0,IF(IFERROR(INDEX(WF_CLASS,MATCH($H8,WF_CODE,0)),"")="Inactive",1,0)) | W8: =IF($A8="","",IFERROR(INDEX(TYP_PHASE,MATCH($A8,TYP_TYPE,0)),"-")) | X8: =IF(AND($T8=1,$U8=0,N($N8)>0),$N8+ROW()/1000000,"") | Y8: =IF(AND($T8=1,$U8=0,OR($I8<>"",N($N8)>0)),N($N8)+ROW()/1000000,"") | Z8: =IF(AND($T8=1,$U8=0,$I8="",N($N8)<=0,-N($N8)<=HORIZON),N($N8)+ROW()/1000000,"")
A9: Risk Assessment And Method Statement | B9: System | C9: SYS-TP | E9: DMIC-SYS-TP-RAM-006 | F9: K. Rasmussen | G9: C. Vasquez | H9: S4A - Approved | K9: =IF($A9="","",IF($J9<>"",$J9,$S9)) | L9: =IF(OR($A9="",$E9=""),"",IF($J9<>"","Manual",IF($S9="","-","Auto"))) | M9: 46140 | N9: =IF($T9=0,"",IF($U9=1,IF($M9="","",$M9-$K9),IF($K9="","",TODAY()-$K9))) | O9: =IF(OR($A9="",$E9=""),"",IF($V9=1,S_INACT,IF(ISNA(MATCH($A9,TYP_TYPE,0)),S_TYPEKO,IF($U9=1,S_DONE,IF(AND($K9="",$R9=""),S_NOSCOPE,IF($K9="",S_NOTARGET,IF($N9>0,S_LATE,IF($I9<>"",S_WIP,IF(-$N9<=FEN_DOC,S_RISK,IF(-$N9<=HORIZON,S_COMING,S_NOTYET)))))))))) | P9: =IF(OR($A9="",$E9=""),"",IF($V9=1,"",IF(ISNA(MATCH($A9,TYP_TYPE,0)),"Type not in the library",IF($B9="","Scope not set",IF(AND($B9="System",$C9=""),"System not set",IF(AND($B9="Equipment",$D9=""),"Equipment not set",IF($F9="","Responsible not set",IF($K9="","No target date",IF(AND($B9="Equipment",$C9<>"",IFERROR(INDEX(EQP_SYS,MATCH($D9,EQP_NOM,0)),"")<>$C9),"Equipment not in that system",IF(AND($U9=1,$M9=""),"Approved with no approval date","")))))))))) | R9: =IF(OR($A9="",$B9=""),"",IF($B9="Equipment",IFERROR(INDEX(EQP_START,MATCH($D9,EQP_NOM,0)),""),IF($B9="System",IFERROR(INDEX(SYS_EARLIEST,MATCH($C9,SYS_ID,0)),""),IF($B9="All",CTR_EARLIEST,"")))) | S9: =IF(OR($A9="",$E9=""),"",IFERROR(IF(INDEX(TYP_ANCHOR,MATCH($A9,TYP_TYPE,0))="Commissioning Start",IF($R9="","",$R9-INDEX(TYP_LEAD,MATCH($A9,TYP_TYPE,0))),IF(INDEX(MS_PLAN,MATCH(INDEX(TYP_ANCHOR,MATCH($A9,TYP_TYPE,0)),MS_NOM,0))="","",INDEX(MS_PLAN,MATCH(INDEX(TYP_ANCHOR,MATCH($A9,TYP_TYPE,0)),MS_NOM,0))-INDEX(TYP_LEAD,MATCH($A9,TYP_TYPE,0)))),"")) | T9: =IF(OR($A9="",$E9=""),0,IF($V9=1,0,1)) | U9: =IF($T9=0,0,IF($M9<>"",1,IF(IFERROR(INDEX(WF_CLASS,MATCH($H9,WF_CODE,0)),"")="Done",1,0))) | V9: =IF(OR($A9="",$E9=""),0,IF(IFERROR(INDEX(WF_CLASS,MATCH($H9,WF_CODE,0)),"")="Inactive",1,0)) | W9: =IF($A9="","",IFERROR(INDEX(TYP_PHASE,MATCH($A9,TYP_TYPE,0)),"-")) | X9: =IF(AND($T9=1,$U9=0,N($N9)>0),$N9+ROW()/1000000,"") | Y9: =IF(AND($T9=1,$U9=0,OR($I9<>"",N($N9)>0)),N($N9)+ROW()/1000000,"") | Z9: =IF(AND($T9=1,$U9=0,$I9="",N($N9)<=0,-N($N9)<=HORIZON),N($N9)+ROW()/1000000,"")
A10: System Commissioning Programme | B10: System | C10: SYS-TP | E10: DMIC-SYS-TP-SCP-007 | F10: R. Bellamy | G10: H. Lindqvist | H10: P1 - For Implementation | K10: =IF($A10="","",IF($J10<>"",$J10,$S10)) | L10: =IF(OR($A10="",$E10=""),"",IF($J10<>"","Manual",IF($S10="","-","Auto"))) | M10: 46141 | N10: =IF($T10=0,"",IF($U10=1,IF($M10="","",$M10-$K10),IF($K10="","",TODAY()-$K10))) | O10: =IF(OR($A10="",$E10=""),"",IF($V10=1,S_INACT,IF(ISNA(MATCH($A10,TYP_TYPE,0)),S_TYPEKO,IF($U10=1,S_DONE,IF(AND($K10="",$R10=""),S_NOSCOPE,IF($K10="",S_NOTARGET,IF($N10>0,S_LATE,IF($I10<>"",S_WIP,IF(-$N10<=FEN_DOC,S_RISK,IF(-$N10<=HORIZON,S_COMING,S_NOTYET)))))))))) | P10: =IF(OR($A10="",$E10=""),"",IF($V10=1,"",IF(ISNA(MATCH($A10,TYP_TYPE,0)),"Type not in the library",IF($B10="","Scope not set",IF(AND($B10="System",$C10=""),"System not set",IF(AND($B10="Equipment",$D10=""),"Equipment not set",IF($F10="","Responsible not set",IF($K10="","No target date",IF(AND($B10="Equipment",$C10<>"",IFERROR(INDEX(EQP_SYS,MATCH($D10,EQP_NOM,0)),"")<>$C10),"Equipment not in that system",IF(AND($U10=1,$M10=""),"Approved with no approval date","")))))))))) | R10: =IF(OR($A10="",$B10=""),"",IF($B10="Equipment",IFERROR(INDEX(EQP_START,MATCH($D10,EQP_NOM,0)),""),IF($B10="System",IFERROR(INDEX(SYS_EARLIEST,MATCH($C10,SYS_ID,0)),""),IF($B10="All",CTR_EARLIEST,"")))) | S10: =IF(OR($A10="",$E10=""),"",IFERROR(IF(INDEX(TYP_ANCHOR,MATCH($A10,TYP_TYPE,0))="Commissioning Start",IF($R10="","",$R10-INDEX(TYP_LEAD,MATCH($A10,TYP_TYPE,0))),IF(INDEX(MS_PLAN,MATCH(INDEX(TYP_ANCHOR,MATCH($A10,TYP_TYPE,0)),MS_NOM,0))="","",INDEX(MS_PLAN,MATCH(INDEX(TYP_ANCHOR,MATCH($A10,TYP_TYPE,0)),MS_NOM,0))-INDEX(TYP_LEAD,MATCH($A10,TYP_TYPE,0)))),"")) | T10: =IF(OR($A10="",$E10=""),0,IF($V10=1,0,1)) | U10: =IF($T10=0,0,IF($M10<>"",1,IF(IFERROR(INDEX(WF_CLASS,MATCH($H10,WF_CODE,0)),"")="Done",1,0))) | V10: =IF(OR($A10="",$E10=""),0,IF(IFERROR(INDEX(WF_CLASS,MATCH($H10,WF_CODE,0)),"")="Inactive",1,0)) | W10: =IF($A10="","",IFERROR(INDEX(TYP_PHASE,MATCH($A10,TYP_TYPE,0)),"-")) | X10: =IF(AND($T10=1,$U10=0,N($N10)>0),$N10+ROW()/1000000,"") | Y10: =IF(AND($T10=1,$U10=0,OR($I10<>"",N($N10)>0)),N($N10)+ROW()/1000000,"") | Z10: =IF(AND($T10=1,$U10=0,$I10="",N($N10)<=0,-N($N10)<=HORIZON),N($N10)+ROW()/1000000,"")
A11: Authority To Start Evidence | B11: System | C11: SYS-TP | E11: DMIC-SYS-TP-ATS-008 | F11: N. Bergstrom | G11: A. Mercer | H11: P6 - For Construction | K11: =IF($A11="","",IF($J11<>"",$J11,$S11)) | L11: =IF(OR($A11="",$E11=""),"",IF($J11<>"","Manual",IF($S11="","-","Auto"))) | M11: 46258 | N11: =IF($T11=0,"",IF($U11=1,IF($M11="","",$M11-$K11),IF($K11="","",TODAY()-$K11))) | O11: =IF(OR($A11="",$E11=""),"",IF($V11=1,S_INACT,IF(ISNA(MATCH($A11,TYP_TYPE,0)),S_TYPEKO,IF($U11=1,S_DONE,IF(AND($K11="",$R11=""),S_NOSCOPE,IF($K11="",S_NOTARGET,IF($N11>0,S_LATE,IF($I11<>"",S_WIP,IF(-$N11<=FEN_DOC,S_RISK,IF(-$N11<=HORIZON,S_COMING,S_NOTYET)))))))))) | P11: =IF(OR($A11="",$E11=""),"",IF($V11=1,"",IF(ISNA(MATCH($A11,TYP_TYPE,0)),"Type not in the library",IF($B11="","Scope not set",IF(AND($B11="System",$C11=""),"System not set",IF(AND($B11="Equipment",$D11=""),"Equipment not set",IF($F11="","Responsible not set",IF($K11="","No target date",IF(AND($B11="Equipment",$C11<>"",IFERROR(INDEX(EQP_SYS,MATCH($D11,EQP_NOM,0)),"")<>$C11),"Equipment not in that system",IF(AND($U11=1,$M11=""),"Approved with no approval date","")))))))))) | R11: =IF(OR($A11="",$B11=""),"",IF($B11="Equipment",IFERROR(INDEX(EQP_START,MATCH($D11,EQP_NOM,0)),""),IF($B11="System",IFERROR(INDEX(SYS_EARLIEST,MATCH($C11,SYS_ID,0)),""),IF($B11="All",CTR_EARLIEST,"")))) | S11: =IF(OR($A11="",$E11=""),"",IFERROR(IF(INDEX(TYP_ANCHOR,MATCH($A11,TYP_TYPE,0))="Commissioning Start",IF($R11="","",$R11-INDEX(TYP_LEAD,MATCH($A11,TYP_TYPE,0))),IF(INDEX(MS_PLAN,MATCH(INDEX(TYP_ANCHOR,MATCH($A11,TYP_TYPE,0)),MS_NOM,0))="","",INDEX(MS_PLAN,MATCH(INDEX(TYP_ANCHOR,MATCH($A11,TYP_TYPE,0)),MS_NOM,0))-INDEX(TYP_LEAD,MATCH($A11,TYP_TYPE,0)))),"")) | T11: =IF(OR($A11="",$E11=""),0,IF($V11=1,0,1)) | U11: =IF($T11=0,0,IF($M11<>"",1,IF(IFERROR(INDEX(WF_CLASS,MATCH($H11,WF_CODE,0)),"")="Done",1,0))) | V11: =IF(OR($A11="",$E11=""),0,IF(IFERROR(INDEX(WF_CLASS,MATCH($H11,WF_CODE,0)),"")="Inactive",1,0)) | W11: =IF($A11="","",IFERROR(INDEX(TYP_PHASE,MATCH($A11,TYP_TYPE,0)),"-")) | X11: =IF(AND($T11=1,$U11=0,N($N11)>0),$N11+ROW()/1000000,"") | Y11: =IF(AND($T11=1,$U11=0,OR($I11<>"",N($N11)>0)),N($N11)+ROW()/1000000,"") | Z11: =IF(AND($T11=1,$U11=0,$I11="",N($N11)<=0,-N($N11)<=HORIZON),N($N11)+ROW()/1000000,"")
A12: Surveillance Programme | B12: System | C12: SYS-SG | E12: DMIC-SYS-SG-SVP-009 | F12: M. Haddad | G12: S. Okonkwo | H12: S4A - Approved | K12: =IF($A12="","",IF($J12<>"",$J12,$S12)) | L12: =IF(OR($A12="",$E12=""),"",IF($J12<>"","Manual",IF($S12="","-","Auto"))) | M12: 46143 | N12: =IF($T12=0,"",IF($U12=1,IF($M12="","",$M12-$K12),IF($K12="","",TODAY()-$K12))) | O12: =IF(OR($A12="",$E12=""),"",IF($V12=1,S_INACT,IF(ISNA(MATCH($A12,TYP_TYPE,0)),S_TYPEKO,IF($U12=1,S_DONE,IF(AND($K12="",$R12=""),S_NOSCOPE,IF($K12="",S_NOTARGET,IF($N12>0,S_LATE,IF($I12<>"",S_WIP,IF(-$N12<=FEN_DOC,S_RISK,IF(-$N12<=HORIZON,S_COMING,S_NOTYET)))))))))) | P12: =IF(OR($A12="",$E12=""),"",IF($V12=1,"",IF(ISNA(MATCH($A12,TYP_TYPE,0)),"Type not in the library",IF($B12="","Scope not set",IF(AND($B12="System",$C12=""),"System not set",IF(AND($B12="Equipment",$D12=""),"Equipment not set",IF($F12="","Responsible not set",IF($K12="","No target date",IF(AND($B12="Equipment",$C12<>"",IFERROR(INDEX(EQP_SYS,MATCH($D12,EQP_NOM,0)),"")<>$C12),"Equipment not in that system",IF(AND($U12=1,$M12=""),"Approved with no approval date","")))))))))) | R12: =IF(OR($A12="",$B12=""),"",IF($B12="Equipment",IFERROR(INDEX(EQP_START,MATCH($D12,EQP_NOM,0)),""),IF($B12="System",IFERROR(INDEX(SYS_EARLIEST,MATCH($C12,SYS_ID,0)),""),IF($B12="All",CTR_EARLIEST,"")))) | S12: =IF(OR($A12="",$E12=""),"",IFERROR(IF(INDEX(TYP_ANCHOR,MATCH($A12,TYP_TYPE,0))="Commissioning Start",IF($R12="","",$R12-INDEX(TYP_LEAD,MATCH($A12,TYP_TYPE,0))),IF(INDEX(MS_PLAN,MATCH(INDEX(TYP_ANCHOR,MATCH($A12,TYP_TYPE,0)),MS_NOM,0))="","",INDEX(MS_PLAN,MATCH(INDEX(TYP_ANCHOR,MATCH($A12,TYP_TYPE,0)),MS_NOM,0))-INDEX(TYP_LEAD,MATCH($A12,TYP_TYPE,0)))),"")) | T12: =IF(OR($A12="",$E12=""),0,IF($V12=1,0,1)) | U12: =IF($T12=0,0,IF($M12<>"",1,IF(IFERROR(INDEX(WF_CLASS,MATCH($H12,WF_CODE,0)),"")="Done",1,0))) | V12: =IF(OR($A12="",$E12=""),0,IF(IFERROR(INDEX(WF_CLASS,MATCH($H12,WF_CODE,0)),"")="Inactive",1,0)) | W12: =IF($A12="","",IFERROR(INDEX(TYP_PHASE,MATCH($A12,TYP_TYPE,0)),"-")) | X12: =IF(AND($T12=1,$U12=0,N($N12)>0),$N12+ROW()/1000000,"") | Y12: =IF(AND($T12=1,$U12=0,OR($I12<>"",N($N12)>0)),N($N12)+ROW()/1000000,"") | Z12: =IF(AND($T12=1,$U12=0,$I12="",N($N12)<=0,-N($N12)<=HORIZON),N($N12)+ROW()/1000000,"")
A13: Safe System Of Work | B13: System | C13: SYS-SG | E13: DMIC-SYS-SG-SSW-010 | F13: C. Vasquez | G13: L. Fontaine | H13: S3 - For Review | I13: 46174 | K13: =IF($A13="","",IF($J13<>"",$J13,$S13)) | L13: =IF(OR($A13="",$E13=""),"",IF($J13<>"","Manual",IF($S13="","-","Auto"))) | N13: =IF($T13=0,"",IF($U13=1,IF($M13="","",$M13-$K13),IF($K13="","",TODAY()-$K13))) | O13: =IF(OR($A13="",$E13=""),"",IF($V13=1,S_INACT,IF(ISNA(MATCH($A13,TYP_TYPE,0)),S_TYPEKO,IF($U13=1,S_DONE,IF(AND($K13="",$R13=""),S_NOSCOPE,IF($K13="",S_NOTARGET,IF($N13>0,S_LATE,IF($I13<>"",S_WIP,IF(-$N13<=FEN_DOC,S_RISK,IF(-$N13<=HORIZON,S_COMING,S_NOTYET)))))))))) | P13: =IF(OR($A13="",$E13=""),"",IF($V13=1,"",IF(ISNA(MATCH($A13,TYP_TYPE,0)),"Type not in the library",IF($B13="","Scope not set",IF(AND($B13="System",$C13=""),"System not set",IF(AND($B13="Equipment",$D13=""),"Equipment not set",IF($F13="","Responsible not set",IF($K13="","No target date",IF(AND($B13="Equipment",$C13<>"",IFERROR(INDEX(EQP_SYS,MATCH($D13,EQP_NOM,0)),"")<>$C13),"Equipment not in that system",IF(AND($U13=1,$M13=""),"Approved with no approval date","")))))))))) | R13: =IF(OR($A13="",$B13=""),"",IF($B13="Equipment",IFERROR(INDEX(EQP_START,MATCH($D13,EQP_NOM,0)),""),IF($B13="System",IFERROR(INDEX(SYS_EARLIEST,MATCH($C13,SYS_ID,0)),""),IF($B13="All",CTR_EARLIEST,"")))) | S13: =IF(OR($A13="",$E13=""),"",IFERROR(IF(INDEX(TYP_ANCHOR,MATCH($A13,TYP_TYPE,0))="Commissioning Start",IF($R13="","",$R13-INDEX(TYP_LEAD,MATCH($A13,TYP_TYPE,0))),IF(INDEX(MS_PLAN,MATCH(INDEX(TYP_ANCHOR,MATCH($A13,TYP_TYPE,0)),MS_NOM,0))="","",INDEX(MS_PLAN,MATCH(INDEX(TYP_ANCHOR,MATCH($A13,TYP_TYPE,0)),MS_NOM,0))-INDEX(TYP_LEAD,MATCH($A13,TYP_TYPE,0)))),"")) | T13: =IF(OR($A13="",$E13=""),0,IF($V13=1,0,1)) | U13: =IF($T13=0,0,IF($M13<>"",1,IF(IFERROR(INDEX(WF_CLASS,MATCH($H13,WF_CODE,0)),"")="Done",1,0))) | V13: =IF(OR($A13="",$E13=""),0,IF(IFERROR(INDEX(WF_CLASS,MATCH($H13,WF_CODE,0)),"")="Inactive",1,0)) | W13: =IF($A13="","",IFERROR(INDEX(TYP_PHASE,MATCH($A13,TYP_TYPE,0)),"-")) | X13: =IF(AND($T13=1,$U13=0,N($N13)>0),$N13+ROW()/1000000,"") | Y13: =IF(AND($T13=1,$U13=0,OR($I13<>"",N($N13)>0)),N($N13)+ROW()/1000000,"") | Z13: =IF(AND($T13=1,$U13=0,$I13="",N($N13)<=0,-N($N13)<=HORIZON),N($N13)+ROW()/1000000,"")
A14: Risk Assessment And Method Statement | B14: System | C14: SYS-SG | E14: DMIC-SYS-SG-RAM-011 | F14: H. Lindqvist | G14: D. Petrov | H14: P6 - For Construction | K14: =IF($A14="","",IF($J14<>"",$J14,$S14)) | L14: =IF(OR($A14="",$E14=""),"",IF($J14<>"","Manual",IF($S14="","-","Auto"))) | M14: 46224 | N14: =IF($T14=0,"",IF($U14=1,IF($M14="","",$M14-$K14),IF($K14="","",TODAY()-$K14))) | O14: =IF(OR($A14="",$E14=""),"",IF($V14=1,S_INACT,IF(ISNA(MATCH($A14,TYP_TYPE,0)),S_TYPEKO,IF($U14=1,S_DONE,IF(AND($K14="",$R14=""),S_NOSCOPE,IF($K14="",S_NOTARGET,IF($N14>0,S_LATE,IF($I14<>"",S_WIP,IF(-$N14<=FEN_DOC,S_RISK,IF(-$N14<=HORIZON,S_COMING,S_NOTYET)))))))))) | P14: =IF(OR($A14="",$E14=""),"",IF($V14=1,"",IF(ISNA(MATCH($A14,TYP_TYPE,0)),"Type not in the library",IF($B14="","Scope not set",IF(AND($B14="System",$C14=""),"System not set",IF(AND($B14="Equipment",$D14=""),"Equipment not set",IF($F14="","Responsible not set",IF($K14="","No target date",IF(AND($B14="Equipment",$C14<>"",IFERROR(INDEX(EQP_SYS,MATCH($D14,EQP_NOM,0)),"")<>$C14),"Equipment not in that system",IF(AND($U14=1,$M14=""),"Approved with no approval date","")))))))))) | R14: =IF(OR($A14="",$B14=""),"",IF($B14="Equipment",IFERROR(INDEX(EQP_START,MATCH($D14,EQP_NOM,0)),""),IF($B14="System",IFERROR(INDEX(SYS_EARLIEST,MATCH($C14,SYS_ID,0)),""),IF($B14="All",CTR_EARLIEST,"")))) | S14: =IF(OR($A14="",$E14=""),"",IFERROR(IF(INDEX(TYP_ANCHOR,MATCH($A14,TYP_TYPE,0))="Commissioning Start",IF($R14="","",$R14-INDEX(TYP_LEAD,MATCH($A14,TYP_TYPE,0))),IF(INDEX(MS_PLAN,MATCH(INDEX(TYP_ANCHOR,MATCH($A14,TYP_TYPE,0)),MS_NOM,0))="","",INDEX(MS_PLAN,MATCH(INDEX(TYP_ANCHOR,MATCH($A14,TYP_TYPE,0)),MS_NOM,0))-INDEX(TYP_LEAD,MATCH($A14,TYP_TYPE,0)))),"")) | T14: =IF(OR($A14="",$E14=""),0,IF($V14=1,0,1)) | U14: =IF($T14=0,0,IF($M14<>"",1,IF(IFERROR(INDEX(WF_CLASS,MATCH($H14,WF_CODE,0)),"")="Done",1,0))) | V14: =IF(OR($A14="",$E14=""),0,IF(IFERROR(INDEX(WF_CLASS,MATCH($H14,WF_CODE,0)),"")="Inactive",1,0)) | W14: =IF($A14="","",IFERROR(INDEX(TYP_PHASE,MATCH($A14,TYP_TYPE,0)),"-")) | X14: =IF(AND($T14=1,$U14=0,N($N14)>0),$N14+ROW()/1000000,"") | Y14: =IF(AND($T14=1,$U14=0,OR($I14<>"",N($N14)>0)),N($N14)+ROW()/1000000,"") | Z14: =IF(AND($T14=1,$U14=0,$I14="",N($N14)<=0,-N($N14)<=HORIZON),N($N14)+ROW()/1000000,"")
A15: System Commissioning Programme | B15: System | C15: SYS-SG | E15: DMIC-SYS-SG-SCP-012 | F15: A. Mercer | G15: J. Whitfield | H15: S4A - Approved | K15: =IF($A15="","",IF($J15<>"",$J15,$S15)) | L15: =IF(OR($A15="",$E15=""),"",IF($J15<>"","Manual",IF($S15="","-","Auto"))) | M15: 46225 | N15: =IF($T15=0,"",IF($U15=1,IF($M15="","",$M15-$K15),IF($K15="","",TODAY()-$K15))) | O15: =IF(OR($A15="",$E15=""),"",IF($V15=1,S_INACT,IF(ISNA(MATCH($A15,TYP_TYPE,0)),S_TYPEKO,IF($U15=1,S_DONE,IF(AND($K15="",$R15=""),S_NOSCOPE,IF($K15="",S_NOTARGET,IF($N15>0,S_LATE,IF($I15<>"",S_WIP,IF(-$N15<=FEN_DOC,S_RISK,IF(-$N15<=HORIZON,S_COMING,S_NOTYET)))))))))) | P15: =IF(OR($A15="",$E15=""),"",IF($V15=1,"",IF(ISNA(MATCH($A15,TYP_TYPE,0)),"Type not in the library",IF($B15="","Scope not set",IF(AND($B15="System",$C15=""),"System not set",IF(AND($B15="Equipment",$D15=""),"Equipment not set",IF($F15="","Responsible not set",IF($K15="","No target date",IF(AND($B15="Equipment",$C15<>"",IFERROR(INDEX(EQP_SYS,MATCH($D15,EQP_NOM,0)),"")<>$C15),"Equipment not in that system",IF(AND($U15=1,$M15=""),"Approved with no approval date","")))))))))) | R15: =IF(OR($A15="",$B15=""),"",IF($B15="Equipment",IFERROR(INDEX(EQP_START,MATCH($D15,EQP_NOM,0)),""),IF($B15="System",IFERROR(INDEX(SYS_EARLIEST,MATCH($C15,SYS_ID,0)),""),IF($B15="All",CTR_EARLIEST,"")))) | S15: =IF(OR($A15="",$E15=""),"",IFERROR(IF(INDEX(TYP_ANCHOR,MATCH($A15,TYP_TYPE,0))="Commissioning Start",IF($R15="","",$R15-INDEX(TYP_LEAD,MATCH($A15,TYP_TYPE,0))),IF(INDEX(MS_PLAN,MATCH(INDEX(TYP_ANCHOR,MATCH($A15,TYP_TYPE,0)),MS_NOM,0))="","",INDEX(MS_PLAN,MATCH(INDEX(TYP_ANCHOR,MATCH($A15,TYP_TYPE,0)),MS_NOM,0))-INDEX(TYP_LEAD,MATCH($A15,TYP_TYPE,0)))),"")) | T15: =IF(OR($A15="",$E15=""),0,IF($V15=1,0,1)) | U15: =IF($T15=0,0,IF($M15<>"",1,IF(IFERROR(INDEX(WF_CLASS,MATCH($H15,WF_CODE,0)),"")="Done",1,0))) | V15: =IF(OR($A15="",$E15=""),0,IF(IFERROR(INDEX(WF_CLASS,MATCH($H15,WF_CODE,0)),"")="Inactive",1,0)) | W15: =IF($A15="","",IFERROR(INDEX(TYP_PHASE,MATCH($A15,TYP_TYPE,0)),"-")) | X15: =IF(AND($T15=1,$U15=0,N($N15)>0),$N15+ROW()/1000000,"") | Y15: =IF(AND($T15=1,$U15=0,OR($I15<>"",N($N15)>0)),N($N15)+ROW()/1000000,"") | Z15: =IF(AND($T15=1,$U15=0,$I15="",N($N15)<=0,-N($N15)<=HORIZON),N($N15)+ROW()/1000000,"")
A16: Authority To Start Evidence | B16: System | C16: SYS-SG | E16: DMIC-SYS-SG-ATS-013 | F16: S. Okonkwo | G16: P. Nakamura | H16: P1 - For Implementation | K16: =IF($A16="","",IF($J16<>"",$J16,$S16)) | L16: =IF(OR($A16="",$E16=""),"",IF($J16<>"","Manual",IF($S16="","-","Auto"))) | M16: 46253 | N16: =IF($T16=0,"",IF($U16=1,IF($M16="","",$M16-$K16),IF($K16="","",TODAY()-$K16))) | O16: =IF(OR($A16="",$E16=""),"",IF($V16=1,S_INACT,IF(ISNA(MATCH($A16,TYP_TYPE,0)),S_TYPEKO,IF($U16=1,S_DONE,IF(AND($K16="",$R16=""),S_NOSCOPE,IF($K16="",S_NOTARGET,IF($N16>0,S_LATE,IF($I16<>"",S_WIP,IF(-$N16<=FEN_DOC,S_RISK,IF(-$N16<=HORIZON,S_COMING,S_NOTYET)))))))))) | P16: =IF(OR($A16="",$E16=""),"",IF($V16=1,"",IF(ISNA(MATCH($A16,TYP_TYPE,0)),"Type not in the library",IF($B16="","Scope not set",IF(AND($B16="System",$C16=""),"System not set",IF(AND($B16="Equipment",$D16=""),"Equipment not set",IF($F16="","Responsible not set",IF($K16="","No target date",IF(AND($B16="Equipment",$C16<>"",IFERROR(INDEX(EQP_SYS,MATCH($D16,EQP_NOM,0)),"")<>$C16),"Equipment not in that system",IF(AND($U16=1,$M16=""),"Approved with no approval date","")))))))))) | R16: =IF(OR($A16="",$B16=""),"",IF($B16="Equipment",IFERROR(INDEX(EQP_START,MATCH($D16,EQP_NOM,0)),""),IF($B16="System",IFERROR(INDEX(SYS_EARLIEST,MATCH($C16,SYS_ID,0)),""),IF($B16="All",CTR_EARLIEST,"")))) | S16: =IF(OR($A16="",$E16=""),"",IFERROR(IF(INDEX(TYP_ANCHOR,MATCH($A16,TYP_TYPE,0))="Commissioning Start",IF($R16="","",$R16-INDEX(TYP_LEAD,MATCH($A16,TYP_TYPE,0))),IF(INDEX(MS_PLAN,MATCH(INDEX(TYP_ANCHOR,MATCH($A16,TYP_TYPE,0)),MS_NOM,0))="","",INDEX(MS_PLAN,MATCH(INDEX(TYP_ANCHOR,MATCH($A16,TYP_TYPE,0)),MS_NOM,0))-INDEX(TYP_LEAD,MATCH($A16,TYP_TYPE,0)))),"")) | T16: =IF(OR($A16="",$E16=""),0,IF($V16=1,0,1)) | U16: =IF($T16=0,0,IF($M16<>"",1,IF(IFERROR(INDEX(WF_CLASS,MATCH($H16,WF_CODE,0)),"")="Done",1,0))) | V16: =IF(OR($A16="",$E16=""),0,IF(IFERROR(INDEX(WF_CLASS,MATCH($H16,WF_CODE,0)),"")="Inactive",1,0)) | W16: =IF($A16="","",IFERROR(INDEX(TYP_PHASE,MATCH($A16,TYP_TYPE,0)),"-")) | X16: =IF(AND($T16=1,$U16=0,N($N16)>0),$N16+ROW()/1000000,"") | Y16: =IF(AND($T16=1,$U16=0,OR($I16<>"",N($N16)>0)),N($N16)+ROW()/1000000,"") | Z16: =IF(AND($T16=1,$U16=0,$I16="",N($N16)<=0,-N($N16)<=HORIZON),N($N16)+ROW()/1000000,"")
A17: Surveillance Programme | B17: System | C17: SYS-TV | E17: DMIC-SYS-TV-SVP-014 | F17: L. Fontaine | G17: K. Rasmussen | H17: W1 - Draft | I17: 46170 | K17: =IF($A17="","",IF($J17<>"",$J17,$S17)) | L17: =IF(OR($A17="",$E17=""),"",IF($J17<>"","Manual",IF($S17="","-","Auto"))) | N17: =IF($T17=0,"",IF($U17=1,IF($M17="","",$M17-$K17),IF($K17="","",TODAY()-$K17))) | O17: =IF(OR($A17="",$E17=""),"",IF($V17=1,S_INACT,IF(ISNA(MATCH($A17,TYP_TYPE,0)),S_TYPEKO,IF($U17=1,S_DONE,IF(AND($K17="",$R17=""),S_NOSCOPE,IF($K17="",S_NOTARGET,IF($N17>0,S_LATE,IF($I17<>"",S_WIP,IF(-$N17<=FEN_DOC,S_RISK,IF(-$N17<=HORIZON,S_COMING,S_NOTYET)))))))))) | P17: =IF(OR($A17="",$E17=""),"",IF($V17=1,"",IF(ISNA(MATCH($A17,TYP_TYPE,0)),"Type not in the library",IF($B17="","Scope not set",IF(AND($B17="System",$C17=""),"System not set",IF(AND($B17="Equipment",$D17=""),"Equipment not set",IF($F17="","Responsible not set",IF($K17="","No target date",IF(AND($B17="Equipment",$C17<>"",IFERROR(INDEX(EQP_SYS,MATCH($D17,EQP_NOM,0)),"")<>$C17),"Equipment not in that system",IF(AND($U17=1,$M17=""),"Approved with no approval date","")))))))))) | R17: =IF(OR($A17="",$B17=""),"",IF($B17="Equipment",IFERROR(INDEX(EQP_START,MATCH($D17,EQP_NOM,0)),""),IF($B17="System",IFERROR(INDEX(SYS_EARLIEST,MATCH($C17,SYS_ID,0)),""),IF($B17="All",CTR_EARLIEST,"")))) | S17: =IF(OR($A17="",$E17=""),"",IFERROR(IF(INDEX(TYP_ANCHOR,MATCH($A17,TYP_TYPE,0))="Commissioning Start",IF($R17="","",$R17-INDEX(TYP_LEAD,MATCH($A17,TYP_TYPE,0))),IF(INDEX(MS_PLAN,MATCH(INDEX(TYP_ANCHOR,MATCH($A17,TYP_TYPE,0)),MS_NOM,0))="","",INDEX(MS_PLAN,MATCH(INDEX(TYP_ANCHOR,MATCH($A17,TYP_TYPE,0)),MS_NOM,0))-INDEX(TYP_LEAD,MATCH($A17,TYP_TYPE,0)))),"")) | T17: =IF(OR($A17="",$E17=""),0,IF($V17=1,0,1)) | U17: =IF($T17=0,0,IF($M17<>"",1,IF(IFERROR(INDEX(WF_CLASS,MATCH($H17,WF_CODE,0)),"")="Done",1,0))) | V17: =IF(OR($A17="",$E17=""),0,IF(IFERROR(INDEX(WF_CLASS,MATCH($H17,WF_CODE,0)),"")="Inactive",1,0)) | W17: =IF($A17="","",IFERROR(INDEX(TYP_PHASE,MATCH($A17,TYP_TYPE,0)),"-")) | X17: =IF(AND($T17=1,$U17=0,N($N17)>0),$N17+ROW()/1000000,"") | Y17: =IF(AND($T17=1,$U17=0,OR($I17<>"",N($N17)>0)),N($N17)+ROW()/1000000,"") | Z17: =IF(AND($T17=1,$U17=0,$I17="",N($N17)<=0,-N($N17)<=HORIZON),N($N17)+ROW()/1000000,"")
A18: Safe System Of Work | B18: System | C18: SYS-TV | E18: DMIC-SYS-TV-SSW-015 | F18: D. Petrov | G18: R. Bellamy | H18: S4A - Approved | K18: =IF($A18="","",IF($J18<>"",$J18,$S18)) | L18: =IF(OR($A18="",$E18=""),"",IF($J18<>"","Manual",IF($S18="","-","Auto"))) | M18: 46258 | N18: =IF($T18=0,"",IF($U18=1,IF($M18="","",$M18-$K18),IF($K18="","",TODAY()-$K18))) | O18: =IF(OR($A18="",$E18=""),"",IF($V18=1,S_INACT,IF(ISNA(MATCH($A18,TYP_TYPE,0)),S_TYPEKO,IF($U18=1,S_DONE,IF(AND($K18="",$R18=""),S_NOSCOPE,IF($K18="",S_NOTARGET,IF($N18>0,S_LATE,IF($I18<>"",S_WIP,IF(-$N18<=FEN_DOC,S_RISK,IF(-$N18<=HORIZON,S_COMING,S_NOTYET)))))))))) | P18: =IF(OR($A18="",$E18=""),"",IF($V18=1,"",IF(ISNA(MATCH($A18,TYP_TYPE,0)),"Type not in the library",IF($B18="","Scope not set",IF(AND($B18="System",$C18=""),"System not set",IF(AND($B18="Equipment",$D18=""),"Equipment not set",IF($F18="","Responsible not set",IF($K18="","No target date",IF(AND($B18="Equipment",$C18<>"",IFERROR(INDEX(EQP_SYS,MATCH($D18,EQP_NOM,0)),"")<>$C18),"Equipment not in that system",IF(AND($U18=1,$M18=""),"Approved with no approval date","")))))))))) | R18: =IF(OR($A18="",$B18=""),"",IF($B18="Equipment",IFERROR(INDEX(EQP_START,MATCH($D18,EQP_NOM,0)),""),IF($B18="System",IFERROR(INDEX(SYS_EARLIEST,MATCH($C18,SYS_ID,0)),""),IF($B18="All",CTR_EARLIEST,"")))) | S18: =IF(OR($A18="",$E18=""),"",IFERROR(IF(INDEX(TYP_ANCHOR,MATCH($A18,TYP_TYPE,0))="Commissioning Start",IF($R18="","",$R18-INDEX(TYP_LEAD,MATCH($A18,TYP_TYPE,0))),IF(INDEX(MS_PLAN,MATCH(INDEX(TYP_ANCHOR,MATCH($A18,TYP_TYPE,0)),MS_NOM,0))="","",INDEX(MS_PLAN,MATCH(INDEX(TYP_ANCHOR,MATCH($A18,TYP_TYPE,0)),MS_NOM,0))-INDEX(TYP_LEAD,MATCH($A18,TYP_TYPE,0)))),"")) | T18: =IF(OR($A18="",$E18=""),0,IF($V18=1,0,1)) | U18: =IF($T18=0,0,IF($M18<>"",1,IF(IFERROR(INDEX(WF_CLASS,MATCH($H18,WF_CODE,0)),"")="Done",1,0))) | V18: =IF(OR($A18="",$E18=""),0,IF(IFERROR(INDEX(WF_CLASS,MATCH($H18,WF_CODE,0)),"")="Inactive",1,0)) | W18: =IF($A18="","",IFERROR(INDEX(TYP_PHASE,MATCH($A18,TYP_TYPE,0)),"-")) | X18: =IF(AND($T18=1,$U18=0,N($N18)>0),$N18+ROW()/1000000,"") | Y18: =IF(AND($T18=1,$U18=0,OR($I18<>"",N($N18)>0)),N($N18)+ROW()/1000000,"") | Z18: =IF(AND($T18=1,$U18=0,$I18="",N($N18)<=0,-N($N18)<=HORIZON),N($N18)+ROW()/1000000,"")
A19: Risk Assessment And Method Statement | B19: System | C19: SYS-TV | E19: DMIC-SYS-TV-RAM-016 | F19: J. Whitfield | G19: N. Bergstrom | H19: S4 - For Internal Approval | I19: 46258 | K19: =IF($A19="","",IF($J19<>"",$J19,$S19)) | L19: =IF(OR($A19="",$E19=""),"",IF($J19<>"","Manual",IF($S19="","-","Auto"))) | N19: =IF($T19=0,"",IF($U19=1,IF($M19="","",$M19-$K19),IF($K19="","",TODAY()-$K19))) | O19: =IF(OR($A19="",$E19=""),"",IF($V19=1,S_INACT,IF(ISNA(MATCH($A19,TYP_TYPE,0)),S_TYPEKO,IF($U19=1,S_DONE,IF(AND($K19="",$R19=""),S_NOSCOPE,IF($K19="",S_NOTARGET,IF($N19>0,S_LATE,IF($I19<>"",S_WIP,IF(-$N19<=FEN_DOC,S_RISK,IF(-$N19<=HORIZON,S_COMING,S_NOTYET)))))))))) | P19: =IF(OR($A19="",$E19=""),"",IF($V19=1,"",IF(ISNA(MATCH($A19,TYP_TYPE,0)),"Type not in the library",IF($B19="","Scope not set",IF(AND($B19="System",$C19=""),"System not set",IF(AND($B19="Equipment",$D19=""),"Equipment not set",IF($F19="","Responsible not set",IF($K19="","No target date",IF(AND($B19="Equipment",$C19<>"",IFERROR(INDEX(EQP_SYS,MATCH($D19,EQP_NOM,0)),"")<>$C19),"Equipment not in that system",IF(AND($U19=1,$M19=""),"Approved with no approval date","")))))))))) | R19: =IF(OR($A19="",$B19=""),"",IF($B19="Equipment",IFERROR(INDEX(EQP_START,MATCH($D19,EQP_NOM,0)),""),IF($B19="System",IFERROR(INDEX(SYS_EARLIEST,MATCH($C19,SYS_ID,0)),""),IF($B19="All",CTR_EARLIEST,"")))) | S19: =IF(OR($A19="",$E19=""),"",IFERROR(IF(INDEX(TYP_ANCHOR,MATCH($A19,TYP_TYPE,0))="Commissioning Start",IF($R19="","",$R19-INDEX(TYP_LEAD,MATCH($A19,TYP_TYPE,0))),IF(INDEX(MS_PLAN,MATCH(INDEX(TYP_ANCHOR,MATCH($A19,TYP_TYPE,0)),MS_NOM,0))="","",INDEX(MS_PLAN,MATCH(INDEX(TYP_ANCHOR,MATCH($A19,TYP_TYPE,0)),MS_NOM,0))-INDEX(TYP_LEAD,MATCH($A19,TYP_TYPE,0)))),"")) | T19: =IF(OR($A19="",$E19=""),0,IF($V19=1,0,1)) | U19: =IF($T19=0,0,IF($M19<>"",1,IF(IFERROR(INDEX(WF_CLASS,MATCH($H19,WF_CODE,0)),"")="Done",1,0))) | V19: =IF(OR($A19="",$E19=""),0,IF(IFERROR(INDEX(WF_CLASS,MATCH($H19,WF_CODE,0)),"")="Inactive",1,0)) | W19: =IF($A19="","",IFERROR(INDEX(TYP_PHASE,MATCH($A19,TYP_TYPE,0)),"-")) | X19: =IF(AND($T19=1,$U19=0,N($N19)>0),$N19+ROW()/1000000,"") | Y19: =IF(AND($T19=1,$U19=0,OR($I19<>"",N($N19)>0)),N($N19)+ROW()/1000000,"") | Z19: =IF(AND($T19=1,$U19=0,$I19="",N($N19)<=0,-N($N19)<=HORIZON),N($N19)+ROW()/1000000,"")
A20: System Commissioning Programme | B20: System | C20: SYS-TV | E20: DMIC-SYS-TV-SCP-017 | F20: P. Nakamura | G20: M. Haddad | H20: S6 - For Acceptance | I20: 46257 | K20: =IF($A20="","",IF($J20<>"",$J20,$S20)) | L20: =IF(OR($A20="",$E20=""),"",IF($J20<>"","Manual",IF($S20="","-","Auto"))) | N20: =IF($T20=0,"",IF($U20=1,IF($M20="","",$M20-$K20),IF($K20="","",TODAY()-$K20))) | O20: =IF(OR($A20="",$E20=""),"",IF($V20=1,S_INACT,IF(ISNA(MATCH($A20,TYP_TYPE,0)),S_TYPEKO,IF($U20=1,S_DONE,IF(AND($K20="",$R20=""),S_NOSCOPE,IF($K20="",S_NOTARGET,IF($N20>0,S_LATE,IF($I20<>"",S_WIP,IF(-$N20<=FEN_DOC,S_RISK,IF(-$N20<=HORIZON,S_COMING,S_NOTYET)))))))))) | P20: =IF(OR($A20="",$E20=""),"",IF($V20=1,"",IF(ISNA(MATCH($A20,TYP_TYPE,0)),"Type not in the library",IF($B20="","Scope not set",IF(AND($B20="System",$C20=""),"System not set",IF(AND($B20="Equipment",$D20=""),"Equipment not set",IF($F20="","Responsible not set",IF($K20="","No target date",IF(AND($B20="Equipment",$C20<>"",IFERROR(INDEX(EQP_SYS,MATCH($D20,EQP_NOM,0)),"")<>$C20),"Equipment not in that system",IF(AND($U20=1,$M20=""),"Approved with no approval date","")))))))))) | R20: =IF(OR($A20="",$B20=""),"",IF($B20="Equipment",IFERROR(INDEX(EQP_START,MATCH($D20,EQP_NOM,0)),""),IF($B20="System",IFERROR(INDEX(SYS_EARLIEST,MATCH($C20,SYS_ID,0)),""),IF($B20="All",CTR_EARLIEST,"")))) | S20: =IF(OR($A20="",$E20=""),"",IFERROR(IF(INDEX(TYP_ANCHOR,MATCH($A20,TYP_TYPE,0))="Commissioning Start",IF($R20="","",$R20-INDEX(TYP_LEAD,MATCH($A20,TYP_TYPE,0))),IF(INDEX(MS_PLAN,MATCH(INDEX(TYP_ANCHOR,MATCH($A20,TYP_TYPE,0)),MS_NOM,0))="","",INDEX(MS_PLAN,MATCH(INDEX(TYP_ANCHOR,MATCH($A20,TYP_TYPE,0)),MS_NOM,0))-INDEX(TYP_LEAD,MATCH($A20,TYP_TYPE,0)))),"")) | T20: =IF(OR($A20="",$E20=""),0,IF($V20=1,0,1)) | U20: =IF($T20=0,0,IF($M20<>"",1,IF(IFERROR(INDEX(WF_CLASS,MATCH($H20,WF_CODE,0)),"")="Done",1,0))) | V20: =IF(OR($A20="",$E20=""),0,IF(IFERROR(INDEX(WF_CLASS,MATCH($H20,WF_CODE,0)),"")="Inactive",1,0)) | W20: =IF($A20="","",IFERROR(INDEX(TYP_PHASE,MATCH($A20,TYP_TYPE,0)),"-")) | X20: =IF(AND($T20=1,$U20=0,N($N20)>0),$N20+ROW()/1000000,"") | Y20: =IF(AND($T20=1,$U20=0,OR($I20<>"",N($N20)>0)),N($N20)+ROW()/1000000,"") | Z20: =IF(AND($T20=1,$U20=0,$I20="",N($N20)<=0,-N($N20)<=HORIZON),N($N20)+ROW()/1000000,"")
A21: Authority To Start Evidence | B21: System | C21: SYS-TV | E21: DMIC-SYS-TV-ATS-018 | F21: K. Rasmussen | G21: C. Vasquez | H21: S4A - Approved | K21: =IF($A21="","",IF($J21<>"",$J21,$S21)) | L21: =IF(OR($A21="",$E21=""),"",IF($J21<>"","Manual",IF($S21="","-","Auto"))) | M21: 46255 | N21: =IF($T21=0,"",IF($U21=1,IF($M21="","",$M21-$K21),IF($K21="","",TODAY()-$K21))) | O21: =IF(OR($A21="",$E21=""),"",IF($V21=1,S_INACT,IF(ISNA(MATCH($A21,TYP_TYPE,0)),S_TYPEKO,IF($U21=1,S_DONE,IF(AND($K21="",$R21=""),S_NOSCOPE,IF($K21="",S_NOTARGET,IF($N21>0,S_LATE,IF($I21<>"",S_WIP,IF(-$N21<=FEN_DOC,S_RISK,IF(-$N21<=HORIZON,S_COMING,S_NOTYET)))))))))) | P21: =IF(OR($A21="",$E21=""),"",IF($V21=1,"",IF(ISNA(MATCH($A21,TYP_TYPE,0)),"Type not in the library",IF($B21="","Scope not set",IF(AND($B21="System",$C21=""),"System not set",IF(AND($B21="Equipment",$D21=""),"Equipment not set",IF($F21="","Responsible not set",IF($K21="","No target date",IF(AND($B21="Equipment",$C21<>"",IFERROR(INDEX(EQP_SYS,MATCH($D21,EQP_NOM,0)),"")<>$C21),"Equipment not in that system",IF(AND($U21=1,$M21=""),"Approved with no approval date","")))))))))) | R21: =IF(OR($A21="",$B21=""),"",IF($B21="Equipment",IFERROR(INDEX(EQP_START,MATCH($D21,EQP_NOM,0)),""),IF($B21="System",IFERROR(INDEX(SYS_EARLIEST,MATCH($C21,SYS_ID,0)),""),IF($B21="All",CTR_EARLIEST,"")))) | S21: =IF(OR($A21="",$E21=""),"",IFERROR(IF(INDEX(TYP_ANCHOR,MATCH($A21,TYP_TYPE,0))="Commissioning Start",IF($R21="","",$R21-INDEX(TYP_LEAD,MATCH($A21,TYP_TYPE,0))),IF(INDEX(MS_PLAN,MATCH(INDEX(TYP_ANCHOR,MATCH($A21,TYP_TYPE,0)),MS_NOM,0))="","",INDEX(MS_PLAN,MATCH(INDEX(TYP_ANCHOR,MATCH($A21,TYP_TYPE,0)),MS_NOM,0))-INDEX(TYP_LEAD,MATCH($A21,TYP_TYPE,0)))),"")) | T21: =IF(OR($A21="",$E21=""),0,IF($V21=1,0,1)) | U21: =IF($T21=0,0,IF($M21<>"",1,IF(IFERROR(INDEX(WF_CLASS,MATCH($H21,WF_CODE,0)),"")="Done",1,0))) | V21: =IF(OR($A21="",$E21=""),0,IF(IFERROR(INDEX(WF_CLASS,MATCH($H21,WF_CODE,0)),"")="Inactive",1,0)) | W21: =IF($A21="","",IFERROR(INDEX(TYP_PHASE,MATCH($A21,TYP_TYPE,0)),"-")) | X21: =IF(AND($T21=1,$U21=0,N($N21)>0),$N21+ROW()/1000000,"") | Y21: =IF(AND($T21=1,$U21=0,OR($I21<>"",N($N21)>0)),N($N21)+ROW()/1000000,"") | Z21: =IF(AND($T21=1,$U21=0,$I21="",N($N21)<=0,-N($N21)<=HORIZON),N($N21)+ROW()/1000000,"")
A22: Surveillance Programme | B22: System | C22: SYS-FA | E22: DMIC-SYS-FA-SVP-019 | F22: R. Bellamy | G22: H. Lindqvist | H22: W1 - Draft | I22: 46255 | K22: =IF($A22="","",IF($J22<>"",$J22,$S22)) | L22: =IF(OR($A22="",$E22=""),"",IF($J22<>"","Manual",IF($S22="","-","Auto"))) | N22: =IF($T22=0,"",IF($U22=1,IF($M22="","",$M22-$K22),IF($K22="","",TODAY()-$K22))) | O22: =IF(OR($A22="",$E22=""),"",IF($V22=1,S_INACT,IF(ISNA(MATCH($A22,TYP_TYPE,0)),S_TYPEKO,IF($U22=1,S_DONE,IF(AND($K22="",$R22=""),S_NOSCOPE,IF($K22="",S_NOTARGET,IF($N22>0,S_LATE,IF($I22<>"",S_WIP,IF(-$N22<=FEN_DOC,S_RISK,IF(-$N22<=HORIZON,S_COMING,S_NOTYET)))))))))) | P22: =IF(OR($A22="",$E22=""),"",IF($V22=1,"",IF(ISNA(MATCH($A22,TYP_TYPE,0)),"Type not in the library",IF($B22="","Scope not set",IF(AND($B22="System",$C22=""),"System not set",IF(AND($B22="Equipment",$D22=""),"Equipment not set",IF($F22="","Responsible not set",IF($K22="","No target date",IF(AND($B22="Equipment",$C22<>"",IFERROR(INDEX(EQP_SYS,MATCH($D22,EQP_NOM,0)),"")<>$C22),"Equipment not in that system",IF(AND($U22=1,$M22=""),"Approved with no approval date","")))))))))) | R22: =IF(OR($A22="",$B22=""),"",IF($B22="Equipment",IFERROR(INDEX(EQP_START,MATCH($D22,EQP_NOM,0)),""),IF($B22="System",IFERROR(INDEX(SYS_EARLIEST,MATCH($C22,SYS_ID,0)),""),IF($B22="All",CTR_EARLIEST,"")))) | S22: =IF(OR($A22="",$E22=""),"",IFERROR(IF(INDEX(TYP_ANCHOR,MATCH($A22,TYP_TYPE,0))="Commissioning Start",IF($R22="","",$R22-INDEX(TYP_LEAD,MATCH($A22,TYP_TYPE,0))),IF(INDEX(MS_PLAN,MATCH(INDEX(TYP_ANCHOR,MATCH($A22,TYP_TYPE,0)),MS_NOM,0))="","",INDEX(MS_PLAN,MATCH(INDEX(TYP_ANCHOR,MATCH($A22,TYP_TYPE,0)),MS_NOM,0))-INDEX(TYP_LEAD,MATCH($A22,TYP_TYPE,0)))),"")) | T22: =IF(OR($A22="",$E22=""),0,IF($V22=1,0,1)) | U22: =IF($T22=0,0,IF($M22<>"",1,IF(IFERROR(INDEX(WF_CLASS,MATCH($H22,WF_CODE,0)),"")="Done",1,0))) | V22: =IF(OR($A22="",$E22=""),0,IF(IFERROR(INDEX(WF_CLASS,MATCH($H22,WF_CODE,0)),"")="Inactive",1,0)) | W22: =IF($A22="","",IFERROR(INDEX(TYP_PHASE,MATCH($A22,TYP_TYPE,0)),"-")) | X22: =IF(AND($T22=1,$U22=0,N($N22)>0),$N22+ROW()/1000000,"") | Y22: =IF(AND($T22=1,$U22=0,OR($I22<>"",N($N22)>0)),N($N22)+ROW()/1000000,"") | Z22: =IF(AND($T22=1,$U22=0,$I22="",N($N22)<=0,-N($N22)<=HORIZON),N($N22)+ROW()/1000000,"")
A23: Safe System Of Work | B23: System | C23: SYS-FA | E23: DMIC-SYS-FA-SSW-020 | F23: N. Bergstrom | G23: A. Mercer | H23: S3 - For Review | K23: =IF($A23="","",IF($J23<>"",$J23,$S23)) | L23: =IF(OR($A23="",$E23=""),"",IF($J23<>"","Manual",IF($S23="","-","Auto"))) | N23: =IF($T23=0,"",IF($U23=1,IF($M23="","",$M23-$K23),IF($K23="","",TODAY()-$K23))) | O23: =IF(OR($A23="",$E23=""),"",IF($V23=1,S_INACT,IF(ISNA(MATCH($A23,TYP_TYPE,0)),S_TYPEKO,IF($U23=1,S_DONE,IF(AND($K23="",$R23=""),S_NOSCOPE,IF($K23="",S_NOTARGET,IF($N23>0,S_LATE,IF($I23<>"",S_WIP,IF(-$N23<=FEN_DOC,S_RISK,IF(-$N23<=HORIZON,S_COMING,S_NOTYET)))))))))) | P23: =IF(OR($A23="",$E23=""),"",IF($V23=1,"",IF(ISNA(MATCH($A23,TYP_TYPE,0)),"Type not in the library",IF($B23="","Scope not set",IF(AND($B23="System",$C23=""),"System not set",IF(AND($B23="Equipment",$D23=""),"Equipment not set",IF($F23="","Responsible not set",IF($K23="","No target date",IF(AND($B23="Equipment",$C23<>"",IFERROR(INDEX(EQP_SYS,MATCH($D23,EQP_NOM,0)),"")<>$C23),"Equipment not in that system",IF(AND($U23=1,$M23=""),"Approved with no approval date","")))))))))) | R23: =IF(OR($A23="",$B23=""),"",IF($B23="Equipment",IFERROR(INDEX(EQP_START,MATCH($D23,EQP_NOM,0)),""),IF($B23="System",IFERROR(INDEX(SYS_EARLIEST,MATCH($C23,SYS_ID,0)),""),IF($B23="All",CTR_EARLIEST,"")))) | S23: =IF(OR($A23="",$E23=""),"",IFERROR(IF(INDEX(TYP_ANCHOR,MATCH($A23,TYP_TYPE,0))="Commissioning Start",IF($R23="","",$R23-INDEX(TYP_LEAD,MATCH($A23,TYP_TYPE,0))),IF(INDEX(MS_PLAN,MATCH(INDEX(TYP_ANCHOR,MATCH($A23,TYP_TYPE,0)),MS_NOM,0))="","",INDEX(MS_PLAN,MATCH(INDEX(TYP_ANCHOR,MATCH($A23,TYP_TYPE,0)),MS_NOM,0))-INDEX(TYP_LEAD,MATCH($A23,TYP_TYPE,0)))),"")) | T23: =IF(OR($A23="",$E23=""),0,IF($V23=1,0,1)) | U23: =IF($T23=0,0,IF($M23<>"",1,IF(IFERROR(INDEX(WF_CLASS,MATCH($H23,WF_CODE,0)),"")="Done",1,0))) | V23: =IF(OR($A23="",$E23=""),0,IF(IFERROR(INDEX(WF_CLASS,MATCH($H23,WF_CODE,0)),"")="Inactive",1,0)) | W23: =IF($A23="","",IFERROR(INDEX(TYP_PHASE,MATCH($A23,TYP_TYPE,0)),"-")) | X23: =IF(AND($T23=1,$U23=0,N($N23)>0),$N23+ROW()/1000000,"") | Y23: =IF(AND($T23=1,$U23=0,OR($I23<>"",N($N23)>0)),N($N23)+ROW()/1000000,"") | Z23: =IF(AND($T23=1,$U23=0,$I23="",N($N23)<=0,-N($N23)<=HORIZON),N($N23)+ROW()/1000000,"")
A24: Risk Assessment And Method Statement | B24: System | C24: SYS-FA | E24: DMIC-SYS-FA-RAM-021 | F24: M. Haddad | G24: S. Okonkwo | H24: S4 - For Internal Approval | K24: =IF($A24="","",IF($J24<>"",$J24,$S24)) | L24: =IF(OR($A24="",$E24=""),"",IF($J24<>"","Manual",IF($S24="","-","Auto"))) | N24: =IF($T24=0,"",IF($U24=1,IF($M24="","",$M24-$K24),IF($K24="","",TODAY()-$K24))) | O24: =IF(OR($A24="",$E24=""),"",IF($V24=1,S_INACT,IF(ISNA(MATCH($A24,TYP_TYPE,0)),S_TYPEKO,IF($U24=1,S_DONE,IF(AND($K24="",$R24=""),S_NOSCOPE,IF($K24="",S_NOTARGET,IF($N24>0,S_LATE,IF($I24<>"",S_WIP,IF(-$N24<=FEN_DOC,S_RISK,IF(-$N24<=HORIZON,S_COMING,S_NOTYET)))))))))) | P24: =IF(OR($A24="",$E24=""),"",IF($V24=1,"",IF(ISNA(MATCH($A24,TYP_TYPE,0)),"Type not in the library",IF($B24="","Scope not set",IF(AND($B24="System",$C24=""),"System not set",IF(AND($B24="Equipment",$D24=""),"Equipment not set",IF($F24="","Responsible not set",IF($K24="","No target date",IF(AND($B24="Equipment",$C24<>"",IFERROR(INDEX(EQP_SYS,MATCH($D24,EQP_NOM,0)),"")<>$C24),"Equipment not in that system",IF(AND($U24=1,$M24=""),"Approved with no approval date","")))))))))) | R24: =IF(OR($A24="",$B24=""),"",IF($B24="Equipment",IFERROR(INDEX(EQP_START,MATCH($D24,EQP_NOM,0)),""),IF($B24="System",IFERROR(INDEX(SYS_EARLIEST,MATCH($C24,SYS_ID,0)),""),IF($B24="All",CTR_EARLIEST,"")))) | S24: =IF(OR($A24="",$E24=""),"",IFERROR(IF(INDEX(TYP_ANCHOR,MATCH($A24,TYP_TYPE,0))="Commissioning Start",IF($R24="","",$R24-INDEX(TYP_LEAD,MATCH($A24,TYP_TYPE,0))),IF(INDEX(MS_PLAN,MATCH(INDEX(TYP_ANCHOR,MATCH($A24,TYP_TYPE,0)),MS_NOM,0))="","",INDEX(MS_PLAN,MATCH(INDEX(TYP_ANCHOR,MATCH($A24,TYP_TYPE,0)),MS_NOM,0))-INDEX(TYP_LEAD,MATCH($A24,TYP_TYPE,0)))),"")) | T24: =IF(OR($A24="",$E24=""),0,IF($V24=1,0,1)) | U24: =IF($T24=0,0,IF($M24<>"",1,IF(IFERROR(INDEX(WF_CLASS,MATCH($H24,WF_CODE,0)),"")="Done",1,0))) | V24: =IF(OR($A24="",$E24=""),0,IF(IFERROR(INDEX(WF_CLASS,MATCH($H24,WF_CODE,0)),"")="Inactive",1,0)) | W24: =IF($A24="","",IFERROR(INDEX(TYP_PHASE,MATCH($A24,TYP_TYPE,0)),"-")) | X24: =IF(AND($T24=1,$U24=0,N($N24)>0),$N24+ROW()/1000000,"") | Y24: =IF(AND($T24=1,$U24=0,OR($I24<>"",N($N24)>0)),N($N24)+ROW()/1000000,"") | Z24: =IF(AND($T24=1,$U24=0,$I24="",N($N24)<=0,-N($N24)<=HORIZON),N($N24)+ROW()/1000000,"")
A25: System Commissioning Programme | B25: System | C25: SYS-FA | E25: DMIC-SYS-FA-SCP-022 | F25: C. Vasquez | G25: L. Fontaine | H25: S6 - For Acceptance | K25: =IF($A25="","",IF($J25<>"",$J25,$S25)) | L25: =IF(OR($A25="",$E25=""),"",IF($J25<>"","Manual",IF($S25="","-","Auto"))) | N25: =IF($T25=0,"",IF($U25=1,IF($M25="","",$M25-$K25),IF($K25="","",TODAY()-$K25))) | O25: =IF(OR($A25="",$E25=""),"",IF($V25=1,S_INACT,IF(ISNA(MATCH($A25,TYP_TYPE,0)),S_TYPEKO,IF($U25=1,S_DONE,IF(AND($K25="",$R25=""),S_NOSCOPE,IF($K25="",S_NOTARGET,IF($N25>0,S_LATE,IF($I25<>"",S_WIP,IF(-$N25<=FEN_DOC,S_RISK,IF(-$N25<=HORIZON,S_COMING,S_NOTYET)))))))))) | P25: =IF(OR($A25="",$E25=""),"",IF($V25=1,"",IF(ISNA(MATCH($A25,TYP_TYPE,0)),"Type not in the library",IF($B25="","Scope not set",IF(AND($B25="System",$C25=""),"System not set",IF(AND($B25="Equipment",$D25=""),"Equipment not set",IF($F25="","Responsible not set",IF($K25="","No target date",IF(AND($B25="Equipment",$C25<>"",IFERROR(INDEX(EQP_SYS,MATCH($D25,EQP_NOM,0)),"")<>$C25),"Equipment not in that system",IF(AND($U25=1,$M25=""),"Approved with no approval date","")))))))))) | R25: =IF(OR($A25="",$B25=""),"",IF($B25="Equipment",IFERROR(INDEX(EQP_START,MATCH($D25,EQP_NOM,0)),""),IF($B25="System",IFERROR(INDEX(SYS_EARLIEST,MATCH($C25,SYS_ID,0)),""),IF($B25="All",CTR_EARLIEST,"")))) | S25: =IF(OR($A25="",$E25=""),"",IFERROR(IF(INDEX(TYP_ANCHOR,MATCH($A25,TYP_TYPE,0))="Commissioning Start",IF($R25="","",$R25-INDEX(TYP_LEAD,MATCH($A25,TYP_TYPE,0))),IF(INDEX(MS_PLAN,MATCH(INDEX(TYP_ANCHOR,MATCH($A25,TYP_TYPE,0)),MS_NOM,0))="","",INDEX(MS_PLAN,MATCH(INDEX(TYP_ANCHOR,MATCH($A25,TYP_TYPE,0)),MS_NOM,0))-INDEX(TYP_LEAD,MATCH($A25,TYP_TYPE,0)))),"")) | T25: =IF(OR($A25="",$E25=""),0,IF($V25=1,0,1)) | U25: =IF($T25=0,0,IF($M25<>"",1,IF(IFERROR(INDEX(WF_CLASS,MATCH($H25,WF_CODE,0)),"")="Done",1,0))) | V25: =IF(OR($A25="",$E25=""),0,IF(IFERROR(INDEX(WF_CLASS,MATCH($H25,WF_CODE,0)),"")="Inactive",1,0)) | W25: =IF($A25="","",IFERROR(INDEX(TYP_PHASE,MATCH($A25,TYP_TYPE,0)),"-")) | X25: =IF(AND($T25=1,$U25=0,N($N25)>0),$N25+ROW()/1000000,"") | Y25: =IF(AND($T25=1,$U25=0,OR($I25<>"",N($N25)>0)),N($N25)+ROW()/1000000,"") | Z25: =IF(AND($T25=1,$U25=0,$I25="",N($N25)<=0,-N($N25)<=HORIZON),N($N25)+ROW()/1000000,"")
A26: Authority To Start Evidence | B26: System | C26: SYS-FA | E26: DMIC-SYS-FA-ATS-023 | F26: H. Lindqvist | G26: D. Petrov | H26: S4B - Comments | K26: =IF($A26="","",IF($J26<>"",$J26,$S26)) | L26: =IF(OR($A26="",$E26=""),"",IF($J26<>"","Manual",IF($S26="","-","Auto"))) | N26: =IF($T26=0,"",IF($U26=1,IF($M26="","",$M26-$K26),IF($K26="","",TODAY()-$K26))) | O26: =IF(OR($A26="",$E26=""),"",IF($V26=1,S_INACT,IF(ISNA(MATCH($A26,TYP_TYPE,0)),S_TYPEKO,IF($U26=1,S_DONE,IF(AND($K26="",$R26=""),S_NOSCOPE,IF($K26="",S_NOTARGET,IF($N26>0,S_LATE,IF($I26<>"",S_WIP,IF(-$N26<=FEN_DOC,S_RISK,IF(-$N26<=HORIZON,S_COMING,S_NOTYET)))))))))) | P26: =IF(OR($A26="",$E26=""),"",IF($V26=1,"",IF(ISNA(MATCH($A26,TYP_TYPE,0)),"Type not in the library",IF($B26="","Scope not set",IF(AND($B26="System",$C26=""),"System not set",IF(AND($B26="Equipment",$D26=""),"Equipment not set",IF($F26="","Responsible not set",IF($K26="","No target date",IF(AND($B26="Equipment",$C26<>"",IFERROR(INDEX(EQP_SYS,MATCH($D26,EQP_NOM,0)),"")<>$C26),"Equipment not in that system",IF(AND($U26=1,$M26=""),"Approved with no approval date","")))))))))) | R26: =IF(OR($A26="",$B26=""),"",IF($B26="Equipment",IFERROR(INDEX(EQP_START,MATCH($D26,EQP_NOM,0)),""),IF($B26="System",IFERROR(INDEX(SYS_EARLIEST,MATCH($C26,SYS_ID,0)),""),IF($B26="All",CTR_EARLIEST,"")))) | S26: =IF(OR($A26="",$E26=""),"",IFERROR(IF(INDEX(TYP_ANCHOR,MATCH($A26,TYP_TYPE,0))="Commissioning Start",IF($R26="","",$R26-INDEX(TYP_LEAD,MATCH($A26,TYP_TYPE,0))),IF(INDEX(MS_PLAN,MATCH(INDEX(TYP_ANCHOR,MATCH($A26,TYP_TYPE,0)),MS_NOM,0))="","",INDEX(MS_PLAN,MATCH(INDEX(TYP_ANCHOR,MATCH($A26,TYP_TYPE,0)),MS_NOM,0))-INDEX(TYP_LEAD,MATCH($A26,TYP_TYPE,0)))),"")) | T26: =IF(OR($A26="",$E26=""),0,IF($V26=1,0,1)) | U26: =IF($T26=0,0,IF($M26<>"",1,IF(IFERROR(INDEX(WF_CLASS,MATCH($H26,WF_CODE,0)),"")="Done",1,0))) | V26: =IF(OR($A26="",$E26=""),0,IF(IFERROR(INDEX(WF_CLASS,MATCH($H26,WF_CODE,0)),"")="Inactive",1,0)) | W26: =IF($A26="","",IFERROR(INDEX(TYP_PHASE,MATCH($A26,TYP_TYPE,0)),"-")) | X26: =IF(AND($T26=1,$U26=0,N($N26)>0),$N26+ROW()/1000000,"") | Y26: =IF(AND($T26=1,$U26=0,OR($I26<>"",N($N26)>0)),N($N26)+ROW()/1000000,"") | Z26: =IF(AND($T26=1,$U26=0,$I26="",N($N26)<=0,-N($N26)<=HORIZON),N($N26)+ROW()/1000000,"")
A27: Surveillance Programme | B27: System | C27: SYS-LV | E27: DMIC-SYS-LV-SVP-024 | F27: A. Mercer | G27: J. Whitfield | K27: =IF($A27="","",IF($J27<>"",$J27,$S27)) | L27: =IF(OR($A27="",$E27=""),"",IF($J27<>"","Manual",IF($S27="","-","Auto"))) | N27: =IF($T27=0,"",IF($U27=1,IF($M27="","",$M27-$K27),IF($K27="","",TODAY()-$K27))) | O27: =IF(OR($A27="",$E27=""),"",IF($V27=1,S_INACT,IF(ISNA(MATCH($A27,TYP_TYPE,0)),S_TYPEKO,IF($U27=1,S_DONE,IF(AND($K27="",$R27=""),S_NOSCOPE,IF($K27="",S_NOTARGET,IF($N27>0,S_LATE,IF($I27<>"",S_WIP,IF(-$N27<=FEN_DOC,S_RISK,IF(-$N27<=HORIZON,S_COMING,S_NOTYET)))))))))) | P27: =IF(OR($A27="",$E27=""),"",IF($V27=1,"",IF(ISNA(MATCH($A27,TYP_TYPE,0)),"Type not in the library",IF($B27="","Scope not set",IF(AND($B27="System",$C27=""),"System not set",IF(AND($B27="Equipment",$D27=""),"Equipment not set",IF($F27="","Responsible not set",IF($K27="","No target date",IF(AND($B27="Equipment",$C27<>"",IFERROR(INDEX(EQP_SYS,MATCH($D27,EQP_NOM,0)),"")<>$C27),"Equipment not in that system",IF(AND($U27=1,$M27=""),"Approved with no approval date","")))))))))) | R27: =IF(OR($A27="",$B27=""),"",IF($B27="Equipment",IFERROR(INDEX(EQP_START,MATCH($D27,EQP_NOM,0)),""),IF($B27="System",IFERROR(INDEX(SYS_EARLIEST,MATCH($C27,SYS_ID,0)),""),IF($B27="All",CTR_EARLIEST,"")))) | S27: =IF(OR($A27="",$E27=""),"",IFERROR(IF(INDEX(TYP_ANCHOR,MATCH($A27,TYP_TYPE,0))="Commissioning Start",IF($R27="","",$R27-INDEX(TYP_LEAD,MATCH($A27,TYP_TYPE,0))),IF(INDEX(MS_PLAN,MATCH(INDEX(TYP_ANCHOR,MATCH($A27,TYP_TYPE,0)),MS_NOM,0))="","",INDEX(MS_PLAN,MATCH(INDEX(TYP_ANCHOR,MATCH($A27,TYP_TYPE,0)),MS_NOM,0))-INDEX(TYP_LEAD,MATCH($A27,TYP_TYPE,0)))),"")) | T27: =IF(OR($A27="",$E27=""),0,IF($V27=1,0,1)) | U27: =IF($T27=0,0,IF($M27<>"",1,IF(IFERROR(INDEX(WF_CLASS,MATCH($H27,WF_CODE,0)),"")="Done",1,0))) | V27: =IF(OR($A27="",$E27=""),0,IF(IFERROR(INDEX(WF_CLASS,MATCH($H27,WF_CODE,0)),"")="Inactive",1,0)) | W27: =IF($A27="","",IFERROR(INDEX(TYP_PHASE,MATCH($A27,TYP_TYPE,0)),"-")) | X27: =IF(AND($T27=1,$U27=0,N($N27)>0),$N27+ROW()/1000000,"") | Y27: =IF(AND($T27=1,$U27=0,OR($I27<>"",N($N27)>0)),N($N27)+ROW()/1000000,"") | Z27: =IF(AND($T27=1,$U27=0,$I27="",N($N27)<=0,-N($N27)<=HORIZON),N($N27)+ROW()/1000000,"")
A28: Safe System Of Work | B28: System | C28: SYS-LV | E28: DMIC-SYS-LV-SSW-025 | F28: S. Okonkwo | G28: P. Nakamura | H28: W0 - Work In Progress | K28: =IF($A28="","",IF($J28<>"",$J28,$S28)) | L28: =IF(OR($A28="",$E28=""),"",IF($J28<>"","Manual",IF($S28="","-","Auto"))) | N28: =IF($T28=0,"",IF($U28=1,IF($M28="","",$M28-$K28),IF($K28="","",TODAY()-$K28))) | O28: =IF(OR($A28="",$E28=""),"",IF($V28=1,S_INACT,IF(ISNA(MATCH($A28,TYP_TYPE,0)),S_TYPEKO,IF($U28=1,S_DONE,IF(AND($K28="",$R28=""),S_NOSCOPE,IF($K28="",S_NOTARGET,IF($N28>0,S_LATE,IF($I28<>"",S_WIP,IF(-$N28<=FEN_DOC,S_RISK,IF(-$N28<=HORIZON,S_COMING,S_NOTYET)))))))))) | P28: =IF(OR($A28="",$E28=""),"",IF($V28=1,"",IF(ISNA(MATCH($A28,TYP_TYPE,0)),"Type not in the library",IF($B28="","Scope not set",IF(AND($B28="System",$C28=""),"System not set",IF(AND($B28="Equipment",$D28=""),"Equipment not set",IF($F28="","Responsible not set",IF($K28="","No target date",IF(AND($B28="Equipment",$C28<>"",IFERROR(INDEX(EQP_SYS,MATCH($D28,EQP_NOM,0)),"")<>$C28),"Equipment not in that system",IF(AND($U28=1,$M28=""),"Approved with no approval date","")))))))))) | R28: =IF(OR($A28="",$B28=""),"",IF($B28="Equipment",IFERROR(INDEX(EQP_START,MATCH($D28,EQP_NOM,0)),""),IF($B28="System",IFERROR(INDEX(SYS_EARLIEST,MATCH($C28,SYS_ID,0)),""),IF($B28="All",CTR_EARLIEST,"")))) | S28: =IF(OR($A28="",$E28=""),"",IFERROR(IF(INDEX(TYP_ANCHOR,MATCH($A28,TYP_TYPE,0))="Commissioning Start",IF($R28="","",$R28-INDEX(TYP_LEAD,MATCH($A28,TYP_TYPE,0))),IF(INDEX(MS_PLAN,MATCH(INDEX(TYP_ANCHOR,MATCH($A28,TYP_TYPE,0)),MS_NOM,0))="","",INDEX(MS_PLAN,MATCH(INDEX(TYP_ANCHOR,MATCH($A28,TYP_TYPE,0)),MS_NOM,0))-INDEX(TYP_LEAD,MATCH($A28,TYP_TYPE,0)))),"")) | T28: =IF(OR($A28="",$E28=""),0,IF($V28=1,0,1)) | U28: =IF($T28=0,0,IF($M28<>"",1,IF(IFERROR(INDEX(WF_CLASS,MATCH($H28,WF_CODE,0)),"")="Done",1,0))) | V28: =IF(OR($A28="",$E28=""),0,IF(IFERROR(INDEX(WF_CLASS,MATCH($H28,WF_CODE,0)),"")="Inactive",1,0)) | W28: =IF($A28="","",IFERROR(INDEX(TYP_PHASE,MATCH($A28,TYP_TYPE,0)),"-")) | X28: =IF(AND($T28=1,$U28=0,N($N28)>0),$N28+ROW()/1000000,"") | Y28: =IF(AND($T28=1,$U28=0,OR($I28<>"",N($N28)>0)),N($N28)+ROW()/1000000,"") | Z28: =IF(AND($T28=1,$U28=0,$I28="",N($N28)<=0,-N($N28)<=HORIZON),N($N28)+ROW()/1000000,"")
A29: Risk Assessment And Method Statement | B29: System | C29: SYS-LV | E29: DMIC-SYS-LV-RAM-026 | F29: L. Fontaine | G29: K. Rasmussen | K29: =IF($A29="","",IF($J29<>"",$J29,$S29)) | L29: =IF(OR($A29="",$E29=""),"",IF($J29<>"","Manual",IF($S29="","-","Auto"))) | N29: =IF($T29=0,"",IF($U29=1,IF($M29="","",$M29-$K29),IF($K29="","",TODAY()-$K29))) | O29: =IF(OR($A29="",$E29=""),"",IF($V29=1,S_INACT,IF(ISNA(MATCH($A29,TYP_TYPE,0)),S_TYPEKO,IF($U29=1,S_DONE,IF(AND($K29="",$R29=""),S_NOSCOPE,IF($K29="",S_NOTARGET,IF($N29>0,S_LATE,IF($I29<>"",S_WIP,IF(-$N29<=FEN_DOC,S_RISK,IF(-$N29<=HORIZON,S_COMING,S_NOTYET)))))))))) | P29: =IF(OR($A29="",$E29=""),"",IF($V29=1,"",IF(ISNA(MATCH($A29,TYP_TYPE,0)),"Type not in the library",IF($B29="","Scope not set",IF(AND($B29="System",$C29=""),"System not set",IF(AND($B29="Equipment",$D29=""),"Equipment not set",IF($F29="","Responsible not set",IF($K29="","No target date",IF(AND($B29="Equipment",$C29<>"",IFERROR(INDEX(EQP_SYS,MATCH($D29,EQP_NOM,0)),"")<>$C29),"Equipment not in that system",IF(AND($U29=1,$M29=""),"Approved with no approval date","")))))))))) | R29: =IF(OR($A29="",$B29=""),"",IF($B29="Equipment",IFERROR(INDEX(EQP_START,MATCH($D29,EQP_NOM,0)),""),IF($B29="System",IFERROR(INDEX(SYS_EARLIEST,MATCH($C29,SYS_ID,0)),""),IF($B29="All",CTR_EARLIEST,"")))) | S29: =IF(OR($A29="",$E29=""),"",IFERROR(IF(INDEX(TYP_ANCHOR,MATCH($A29,TYP_TYPE,0))="Commissioning Start",IF($R29="","",$R29-INDEX(TYP_LEAD,MATCH($A29,TYP_TYPE,0))),IF(INDEX(MS_PLAN,MATCH(INDEX(TYP_ANCHOR,MATCH($A29,TYP_TYPE,0)),MS_NOM,0))="","",INDEX(MS_PLAN,MATCH(INDEX(TYP_ANCHOR,MATCH($A29,TYP_TYPE,0)),MS_NOM,0))-INDEX(TYP_LEAD,MATCH($A29,TYP_TYPE,0)))),"")) | T29: =IF(OR($A29="",$E29=""),0,IF($V29=1,0,1)) | U29: =IF($T29=0,0,IF($M29<>"",1,IF(IFERROR(INDEX(WF_CLASS,MATCH($H29,WF_CODE,0)),"")="Done",1,0))) | V29: =IF(OR($A29="",$E29=""),0,IF(IFERROR(INDEX(WF_CLASS,MATCH($H29,WF_CODE,0)),"")="Inactive",1,0)) | W29: =IF($A29="","",IFERROR(INDEX(TYP_PHASE,MATCH($A29,TYP_TYPE,0)),"-")) | X29: =IF(AND($T29=1,$U29=0,N($N29)>0),$N29+ROW()/1000000,"") | Y29: =IF(AND($T29=1,$U29=0,OR($I29<>"",N($N29)>0)),N($N29)+ROW()/1000000,"") | Z29: =IF(AND($T29=1,$U29=0,$I29="",N($N29)<=0,-N($N29)<=HORIZON),N($N29)+ROW()/1000000,"")
A30: System Commissioning Programme | B30: System | C30: SYS-LV | E30: DMIC-SYS-LV-SCP-027 | F30: D. Petrov | G30: R. Bellamy | K30: =IF($A30="","",IF($J30<>"",$J30,$S30)) | L30: =IF(OR($A30="",$E30=""),"",IF($J30<>"","Manual",IF($S30="","-","Auto"))) | N30: =IF($T30=0,"",IF($U30=1,IF($M30="","",$M30-$K30),IF($K30="","",TODAY()-$K30))) | O30: =IF(OR($A30="",$E30=""),"",IF($V30=1,S_INACT,IF(ISNA(MATCH($A30,TYP_TYPE,0)),S_TYPEKO,IF($U30=1,S_DONE,IF(AND($K30="",$R30=""),S_NOSCOPE,IF($K30="",S_NOTARGET,IF($N30>0,S_LATE,IF($I30<>"",S_WIP,IF(-$N30<=FEN_DOC,S_RISK,IF(-$N30<=HORIZON,S_COMING,S_NOTYET)))))))))) | P30: =IF(OR($A30="",$E30=""),"",IF($V30=1,"",IF(ISNA(MATCH($A30,TYP_TYPE,0)),"Type not in the library",IF($B30="","Scope not set",IF(AND($B30="System",$C30=""),"System not set",IF(AND($B30="Equipment",$D30=""),"Equipment not set",IF($F30="","Responsible not set",IF($K30="","No target date",IF(AND($B30="Equipment",$C30<>"",IFERROR(INDEX(EQP_SYS,MATCH($D30,EQP_NOM,0)),"")<>$C30),"Equipment not in that system",IF(AND($U30=1,$M30=""),"Approved with no approval date","")))))))))) | R30: =IF(OR($A30="",$B30=""),"",IF($B30="Equipment",IFERROR(INDEX(EQP_START,MATCH($D30,EQP_NOM,0)),""),IF($B30="System",IFERROR(INDEX(SYS_EARLIEST,MATCH($C30,SYS_ID,0)),""),IF($B30="All",CTR_EARLIEST,"")))) | S30: =IF(OR($A30="",$E30=""),"",IFERROR(IF(INDEX(TYP_ANCHOR,MATCH($A30,TYP_TYPE,0))="Commissioning Start",IF($R30="","",$R30-INDEX(TYP_LEAD,MATCH($A30,TYP_TYPE,0))),IF(INDEX(MS_PLAN,MATCH(INDEX(TYP_ANCHOR,MATCH($A30,TYP_TYPE,0)),MS_NOM,0))="","",INDEX(MS_PLAN,MATCH(INDEX(TYP_ANCHOR,MATCH($A30,TYP_TYPE,0)),MS_NOM,0))-INDEX(TYP_LEAD,MATCH($A30,TYP_TYPE,0)))),"")) | T30: =IF(OR($A30="",$E30=""),0,IF($V30=1,0,1)) | U30: =IF($T30=0,0,IF($M30<>"",1,IF(IFERROR(INDEX(WF_CLASS,MATCH($H30,WF_CODE,0)),"")="Done",1,0))) | V30: =IF(OR($A30="",$E30=""),0,IF(IFERROR(INDEX(WF_CLASS,MATCH($H30,WF_CODE,0)),"")="Inactive",1,0)) | W30: =IF($A30="","",IFERROR(INDEX(TYP_PHASE,MATCH($A30,TYP_TYPE,0)),"-")) | X30: =IF(AND($T30=1,$U30=0,N($N30)>0),$N30+ROW()/1000000,"") | Y30: =IF(AND($T30=1,$U30=0,OR($I30<>"",N($N30)>0)),N($N30)+ROW()/1000000,"") | Z30: =IF(AND($T30=1,$U30=0,$I30="",N($N30)<=0,-N($N30)<=HORIZON),N($N30)+ROW()/1000000,"")
A31: Surveillance Programme | B31: System | C31: SYS-CC | E31: DMIC-SYS-CC-SVP-028 | F31: J. Whitfield | G31: N. Bergstrom | K31: =IF($A31="","",IF($J31<>"",$J31,$S31)) | L31: =IF(OR($A31="",$E31=""),"",IF($J31<>"","Manual",IF($S31="","-","Auto"))) | N31: =IF($T31=0,"",IF($U31=1,IF($M31="","",$M31-$K31),IF($K31="","",TODAY()-$K31))) | O31: =IF(OR($A31="",$E31=""),"",IF($V31=1,S_INACT,IF(ISNA(MATCH($A31,TYP_TYPE,0)),S_TYPEKO,IF($U31=1,S_DONE,IF(AND($K31="",$R31=""),S_NOSCOPE,IF($K31="",S_NOTARGET,IF($N31>0,S_LATE,IF($I31<>"",S_WIP,IF(-$N31<=FEN_DOC,S_RISK,IF(-$N31<=HORIZON,S_COMING,S_NOTYET)))))))))) | P31: =IF(OR($A31="",$E31=""),"",IF($V31=1,"",IF(ISNA(MATCH($A31,TYP_TYPE,0)),"Type not in the library",IF($B31="","Scope not set",IF(AND($B31="System",$C31=""),"System not set",IF(AND($B31="Equipment",$D31=""),"Equipment not set",IF($F31="","Responsible not set",IF($K31="","No target date",IF(AND($B31="Equipment",$C31<>"",IFERROR(INDEX(EQP_SYS,MATCH($D31,EQP_NOM,0)),"")<>$C31),"Equipment not in that system",IF(AND($U31=1,$M31=""),"Approved with no approval date","")))))))))) | R31: =IF(OR($A31="",$B31=""),"",IF($B31="Equipment",IFERROR(INDEX(EQP_START,MATCH($D31,EQP_NOM,0)),""),IF($B31="System",IFERROR(INDEX(SYS_EARLIEST,MATCH($C31,SYS_ID,0)),""),IF($B31="All",CTR_EARLIEST,"")))) | S31: =IF(OR($A31="",$E31=""),"",IFERROR(IF(INDEX(TYP_ANCHOR,MATCH($A31,TYP_TYPE,0))="Commissioning Start",IF($R31="","",$R31-INDEX(TYP_LEAD,MATCH($A31,TYP_TYPE,0))),IF(INDEX(MS_PLAN,MATCH(INDEX(TYP_ANCHOR,MATCH($A31,TYP_TYPE,0)),MS_NOM,0))="","",INDEX(MS_PLAN,MATCH(INDEX(TYP_ANCHOR,MATCH($A31,TYP_TYPE,0)),MS_NOM,0))-INDEX(TYP_LEAD,MATCH($A31,TYP_TYPE,0)))),"")) | T31: =IF(OR($A31="",$E31=""),0,IF($V31=1,0,1)) | U31: =IF($T31=0,0,IF($M31<>"",1,IF(IFERROR(INDEX(WF_CLASS,MATCH($H31,WF_CODE,0)),"")="Done",1,0))) | V31: =IF(OR($A31="",$E31=""),0,IF(IFERROR(INDEX(WF_CLASS,MATCH($H31,WF_CODE,0)),"")="Inactive",1,0)) | W31: =IF($A31="","",IFERROR(INDEX(TYP_PHASE,MATCH($A31,TYP_TYPE,0)),"-")) | X31: =IF(AND($T31=1,$U31=0,N($N31)>0),$N31+ROW()/1000000,"") | Y31: =IF(AND($T31=1,$U31=0,OR($I31<>"",N($N31)>0)),N($N31)+ROW()/1000000,"") | Z31: =IF(AND($T31=1,$U31=0,$I31="",N($N31)<=0,-N($N31)<=HORIZON),N($N31)+ROW()/1000000,"")
A32: Safe System Of Work | B32: System | C32: SYS-CC | E32: DMIC-SYS-CC-SSW-029 | F32: P. Nakamura | G32: M. Haddad | K32: =IF($A32="","",IF($J32<>"",$J32,$S32)) | L32: =IF(OR($A32="",$E32=""),"",IF($J32<>"","Manual",IF($S32="","-","Auto"))) | N32: =IF($T32=0,"",IF($U32=1,IF($M32="","",$M32-$K32),IF($K32="","",TODAY()-$K32))) | O32: =IF(OR($A32="",$E32=""),"",IF($V32=1,S_INACT,IF(ISNA(MATCH($A32,TYP_TYPE,0)),S_TYPEKO,IF($U32=1,S_DONE,IF(AND($K32="",$R32=""),S_NOSCOPE,IF($K32="",S_NOTARGET,IF($N32>0,S_LATE,IF($I32<>"",S_WIP,IF(-$N32<=FEN_DOC,S_RISK,IF(-$N32<=HORIZON,S_COMING,S_NOTYET)))))))))) | P32: =IF(OR($A32="",$E32=""),"",IF($V32=1,"",IF(ISNA(MATCH($A32,TYP_TYPE,0)),"Type not in the library",IF($B32="","Scope not set",IF(AND($B32="System",$C32=""),"System not set",IF(AND($B32="Equipment",$D32=""),"Equipment not set",IF($F32="","Responsible not set",IF($K32="","No target date",IF(AND($B32="Equipment",$C32<>"",IFERROR(INDEX(EQP_SYS,MATCH($D32,EQP_NOM,0)),"")<>$C32),"Equipment not in that system",IF(AND($U32=1,$M32=""),"Approved with no approval date","")))))))))) | R32: =IF(OR($A32="",$B32=""),"",IF($B32="Equipment",IFERROR(INDEX(EQP_START,MATCH($D32,EQP_NOM,0)),""),IF($B32="System",IFERROR(INDEX(SYS_EARLIEST,MATCH($C32,SYS_ID,0)),""),IF($B32="All",CTR_EARLIEST,"")))) | S32: =IF(OR($A32="",$E32=""),"",IFERROR(IF(INDEX(TYP_ANCHOR,MATCH($A32,TYP_TYPE,0))="Commissioning Start",IF($R32="","",$R32-INDEX(TYP_LEAD,MATCH($A32,TYP_TYPE,0))),IF(INDEX(MS_PLAN,MATCH(INDEX(TYP_ANCHOR,MATCH($A32,TYP_TYPE,0)),MS_NOM,0))="","",INDEX(MS_PLAN,MATCH(INDEX(TYP_ANCHOR,MATCH($A32,TYP_TYPE,0)),MS_NOM,0))-INDEX(TYP_LEAD,MATCH($A32,TYP_TYPE,0)))),"")) | T32: =IF(OR($A32="",$E32=""),0,IF($V32=1,0,1)) | U32: =IF($T32=0,0,IF($M32<>"",1,IF(IFERROR(INDEX(WF_CLASS,MATCH($H32,WF_CODE,0)),"")="Done",1,0))) | V32: =IF(OR($A32="",$E32=""),0,IF(IFERROR(INDEX(WF_CLASS,MATCH($H32,WF_CODE,0)),"")="Inactive",1,0)) | W32: =IF($A32="","",IFERROR(INDEX(TYP_PHASE,MATCH($A32,TYP_TYPE,0)),"-")) | X32: =IF(AND($T32=1,$U32=0,N($N32)>0),$N32+ROW()/1000000,"") | Y32: =IF(AND($T32=1,$U32=0,OR($I32<>"",N($N32)>0)),N($N32)+ROW()/1000000,"") | Z32: =IF(AND($T32=1,$U32=0,$I32="",N($N32)<=0,-N($N32)<=HORIZON),N($N32)+ROW()/1000000,"")
A33: Risk Assessment And Method Statement | B33: System | C33: SYS-CC | E33: DMIC-SYS-CC-RAM-030 | F33: K. Rasmussen | G33: C. Vasquez | H33: W0 - Work In Progress | K33: =IF($A33="","",IF($J33<>"",$J33,$S33)) | L33: =IF(OR($A33="",$E33=""),"",IF($J33<>"","Manual",IF($S33="","-","Auto"))) | N33: =IF($T33=0,"",IF($U33=1,IF($M33="","",$M33-$K33),IF($K33="","",TODAY()-$K33))) | O33: =IF(OR($A33="",$E33=""),"",IF($V33=1,S_INACT,IF(ISNA(MATCH($A33,TYP_TYPE,0)),S_TYPEKO,IF($U33=1,S_DONE,IF(AND($K33="",$R33=""),S_NOSCOPE,IF($K33="",S_NOTARGET,IF($N33>0,S_LATE,IF($I33<>"",S_WIP,IF(-$N33<=FEN_DOC,S_RISK,IF(-$N33<=HORIZON,S_COMING,S_NOTYET)))))))))) | P33: =IF(OR($A33="",$E33=""),"",IF($V33=1,"",IF(ISNA(MATCH($A33,TYP_TYPE,0)),"Type not in the library",IF($B33="","Scope not set",IF(AND($B33="System",$C33=""),"System not set",IF(AND($B33="Equipment",$D33=""),"Equipment not set",IF($F33="","Responsible not set",IF($K33="","No target date",IF(AND($B33="Equipment",$C33<>"",IFERROR(INDEX(EQP_SYS,MATCH($D33,EQP_NOM,0)),"")<>$C33),"Equipment not in that system",IF(AND($U33=1,$M33=""),"Approved with no approval date","")))))))))) | R33: =IF(OR($A33="",$B33=""),"",IF($B33="Equipment",IFERROR(INDEX(EQP_START,MATCH($D33,EQP_NOM,0)),""),IF($B33="System",IFERROR(INDEX(SYS_EARLIEST,MATCH($C33,SYS_ID,0)),""),IF($B33="All",CTR_EARLIEST,"")))) | S33: =IF(OR($A33="",$E33=""),"",IFERROR(IF(INDEX(TYP_ANCHOR,MATCH($A33,TYP_TYPE,0))="Commissioning Start",IF($R33="","",$R33-INDEX(TYP_LEAD,MATCH($A33,TYP_TYPE,0))),IF(INDEX(MS_PLAN,MATCH(INDEX(TYP_ANCHOR,MATCH($A33,TYP_TYPE,0)),MS_NOM,0))="","",INDEX(MS_PLAN,MATCH(INDEX(TYP_ANCHOR,MATCH($A33,TYP_TYPE,0)),MS_NOM,0))-INDEX(TYP_LEAD,MATCH($A33,TYP_TYPE,0)))),"")) | T33: =IF(OR($A33="",$E33=""),0,IF($V33=1,0,1)) | U33: =IF($T33=0,0,IF($M33<>"",1,IF(IFERROR(INDEX(WF_CLASS,MATCH($H33,WF_CODE,0)),"")="Done",1,0))) | V33: =IF(OR($A33="",$E33=""),0,IF(IFERROR(INDEX(WF_CLASS,MATCH($H33,WF_CODE,0)),"")="Inactive",1,0)) | W33: =IF($A33="","",IFERROR(INDEX(TYP_PHASE,MATCH($A33,TYP_TYPE,0)),"-")) | X33: =IF(AND($T33=1,$U33=0,N($N33)>0),$N33+ROW()/1000000,"") | Y33: =IF(AND($T33=1,$U33=0,OR($I33<>"",N($N33)>0)),N($N33)+ROW()/1000000,"") | Z33: =IF(AND($T33=1,$U33=0,$I33="",N($N33)<=0,-N($N33)<=HORIZON),N($N33)+ROW()/1000000,"")
A34: Commissioning Procedure | B34: Equipment | C34: SYS-TP | D34: TP-BSS-01 Bulk Supply Substation | E34: DMIC-SYS-TP-CPR-031 | F34: R. Bellamy | G34: H. Lindqvist | H34: S4 - For Internal Approval | I34: 46173 | K34: =IF($A34="","",IF($J34<>"",$J34,$S34)) | L34: =IF(OR($A34="",$E34=""),"",IF($J34<>"","Manual",IF($S34="","-","Auto"))) | N34: =IF($T34=0,"",IF($U34=1,IF($M34="","",$M34-$K34),IF($K34="","",TODAY()-$K34))) | O34: =IF(OR($A34="",$E34=""),"",IF($V34=1,S_INACT,IF(ISNA(MATCH($A34,TYP_TYPE,0)),S_TYPEKO,IF($U34=1,S_DONE,IF(AND($K34="",$R34=""),S_NOSCOPE,IF($K34="",S_NOTARGET,IF($N34>0,S_LATE,IF($I34<>"",S_WIP,IF(-$N34<=FEN_DOC,S_RISK,IF(-$N34<=HORIZON,S_COMING,S_NOTYET)))))))))) | P34: =IF(OR($A34="",$E34=""),"",IF($V34=1,"",IF(ISNA(MATCH($A34,TYP_TYPE,0)),"Type not in the library",IF($B34="","Scope not set",IF(AND($B34="System",$C34=""),"System not set",IF(AND($B34="Equipment",$D34=""),"Equipment not set",IF($F34="","Responsible not set",IF($K34="","No target date",IF(AND($B34="Equipment",$C34<>"",IFERROR(INDEX(EQP_SYS,MATCH($D34,EQP_NOM,0)),"")<>$C34),"Equipment not in that system",IF(AND($U34=1,$M34=""),"Approved with no approval date","")))))))))) | R34: =IF(OR($A34="",$B34=""),"",IF($B34="Equipment",IFERROR(INDEX(EQP_START,MATCH($D34,EQP_NOM,0)),""),IF($B34="System",IFERROR(INDEX(SYS_EARLIEST,MATCH($C34,SYS_ID,0)),""),IF($B34="All",CTR_EARLIEST,"")))) | S34: =IF(OR($A34="",$E34=""),"",IFERROR(IF(INDEX(TYP_ANCHOR,MATCH($A34,TYP_TYPE,0))="Commissioning Start",IF($R34="","",$R34-INDEX(TYP_LEAD,MATCH($A34,TYP_TYPE,0))),IF(INDEX(MS_PLAN,MATCH(INDEX(TYP_ANCHOR,MATCH($A34,TYP_TYPE,0)),MS_NOM,0))="","",INDEX(MS_PLAN,MATCH(INDEX(TYP_ANCHOR,MATCH($A34,TYP_TYPE,0)),MS_NOM,0))-INDEX(TYP_LEAD,MATCH($A34,TYP_TYPE,0)))),"")) | T34: =IF(OR($A34="",$E34=""),0,IF($V34=1,0,1)) | U34: =IF($T34=0,0,IF($M34<>"",1,IF(IFERROR(INDEX(WF_CLASS,MATCH($H34,WF_CODE,0)),"")="Done",1,0))) | V34: =IF(OR($A34="",$E34=""),0,IF(IFERROR(INDEX(WF_CLASS,MATCH($H34,WF_CODE,0)),"")="Inactive",1,0)) | W34: =IF($A34="","",IFERROR(INDEX(TYP_PHASE,MATCH($A34,TYP_TYPE,0)),"-")) | X34: =IF(AND($T34=1,$U34=0,N($N34)>0),$N34+ROW()/1000000,"") | Y34: =IF(AND($T34=1,$U34=0,OR($I34<>"",N($N34)>0)),N($N34)+ROW()/1000000,"") | Z34: =IF(AND($T34=1,$U34=0,$I34="",N($N34)<=0,-N($N34)<=HORIZON),N($N34)+ROW()/1000000,"")
A35: Inspection and Test Plan | B35: Equipment | C35: SYS-TP | D35: TP-BSS-01 Bulk Supply Substation | E35: DMIC-SYS-TP-ITP-032 | F35: N. Bergstrom | G35: A. Mercer | H35: P6 - For Construction | K35: =IF($A35="","",IF($J35<>"",$J35,$S35)) | L35: =IF(OR($A35="",$E35=""),"",IF($J35<>"","Manual",IF($S35="","-","Auto"))) | M35: 46234 | N35: =IF($T35=0,"",IF($U35=1,IF($M35="","",$M35-$K35),IF($K35="","",TODAY()-$K35))) | O35: =IF(OR($A35="",$E35=""),"",IF($V35=1,S_INACT,IF(ISNA(MATCH($A35,TYP_TYPE,0)),S_TYPEKO,IF($U35=1,S_DONE,IF(AND($K35="",$R35=""),S_NOSCOPE,IF($K35="",S_NOTARGET,IF($N35>0,S_LATE,IF($I35<>"",S_WIP,IF(-$N35<=FEN_DOC,S_RISK,IF(-$N35<=HORIZON,S_COMING,S_NOTYET)))))))))) | P35: =IF(OR($A35="",$E35=""),"",IF($V35=1,"",IF(ISNA(MATCH($A35,TYP_TYPE,0)),"Type not in the library",IF($B35="","Scope not set",IF(AND($B35="System",$C35=""),"System not set",IF(AND($B35="Equipment",$D35=""),"Equipment not set",IF($F35="","Responsible not set",IF($K35="","No target date",IF(AND($B35="Equipment",$C35<>"",IFERROR(INDEX(EQP_SYS,MATCH($D35,EQP_NOM,0)),"")<>$C35),"Equipment not in that system",IF(AND($U35=1,$M35=""),"Approved with no approval date","")))))))))) | R35: =IF(OR($A35="",$B35=""),"",IF($B35="Equipment",IFERROR(INDEX(EQP_START,MATCH($D35,EQP_NOM,0)),""),IF($B35="System",IFERROR(INDEX(SYS_EARLIEST,MATCH($C35,SYS_ID,0)),""),IF($B35="All",CTR_EARLIEST,"")))) | S35: =IF(OR($A35="",$E35=""),"",IFERROR(IF(INDEX(TYP_ANCHOR,MATCH($A35,TYP_TYPE,0))="Commissioning Start",IF($R35="","",$R35-INDEX(TYP_LEAD,MATCH($A35,TYP_TYPE,0))),IF(INDEX(MS_PLAN,MATCH(INDEX(TYP_ANCHOR,MATCH($A35,TYP_TYPE,0)),MS_NOM,0))="","",INDEX(MS_PLAN,MATCH(INDEX(TYP_ANCHOR,MATCH($A35,TYP_TYPE,0)),MS_NOM,0))-INDEX(TYP_LEAD,MATCH($A35,TYP_TYPE,0)))),"")) | T35: =IF(OR($A35="",$E35=""),0,IF($V35=1,0,1)) | U35: =IF($T35=0,0,IF($M35<>"",1,IF(IFERROR(INDEX(WF_CLASS,MATCH($H35,WF_CODE,0)),"")="Done",1,0))) | V35: =IF(OR($A35="",$E35=""),0,IF(IFERROR(INDEX(WF_CLASS,MATCH($H35,WF_CODE,0)),"")="Inactive",1,0)) | W35: =IF($A35="","",IFERROR(INDEX(TYP_PHASE,MATCH($A35,TYP_TYPE,0)),"-")) | X35: =IF(AND($T35=1,$U35=0,N($N35)>0),$N35+ROW()/1000000,"") | Y35: =IF(AND($T35=1,$U35=0,OR($I35<>"",N($N35)>0)),N($N35)+ROW()/1000000,"") | Z35: =IF(AND($T35=1,$U35=0,$I35="",N($N35)<=0,-N($N35)<=HORIZON),N($N35)+ROW()/1000000,"")
A36: Planned End Of Erection Status Report | B36: Equipment | C36: SYS-TP | D36: TP-BSS-01 Bulk Supply Substation | E36: DMIC-SYS-TP-PER-033 | F36: M. Haddad | G36: S. Okonkwo | H36: S4A - Approved | K36: =IF($A36="","",IF($J36<>"",$J36,$S36)) | L36: =IF(OR($A36="",$E36=""),"",IF($J36<>"","Manual",IF($S36="","-","Auto"))) | M36: 46254 | N36: =IF($T36=0,"",IF($U36=1,IF($M36="","",$M36-$K36),IF($K36="","",TODAY()-$K36))) | O36: =IF(OR($A36="",$E36=""),"",IF($V36=1,S_INACT,IF(ISNA(MATCH($A36,TYP_TYPE,0)),S_TYPEKO,IF($U36=1,S_DONE,IF(AND($K36="",$R36=""),S_NOSCOPE,IF($K36="",S_NOTARGET,IF($N36>0,S_LATE,IF($I36<>"",S_WIP,IF(-$N36<=FEN_DOC,S_RISK,IF(-$N36<=HORIZON,S_COMING,S_NOTYET)))))))))) | P36: =IF(OR($A36="",$E36=""),"",IF($V36=1,"",IF(ISNA(MATCH($A36,TYP_TYPE,0)),"Type not in the library",IF($B36="","Scope not set",IF(AND($B36="System",$C36=""),"System not set",IF(AND($B36="Equipment",$D36=""),"Equipment not set",IF($F36="","Responsible not set",IF($K36="","No target date",IF(AND($B36="Equipment",$C36<>"",IFERROR(INDEX(EQP_SYS,MATCH($D36,EQP_NOM,0)),"")<>$C36),"Equipment not in that system",IF(AND($U36=1,$M36=""),"Approved with no approval date","")))))))))) | R36: =IF(OR($A36="",$B36=""),"",IF($B36="Equipment",IFERROR(INDEX(EQP_START,MATCH($D36,EQP_NOM,0)),""),IF($B36="System",IFERROR(INDEX(SYS_EARLIEST,MATCH($C36,SYS_ID,0)),""),IF($B36="All",CTR_EARLIEST,"")))) | S36: =IF(OR($A36="",$E36=""),"",IFERROR(IF(INDEX(TYP_ANCHOR,MATCH($A36,TYP_TYPE,0))="Commissioning Start",IF($R36="","",$R36-INDEX(TYP_LEAD,MATCH($A36,TYP_TYPE,0))),IF(INDEX(MS_PLAN,MATCH(INDEX(TYP_ANCHOR,MATCH($A36,TYP_TYPE,0)),MS_NOM,0))="","",INDEX(MS_PLAN,MATCH(INDEX(TYP_ANCHOR,MATCH($A36,TYP_TYPE,0)),MS_NOM,0))-INDEX(TYP_LEAD,MATCH($A36,TYP_TYPE,0)))),"")) | T36: =IF(OR($A36="",$E36=""),0,IF($V36=1,0,1)) | U36: =IF($T36=0,0,IF($M36<>"",1,IF(IFERROR(INDEX(WF_CLASS,MATCH($H36,WF_CODE,0)),"")="Done",1,0))) | V36: =IF(OR($A36="",$E36=""),0,IF(IFERROR(INDEX(WF_CLASS,MATCH($H36,WF_CODE,0)),"")="Inactive",1,0)) | W36: =IF($A36="","",IFERROR(INDEX(TYP_PHASE,MATCH($A36,TYP_TYPE,0)),"-")) | X36: =IF(AND($T36=1,$U36=0,N($N36)>0),$N36+ROW()/1000000,"") | Y36: =IF(AND($T36=1,$U36=0,OR($I36<>"",N($N36)>0)),N($N36)+ROW()/1000000,"") | Z36: =IF(AND($T36=1,$U36=0,$I36="",N($N36)<=0,-N($N36)<=HORIZON),N($N36)+ROW()/1000000,"")
A37: Commissioning Procedure | B37: Equipment | C37: SYS-TP | D37: TP-TSS-02 Traction Substation Alpha | E37: DMIC-SYS-TP-CPR-034 | F37: C. Vasquez | G37: L. Fontaine | H37: P1 - For Implementation | K37: =IF($A37="","",IF($J37<>"",$J37,$S37)) | L37: =IF(OR($A37="",$E37=""),"",IF($J37<>"","Manual",IF($S37="","-","Auto"))) | M37: 46245 | N37: =IF($T37=0,"",IF($U37=1,IF($M37="","",$M37-$K37),IF($K37="","",TODAY()-$K37))) | O37: =IF(OR($A37="",$E37=""),"",IF($V37=1,S_INACT,IF(ISNA(MATCH($A37,TYP_TYPE,0)),S_TYPEKO,IF($U37=1,S_DONE,IF(AND($K37="",$R37=""),S_NOSCOPE,IF($K37="",S_NOTARGET,IF($N37>0,S_LATE,IF($I37<>"",S_WIP,IF(-$N37<=FEN_DOC,S_RISK,IF(-$N37<=HORIZON,S_COMING,S_NOTYET)))))))))) | P37: =IF(OR($A37="",$E37=""),"",IF($V37=1,"",IF(ISNA(MATCH($A37,TYP_TYPE,0)),"Type not in the library",IF($B37="","Scope not set",IF(AND($B37="System",$C37=""),"System not set",IF(AND($B37="Equipment",$D37=""),"Equipment not set",IF($F37="","Responsible not set",IF($K37="","No target date",IF(AND($B37="Equipment",$C37<>"",IFERROR(INDEX(EQP_SYS,MATCH($D37,EQP_NOM,0)),"")<>$C37),"Equipment not in that system",IF(AND($U37=1,$M37=""),"Approved with no approval date","")))))))))) | R37: =IF(OR($A37="",$B37=""),"",IF($B37="Equipment",IFERROR(INDEX(EQP_START,MATCH($D37,EQP_NOM,0)),""),IF($B37="System",IFERROR(INDEX(SYS_EARLIEST,MATCH($C37,SYS_ID,0)),""),IF($B37="All",CTR_EARLIEST,"")))) | S37: =IF(OR($A37="",$E37=""),"",IFERROR(IF(INDEX(TYP_ANCHOR,MATCH($A37,TYP_TYPE,0))="Commissioning Start",IF($R37="","",$R37-INDEX(TYP_LEAD,MATCH($A37,TYP_TYPE,0))),IF(INDEX(MS_PLAN,MATCH(INDEX(TYP_ANCHOR,MATCH($A37,TYP_TYPE,0)),MS_NOM,0))="","",INDEX(MS_PLAN,MATCH(INDEX(TYP_ANCHOR,MATCH($A37,TYP_TYPE,0)),MS_NOM,0))-INDEX(TYP_LEAD,MATCH($A37,TYP_TYPE,0)))),"")) | T37: =IF(OR($A37="",$E37=""),0,IF($V37=1,0,1)) | U37: =IF($T37=0,0,IF($M37<>"",1,IF(IFERROR(INDEX(WF_CLASS,MATCH($H37,WF_CODE,0)),"")="Done",1,0))) | V37: =IF(OR($A37="",$E37=""),0,IF(IFERROR(INDEX(WF_CLASS,MATCH($H37,WF_CODE,0)),"")="Inactive",1,0)) | W37: =IF($A37="","",IFERROR(INDEX(TYP_PHASE,MATCH($A37,TYP_TYPE,0)),"-")) | X37: =IF(AND($T37=1,$U37=0,N($N37)>0),$N37+ROW()/1000000,"") | Y37: =IF(AND($T37=1,$U37=0,OR($I37<>"",N($N37)>0)),N($N37)+ROW()/1000000,"") | Z37: =IF(AND($T37=1,$U37=0,$I37="",N($N37)<=0,-N($N37)<=HORIZON),N($N37)+ROW()/1000000,"")
A38: Inspection and Test Plan | B38: Equipment | C38: SYS-TP | D38: TP-TSS-02 Traction Substation Alpha | E38: DMIC-SYS-TP-ITP-035 | F38: H. Lindqvist | G38: D. Petrov | H38: P6 - For Construction | K38: =IF($A38="","",IF($J38<>"",$J38,$S38)) | L38: =IF(OR($A38="",$E38=""),"",IF($J38<>"","Manual",IF($S38="","-","Auto"))) | M38: 46246 | N38: =IF($T38=0,"",IF($U38=1,IF($M38="","",$M38-$K38),IF($K38="","",TODAY()-$K38))) | O38: =IF(OR($A38="",$E38=""),"",IF($V38=1,S_INACT,IF(ISNA(MATCH($A38,TYP_TYPE,0)),S_TYPEKO,IF($U38=1,S_DONE,IF(AND($K38="",$R38=""),S_NOSCOPE,IF($K38="",S_NOTARGET,IF($N38>0,S_LATE,IF($I38<>"",S_WIP,IF(-$N38<=FEN_DOC,S_RISK,IF(-$N38<=HORIZON,S_COMING,S_NOTYET)))))))))) | P38: =IF(OR($A38="",$E38=""),"",IF($V38=1,"",IF(ISNA(MATCH($A38,TYP_TYPE,0)),"Type not in the library",IF($B38="","Scope not set",IF(AND($B38="System",$C38=""),"System not set",IF(AND($B38="Equipment",$D38=""),"Equipment not set",IF($F38="","Responsible not set",IF($K38="","No target date",IF(AND($B38="Equipment",$C38<>"",IFERROR(INDEX(EQP_SYS,MATCH($D38,EQP_NOM,0)),"")<>$C38),"Equipment not in that system",IF(AND($U38=1,$M38=""),"Approved with no approval date","")))))))))) | R38: =IF(OR($A38="",$B38=""),"",IF($B38="Equipment",IFERROR(INDEX(EQP_START,MATCH($D38,EQP_NOM,0)),""),IF($B38="System",IFERROR(INDEX(SYS_EARLIEST,MATCH($C38,SYS_ID,0)),""),IF($B38="All",CTR_EARLIEST,"")))) | S38: =IF(OR($A38="",$E38=""),"",IFERROR(IF(INDEX(TYP_ANCHOR,MATCH($A38,TYP_TYPE,0))="Commissioning Start",IF($R38="","",$R38-INDEX(TYP_LEAD,MATCH($A38,TYP_TYPE,0))),IF(INDEX(MS_PLAN,MATCH(INDEX(TYP_ANCHOR,MATCH($A38,TYP_TYPE,0)),MS_NOM,0))="","",INDEX(MS_PLAN,MATCH(INDEX(TYP_ANCHOR,MATCH($A38,TYP_TYPE,0)),MS_NOM,0))-INDEX(TYP_LEAD,MATCH($A38,TYP_TYPE,0)))),"")) | T38: =IF(OR($A38="",$E38=""),0,IF($V38=1,0,1)) | U38: =IF($T38=0,0,IF($M38<>"",1,IF(IFERROR(INDEX(WF_CLASS,MATCH($H38,WF_CODE,0)),"")="Done",1,0))) | V38: =IF(OR($A38="",$E38=""),0,IF(IFERROR(INDEX(WF_CLASS,MATCH($H38,WF_CODE,0)),"")="Inactive",1,0)) | W38: =IF($A38="","",IFERROR(INDEX(TYP_PHASE,MATCH($A38,TYP_TYPE,0)),"-")) | X38: =IF(AND($T38=1,$U38=0,N($N38)>0),$N38+ROW()/1000000,"") | Y38: =IF(AND($T38=1,$U38=0,OR($I38<>"",N($N38)>0)),N($N38)+ROW()/1000000,"") | Z38: =IF(AND($T38=1,$U38=0,$I38="",N($N38)<=0,-N($N38)<=HORIZON),N($N38)+ROW()/1000000,"")
A39: Planned End Of Erection Status Report | B39: Equipment | C39: SYS-TP | D39: TP-TSS-02 Traction Substation Alpha | E39: DMIC-SYS-TP-PER-036 | F39: A. Mercer | G39: J. Whitfield | H39: S4A - Approved | K39: =IF($A39="","",IF($J39<>"",$J39,$S39)) | L39: =IF(OR($A39="",$E39=""),"",IF($J39<>"","Manual",IF($S39="","-","Auto"))) | M39: 46258 | N39: =IF($T39=0,"",IF($U39=1,IF($M39="","",$M39-$K39),IF($K39="","",TODAY()-$K39))) | O39: =IF(OR($A39="",$E39=""),"",IF($V39=1,S_INACT,IF(ISNA(MATCH($A39,TYP_TYPE,0)),S_TYPEKO,IF($U39=1,S_DONE,IF(AND($K39="",$R39=""),S_NOSCOPE,IF($K39="",S_NOTARGET,IF($N39>0,S_LATE,IF($I39<>"",S_WIP,IF(-$N39<=FEN_DOC,S_RISK,IF(-$N39<=HORIZON,S_COMING,S_NOTYET)))))))))) | P39: =IF(OR($A39="",$E39=""),"",IF($V39=1,"",IF(ISNA(MATCH($A39,TYP_TYPE,0)),"Type not in the library",IF($B39="","Scope not set",IF(AND($B39="System",$C39=""),"System not set",IF(AND($B39="Equipment",$D39=""),"Equipment not set",IF($F39="","Responsible not set",IF($K39="","No target date",IF(AND($B39="Equipment",$C39<>"",IFERROR(INDEX(EQP_SYS,MATCH($D39,EQP_NOM,0)),"")<>$C39),"Equipment not in that system",IF(AND($U39=1,$M39=""),"Approved with no approval date","")))))))))) | R39: =IF(OR($A39="",$B39=""),"",IF($B39="Equipment",IFERROR(INDEX(EQP_START,MATCH($D39,EQP_NOM,0)),""),IF($B39="System",IFERROR(INDEX(SYS_EARLIEST,MATCH($C39,SYS_ID,0)),""),IF($B39="All",CTR_EARLIEST,"")))) | S39: =IF(OR($A39="",$E39=""),"",IFERROR(IF(INDEX(TYP_ANCHOR,MATCH($A39,TYP_TYPE,0))="Commissioning Start",IF($R39="","",$R39-INDEX(TYP_LEAD,MATCH($A39,TYP_TYPE,0))),IF(INDEX(MS_PLAN,MATCH(INDEX(TYP_ANCHOR,MATCH($A39,TYP_TYPE,0)),MS_NOM,0))="","",INDEX(MS_PLAN,MATCH(INDEX(TYP_ANCHOR,MATCH($A39,TYP_TYPE,0)),MS_NOM,0))-INDEX(TYP_LEAD,MATCH($A39,TYP_TYPE,0)))),"")) | T39: =IF(OR($A39="",$E39=""),0,IF($V39=1,0,1)) | U39: =IF($T39=0,0,IF($M39<>"",1,IF(IFERROR(INDEX(WF_CLASS,MATCH($H39,WF_CODE,0)),"")="Done",1,0))) | V39: =IF(OR($A39="",$E39=""),0,IF(IFERROR(INDEX(WF_CLASS,MATCH($H39,WF_CODE,0)),"")="Inactive",1,0)) | W39: =IF($A39="","",IFERROR(INDEX(TYP_PHASE,MATCH($A39,TYP_TYPE,0)),"-")) | X39: =IF(AND($T39=1,$U39=0,N($N39)>0),$N39+ROW()/1000000,"") | Y39: =IF(AND($T39=1,$U39=0,OR($I39<>"",N($N39)>0)),N($N39)+ROW()/1000000,"") | Z39: =IF(AND($T39=1,$U39=0,$I39="",N($N39)<=0,-N($N39)<=HORIZON),N($N39)+ROW()/1000000,"")
A40: Commissioning Procedure | B40: Equipment | C40: SYS-TP | D40: TP-TSS-03 Traction Substation Bravo | E40: DMIC-SYS-TP-CPR-037 | F40: S. Okonkwo | G40: P. Nakamura | H40: A2 - Superseded | K40: =IF($A40="","",IF($J40<>"",$J40,$S40)) | L40: =IF(OR($A40="",$E40=""),"",IF($J40<>"","Manual",IF($S40="","-","Auto"))) | M40: 46257 | N40: =IF($T40=0,"",IF($U40=1,IF($M40="","",$M40-$K40),IF($K40="","",TODAY()-$K40))) | O40: =IF(OR($A40="",$E40=""),"",IF($V40=1,S_INACT,IF(ISNA(MATCH($A40,TYP_TYPE,0)),S_TYPEKO,IF($U40=1,S_DONE,IF(AND($K40="",$R40=""),S_NOSCOPE,IF($K40="",S_NOTARGET,IF($N40>0,S_LATE,IF($I40<>"",S_WIP,IF(-$N40<=FEN_DOC,S_RISK,IF(-$N40<=HORIZON,S_COMING,S_NOTYET)))))))))) | P40: =IF(OR($A40="",$E40=""),"",IF($V40=1,"",IF(ISNA(MATCH($A40,TYP_TYPE,0)),"Type not in the library",IF($B40="","Scope not set",IF(AND($B40="System",$C40=""),"System not set",IF(AND($B40="Equipment",$D40=""),"Equipment not set",IF($F40="","Responsible not set",IF($K40="","No target date",IF(AND($B40="Equipment",$C40<>"",IFERROR(INDEX(EQP_SYS,MATCH($D40,EQP_NOM,0)),"")<>$C40),"Equipment not in that system",IF(AND($U40=1,$M40=""),"Approved with no approval date","")))))))))) | R40: =IF(OR($A40="",$B40=""),"",IF($B40="Equipment",IFERROR(INDEX(EQP_START,MATCH($D40,EQP_NOM,0)),""),IF($B40="System",IFERROR(INDEX(SYS_EARLIEST,MATCH($C40,SYS_ID,0)),""),IF($B40="All",CTR_EARLIEST,"")))) | S40: =IF(OR($A40="",$E40=""),"",IFERROR(IF(INDEX(TYP_ANCHOR,MATCH($A40,TYP_TYPE,0))="Commissioning Start",IF($R40="","",$R40-INDEX(TYP_LEAD,MATCH($A40,TYP_TYPE,0))),IF(INDEX(MS_PLAN,MATCH(INDEX(TYP_ANCHOR,MATCH($A40,TYP_TYPE,0)),MS_NOM,0))="","",INDEX(MS_PLAN,MATCH(INDEX(TYP_ANCHOR,MATCH($A40,TYP_TYPE,0)),MS_NOM,0))-INDEX(TYP_LEAD,MATCH($A40,TYP_TYPE,0)))),"")) | T40: =IF(OR($A40="",$E40=""),0,IF($V40=1,0,1)) | U40: =IF($T40=0,0,IF($M40<>"",1,IF(IFERROR(INDEX(WF_CLASS,MATCH($H40,WF_CODE,0)),"")="Done",1,0))) | V40: =IF(OR($A40="",$E40=""),0,IF(IFERROR(INDEX(WF_CLASS,MATCH($H40,WF_CODE,0)),"")="Inactive",1,0)) | W40: =IF($A40="","",IFERROR(INDEX(TYP_PHASE,MATCH($A40,TYP_TYPE,0)),"-")) | X40: =IF(AND($T40=1,$U40=0,N($N40)>0),$N40+ROW()/1000000,"") | Y40: =IF(AND($T40=1,$U40=0,OR($I40<>"",N($N40)>0)),N($N40)+ROW()/1000000,"") | Z40: =IF(AND($T40=1,$U40=0,$I40="",N($N40)<=0,-N($N40)<=HORIZON),N($N40)+ROW()/1000000,"")
A41: Inspection and Test Plan | B41: Equipment | C41: SYS-TP | D41: TP-TSS-03 Traction Substation Bravo | E41: DMIC-SYS-TP-ITP-038 | F41: L. Fontaine | G41: K. Rasmussen | H41: S4B - Comments | I41: 46206 | K41: =IF($A41="","",IF($J41<>"",$J41,$S41)) | L41: =IF(OR($A41="",$E41=""),"",IF($J41<>"","Manual",IF($S41="","-","Auto"))) | N41: =IF($T41=0,"",IF($U41=1,IF($M41="","",$M41-$K41),IF($K41="","",TODAY()-$K41))) | O41: =IF(OR($A41="",$E41=""),"",IF($V41=1,S_INACT,IF(ISNA(MATCH($A41,TYP_TYPE,0)),S_TYPEKO,IF($U41=1,S_DONE,IF(AND($K41="",$R41=""),S_NOSCOPE,IF($K41="",S_NOTARGET,IF($N41>0,S_LATE,IF($I41<>"",S_WIP,IF(-$N41<=FEN_DOC,S_RISK,IF(-$N41<=HORIZON,S_COMING,S_NOTYET)))))))))) | P41: =IF(OR($A41="",$E41=""),"",IF($V41=1,"",IF(ISNA(MATCH($A41,TYP_TYPE,0)),"Type not in the library",IF($B41="","Scope not set",IF(AND($B41="System",$C41=""),"System not set",IF(AND($B41="Equipment",$D41=""),"Equipment not set",IF($F41="","Responsible not set",IF($K41="","No target date",IF(AND($B41="Equipment",$C41<>"",IFERROR(INDEX(EQP_SYS,MATCH($D41,EQP_NOM,0)),"")<>$C41),"Equipment not in that system",IF(AND($U41=1,$M41=""),"Approved with no approval date","")))))))))) | R41: =IF(OR($A41="",$B41=""),"",IF($B41="Equipment",IFERROR(INDEX(EQP_START,MATCH($D41,EQP_NOM,0)),""),IF($B41="System",IFERROR(INDEX(SYS_EARLIEST,MATCH($C41,SYS_ID,0)),""),IF($B41="All",CTR_EARLIEST,"")))) | S41: =IF(OR($A41="",$E41=""),"",IFERROR(IF(INDEX(TYP_ANCHOR,MATCH($A41,TYP_TYPE,0))="Commissioning Start",IF($R41="","",$R41-INDEX(TYP_LEAD,MATCH($A41,TYP_TYPE,0))),IF(INDEX(MS_PLAN,MATCH(INDEX(TYP_ANCHOR,MATCH($A41,TYP_TYPE,0)),MS_NOM,0))="","",INDEX(MS_PLAN,MATCH(INDEX(TYP_ANCHOR,MATCH($A41,TYP_TYPE,0)),MS_NOM,0))-INDEX(TYP_LEAD,MATCH($A41,TYP_TYPE,0)))),"")) | T41: =IF(OR($A41="",$E41=""),0,IF($V41=1,0,1)) | U41: =IF($T41=0,0,IF($M41<>"",1,IF(IFERROR(INDEX(WF_CLASS,MATCH($H41,WF_CODE,0)),"")="Done",1,0))) | V41: =IF(OR($A41="",$E41=""),0,IF(IFERROR(INDEX(WF_CLASS,MATCH($H41,WF_CODE,0)),"")="Inactive",1,0)) | W41: =IF($A41="","",IFERROR(INDEX(TYP_PHASE,MATCH($A41,TYP_TYPE,0)),"-")) | X41: =IF(AND($T41=1,$U41=0,N($N41)>0),$N41+ROW()/1000000,"") | Y41: =IF(AND($T41=1,$U41=0,OR($I41<>"",N($N41)>0)),N($N41)+ROW()/1000000,"") | Z41: =IF(AND($T41=1,$U41=0,$I41="",N($N41)<=0,-N($N41)<=HORIZON),N($N41)+ROW()/1000000,"")
A42: Planned End Of Erection Status Report | B42: Equipment | C42: SYS-TP | D42: TP-TSS-03 Traction Substation Bravo | E42: DMIC-SYS-TP-PER-039 | F42: D. Petrov | G42: R. Bellamy | H42: S4A - Approved | K42: =IF($A42="","",IF($J42<>"",$J42,$S42)) | L42: =IF(OR($A42="",$E42=""),"",IF($J42<>"","Manual",IF($S42="","-","Auto"))) | M42: 46255 | N42: =IF($T42=0,"",IF($U42=1,IF($M42="","",$M42-$K42),IF($K42="","",TODAY()-$K42))) | O42: =IF(OR($A42="",$E42=""),"",IF($V42=1,S_INACT,IF(ISNA(MATCH($A42,TYP_TYPE,0)),S_TYPEKO,IF($U42=1,S_DONE,IF(AND($K42="",$R42=""),S_NOSCOPE,IF($K42="",S_NOTARGET,IF($N42>0,S_LATE,IF($I42<>"",S_WIP,IF(-$N42<=FEN_DOC,S_RISK,IF(-$N42<=HORIZON,S_COMING,S_NOTYET)))))))))) | P42: =IF(OR($A42="",$E42=""),"",IF($V42=1,"",IF(ISNA(MATCH($A42,TYP_TYPE,0)),"Type not in the library",IF($B42="","Scope not set",IF(AND($B42="System",$C42=""),"System not set",IF(AND($B42="Equipment",$D42=""),"Equipment not set",IF($F42="","Responsible not set",IF($K42="","No target date",IF(AND($B42="Equipment",$C42<>"",IFERROR(INDEX(EQP_SYS,MATCH($D42,EQP_NOM,0)),"")<>$C42),"Equipment not in that system",IF(AND($U42=1,$M42=""),"Approved with no approval date","")))))))))) | R42: =IF(OR($A42="",$B42=""),"",IF($B42="Equipment",IFERROR(INDEX(EQP_START,MATCH($D42,EQP_NOM,0)),""),IF($B42="System",IFERROR(INDEX(SYS_EARLIEST,MATCH($C42,SYS_ID,0)),""),IF($B42="All",CTR_EARLIEST,"")))) | S42: =IF(OR($A42="",$E42=""),"",IFERROR(IF(INDEX(TYP_ANCHOR,MATCH($A42,TYP_TYPE,0))="Commissioning Start",IF($R42="","",$R42-INDEX(TYP_LEAD,MATCH($A42,TYP_TYPE,0))),IF(INDEX(MS_PLAN,MATCH(INDEX(TYP_ANCHOR,MATCH($A42,TYP_TYPE,0)),MS_NOM,0))="","",INDEX(MS_PLAN,MATCH(INDEX(TYP_ANCHOR,MATCH($A42,TYP_TYPE,0)),MS_NOM,0))-INDEX(TYP_LEAD,MATCH($A42,TYP_TYPE,0)))),"")) | T42: =IF(OR($A42="",$E42=""),0,IF($V42=1,0,1)) | U42: =IF($T42=0,0,IF($M42<>"",1,IF(IFERROR(INDEX(WF_CLASS,MATCH($H42,WF_CODE,0)),"")="Done",1,0))) | V42: =IF(OR($A42="",$E42=""),0,IF(IFERROR(INDEX(WF_CLASS,MATCH($H42,WF_CODE,0)),"")="Inactive",1,0)) | W42: =IF($A42="","",IFERROR(INDEX(TYP_PHASE,MATCH($A42,TYP_TYPE,0)),"-")) | X42: =IF(AND($T42=1,$U42=0,N($N42)>0),$N42+ROW()/1000000,"") | Y42: =IF(AND($T42=1,$U42=0,OR($I42<>"",N($N42)>0)),N($N42)+ROW()/1000000,"") | Z42: =IF(AND($T42=1,$U42=0,$I42="",N($N42)<=0,-N($N42)<=HORIZON),N($N42)+ROW()/1000000,"")
A43: Commissioning Procedure | B43: Equipment | C43: SYS-TP | D43: TP-OHL-04 Overhead Line Section A | E43: DMIC-SYS-TP-CPR-040 | F43: J. Whitfield | G43: N. Bergstrom | H43: P1 - For Implementation | K43: =IF($A43="","",IF($J43<>"",$J43,$S43)) | L43: =IF(OR($A43="",$E43=""),"",IF($J43<>"","Manual",IF($S43="","-","Auto"))) | M43: 46254 | N43: =IF($T43=0,"",IF($U43=1,IF($M43="","",$M43-$K43),IF($K43="","",TODAY()-$K43))) | O43: =IF(OR($A43="",$E43=""),"",IF($V43=1,S_INACT,IF(ISNA(MATCH($A43,TYP_TYPE,0)),S_TYPEKO,IF($U43=1,S_DONE,IF(AND($K43="",$R43=""),S_NOSCOPE,IF($K43="",S_NOTARGET,IF($N43>0,S_LATE,IF($I43<>"",S_WIP,IF(-$N43<=FEN_DOC,S_RISK,IF(-$N43<=HORIZON,S_COMING,S_NOTYET)))))))))) | P43: =IF(OR($A43="",$E43=""),"",IF($V43=1,"",IF(ISNA(MATCH($A43,TYP_TYPE,0)),"Type not in the library",IF($B43="","Scope not set",IF(AND($B43="System",$C43=""),"System not set",IF(AND($B43="Equipment",$D43=""),"Equipment not set",IF($F43="","Responsible not set",IF($K43="","No target date",IF(AND($B43="Equipment",$C43<>"",IFERROR(INDEX(EQP_SYS,MATCH($D43,EQP_NOM,0)),"")<>$C43),"Equipment not in that system",IF(AND($U43=1,$M43=""),"Approved with no approval date","")))))))))) | R43: =IF(OR($A43="",$B43=""),"",IF($B43="Equipment",IFERROR(INDEX(EQP_START,MATCH($D43,EQP_NOM,0)),""),IF($B43="System",IFERROR(INDEX(SYS_EARLIEST,MATCH($C43,SYS_ID,0)),""),IF($B43="All",CTR_EARLIEST,"")))) | S43: =IF(OR($A43="",$E43=""),"",IFERROR(IF(INDEX(TYP_ANCHOR,MATCH($A43,TYP_TYPE,0))="Commissioning Start",IF($R43="","",$R43-INDEX(TYP_LEAD,MATCH($A43,TYP_TYPE,0))),IF(INDEX(MS_PLAN,MATCH(INDEX(TYP_ANCHOR,MATCH($A43,TYP_TYPE,0)),MS_NOM,0))="","",INDEX(MS_PLAN,MATCH(INDEX(TYP_ANCHOR,MATCH($A43,TYP_TYPE,0)),MS_NOM,0))-INDEX(TYP_LEAD,MATCH($A43,TYP_TYPE,0)))),"")) | T43: =IF(OR($A43="",$E43=""),0,IF($V43=1,0,1)) | U43: =IF($T43=0,0,IF($M43<>"",1,IF(IFERROR(INDEX(WF_CLASS,MATCH($H43,WF_CODE,0)),"")="Done",1,0))) | V43: =IF(OR($A43="",$E43=""),0,IF(IFERROR(INDEX(WF_CLASS,MATCH($H43,WF_CODE,0)),"")="Inactive",1,0)) | W43: =IF($A43="","",IFERROR(INDEX(TYP_PHASE,MATCH($A43,TYP_TYPE,0)),"-")) | X43: =IF(AND($T43=1,$U43=0,N($N43)>0),$N43+ROW()/1000000,"") | Y43: =IF(AND($T43=1,$U43=0,OR($I43<>"",N($N43)>0)),N($N43)+ROW()/1000000,"") | Z43: =IF(AND($T43=1,$U43=0,$I43="",N($N43)<=0,-N($N43)<=HORIZON),N($N43)+ROW()/1000000,"")
A44: Inspection and Test Plan | B44: Equipment | C44: SYS-TP | D44: TP-OHL-04 Overhead Line Section A | E44: DMIC-SYS-TP-ITP-041 | F44: P. Nakamura | G44: M. Haddad | H44: P6 - For Construction | K44: =IF($A44="","",IF($J44<>"",$J44,$S44)) | L44: =IF(OR($A44="",$E44=""),"",IF($J44<>"","Manual",IF($S44="","-","Auto"))) | M44: 46253 | N44: =IF($T44=0,"",IF($U44=1,IF($M44="","",$M44-$K44),IF($K44="","",TODAY()-$K44))) | O44: =IF(OR($A44="",$E44=""),"",IF($V44=1,S_INACT,IF(ISNA(MATCH($A44,TYP_TYPE,0)),S_TYPEKO,IF($U44=1,S_DONE,IF(AND($K44="",$R44=""),S_NOSCOPE,IF($K44="",S_NOTARGET,IF($N44>0,S_LATE,IF($I44<>"",S_WIP,IF(-$N44<=FEN_DOC,S_RISK,IF(-$N44<=HORIZON,S_COMING,S_NOTYET)))))))))) | P44: =IF(OR($A44="",$E44=""),"",IF($V44=1,"",IF(ISNA(MATCH($A44,TYP_TYPE,0)),"Type not in the library",IF($B44="","Scope not set",IF(AND($B44="System",$C44=""),"System not set",IF(AND($B44="Equipment",$D44=""),"Equipment not set",IF($F44="","Responsible not set",IF($K44="","No target date",IF(AND($B44="Equipment",$C44<>"",IFERROR(INDEX(EQP_SYS,MATCH($D44,EQP_NOM,0)),"")<>$C44),"Equipment not in that system",IF(AND($U44=1,$M44=""),"Approved with no approval date","")))))))))) | R44: =IF(OR($A44="",$B44=""),"",IF($B44="Equipment",IFERROR(INDEX(EQP_START,MATCH($D44,EQP_NOM,0)),""),IF($B44="System",IFERROR(INDEX(SYS_EARLIEST,MATCH($C44,SYS_ID,0)),""),IF($B44="All",CTR_EARLIEST,"")))) | S44: =IF(OR($A44="",$E44=""),"",IFERROR(IF(INDEX(TYP_ANCHOR,MATCH($A44,TYP_TYPE,0))="Commissioning Start",IF($R44="","",$R44-INDEX(TYP_LEAD,MATCH($A44,TYP_TYPE,0))),IF(INDEX(MS_PLAN,MATCH(INDEX(TYP_ANCHOR,MATCH($A44,TYP_TYPE,0)),MS_NOM,0))="","",INDEX(MS_PLAN,MATCH(INDEX(TYP_ANCHOR,MATCH($A44,TYP_TYPE,0)),MS_NOM,0))-INDEX(TYP_LEAD,MATCH($A44,TYP_TYPE,0)))),"")) | T44: =IF(OR($A44="",$E44=""),0,IF($V44=1,0,1)) | U44: =IF($T44=0,0,IF($M44<>"",1,IF(IFERROR(INDEX(WF_CLASS,MATCH($H44,WF_CODE,0)),"")="Done",1,0))) | V44: =IF(OR($A44="",$E44=""),0,IF(IFERROR(INDEX(WF_CLASS,MATCH($H44,WF_CODE,0)),"")="Inactive",1,0)) | W44: =IF($A44="","",IFERROR(INDEX(TYP_PHASE,MATCH($A44,TYP_TYPE,0)),"-")) | X44: =IF(AND($T44=1,$U44=0,N($N44)>0),$N44+ROW()/1000000,"") | Y44: =IF(AND($T44=1,$U44=0,OR($I44<>"",N($N44)>0)),N($N44)+ROW()/1000000,"") | Z44: =IF(AND($T44=1,$U44=0,$I44="",N($N44)<=0,-N($N44)<=HORIZON),N($N44)+ROW()/1000000,"")
A45: Planned End Of Erection Status Report | B45: Equipment | C45: SYS-TP | D45: TP-OHL-04 Overhead Line Section A | E45: DMIC-SYS-TP-PER-042 | F45: K. Rasmussen | G45: C. Vasquez | H45: S4A - Approved | K45: =IF($A45="","",IF($J45<>"",$J45,$S45)) | L45: =IF(OR($A45="",$E45=""),"",IF($J45<>"","Manual",IF($S45="","-","Auto"))) | M45: 46259 | N45: =IF($T45=0,"",IF($U45=1,IF($M45="","",$M45-$K45),IF($K45="","",TODAY()-$K45))) | O45: =IF(OR($A45="",$E45=""),"",IF($V45=1,S_INACT,IF(ISNA(MATCH($A45,TYP_TYPE,0)),S_TYPEKO,IF($U45=1,S_DONE,IF(AND($K45="",$R45=""),S_NOSCOPE,IF($K45="",S_NOTARGET,IF($N45>0,S_LATE,IF($I45<>"",S_WIP,IF(-$N45<=FEN_DOC,S_RISK,IF(-$N45<=HORIZON,S_COMING,S_NOTYET)))))))))) | P45: =IF(OR($A45="",$E45=""),"",IF($V45=1,"",IF(ISNA(MATCH($A45,TYP_TYPE,0)),"Type not in the library",IF($B45="","Scope not set",IF(AND($B45="System",$C45=""),"System not set",IF(AND($B45="Equipment",$D45=""),"Equipment not set",IF($F45="","Responsible not set",IF($K45="","No target date",IF(AND($B45="Equipment",$C45<>"",IFERROR(INDEX(EQP_SYS,MATCH($D45,EQP_NOM,0)),"")<>$C45),"Equipment not in that system",IF(AND($U45=1,$M45=""),"Approved with no approval date","")))))))))) | R45: =IF(OR($A45="",$B45=""),"",IF($B45="Equipment",IFERROR(INDEX(EQP_START,MATCH($D45,EQP_NOM,0)),""),IF($B45="System",IFERROR(INDEX(SYS_EARLIEST,MATCH($C45,SYS_ID,0)),""),IF($B45="All",CTR_EARLIEST,"")))) | S45: =IF(OR($A45="",$E45=""),"",IFERROR(IF(INDEX(TYP_ANCHOR,MATCH($A45,TYP_TYPE,0))="Commissioning Start",IF($R45="","",$R45-INDEX(TYP_LEAD,MATCH($A45,TYP_TYPE,0))),IF(INDEX(MS_PLAN,MATCH(INDEX(TYP_ANCHOR,MATCH($A45,TYP_TYPE,0)),MS_NOM,0))="","",INDEX(MS_PLAN,MATCH(INDEX(TYP_ANCHOR,MATCH($A45,TYP_TYPE,0)),MS_NOM,0))-INDEX(TYP_LEAD,MATCH($A45,TYP_TYPE,0)))),"")) | T45: =IF(OR($A45="",$E45=""),0,IF($V45=1,0,1)) | U45: =IF($T45=0,0,IF($M45<>"",1,IF(IFERROR(INDEX(WF_CLASS,MATCH($H45,WF_CODE,0)),"")="Done",1,0))) | V45: =IF(OR($A45="",$E45=""),0,IF(IFERROR(INDEX(WF_CLASS,MATCH($H45,WF_CODE,0)),"")="Inactive",1,0)) | W45: =IF($A45="","",IFERROR(INDEX(TYP_PHASE,MATCH($A45,TYP_TYPE,0)),"-")) | X45: =IF(AND($T45=1,$U45=0,N($N45)>0),$N45+ROW()/1000000,"") | Y45: =IF(AND($T45=1,$U45=0,OR($I45<>"",N($N45)>0)),N($N45)+ROW()/1000000,"") | Z45: =IF(AND($T45=1,$U45=0,$I45="",N($N45)<=0,-N($N45)<=HORIZON),N($N45)+ROW()/1000000,"")
A46: Commissioning Procedure | B46: Equipment | C46: SYS-SG | D46: SG-IXL-01 Interlocking Cabinet North | E46: DMIC-SYS-SG-CPR-043 | F46: R. Bellamy | G46: H. Lindqvist | H46: P1 - For Implementation | K46: =IF($A46="","",IF($J46<>"",$J46,$S46)) | L46: =IF(OR($A46="",$E46=""),"",IF($J46<>"","Manual",IF($S46="","-","Auto"))) | M46: 46258 | N46: =IF($T46=0,"",IF($U46=1,IF($M46="","",$M46-$K46),IF($K46="","",TODAY()-$K46))) | O46: =IF(OR($A46="",$E46=""),"",IF($V46=1,S_INACT,IF(ISNA(MATCH($A46,TYP_TYPE,0)),S_TYPEKO,IF($U46=1,S_DONE,IF(AND($K46="",$R46=""),S_NOSCOPE,IF($K46="",S_NOTARGET,IF($N46>0,S_LATE,IF($I46<>"",S_WIP,IF(-$N46<=FEN_DOC,S_RISK,IF(-$N46<=HORIZON,S_COMING,S_NOTYET)))))))))) | P46: =IF(OR($A46="",$E46=""),"",IF($V46=1,"",IF(ISNA(MATCH($A46,TYP_TYPE,0)),"Type not in the library",IF($B46="","Scope not set",IF(AND($B46="System",$C46=""),"System not set",IF(AND($B46="Equipment",$D46=""),"Equipment not set",IF($F46="","Responsible not set",IF($K46="","No target date",IF(AND($B46="Equipment",$C46<>"",IFERROR(INDEX(EQP_SYS,MATCH($D46,EQP_NOM,0)),"")<>$C46),"Equipment not in that system",IF(AND($U46=1,$M46=""),"Approved with no approval date","")))))))))) | R46: =IF(OR($A46="",$B46=""),"",IF($B46="Equipment",IFERROR(INDEX(EQP_START,MATCH($D46,EQP_NOM,0)),""),IF($B46="System",IFERROR(INDEX(SYS_EARLIEST,MATCH($C46,SYS_ID,0)),""),IF($B46="All",CTR_EARLIEST,"")))) | S46: =IF(OR($A46="",$E46=""),"",IFERROR(IF(INDEX(TYP_ANCHOR,MATCH($A46,TYP_TYPE,0))="Commissioning Start",IF($R46="","",$R46-INDEX(TYP_LEAD,MATCH($A46,TYP_TYPE,0))),IF(INDEX(MS_PLAN,MATCH(INDEX(TYP_ANCHOR,MATCH($A46,TYP_TYPE,0)),MS_NOM,0))="","",INDEX(MS_PLAN,MATCH(INDEX(TYP_ANCHOR,MATCH($A46,TYP_TYPE,0)),MS_NOM,0))-INDEX(TYP_LEAD,MATCH($A46,TYP_TYPE,0)))),"")) | T46: =IF(OR($A46="",$E46=""),0,IF($V46=1,0,1)) | U46: =IF($T46=0,0,IF($M46<>"",1,IF(IFERROR(INDEX(WF_CLASS,MATCH($H46,WF_CODE,0)),"")="Done",1,0))) | V46: =IF(OR($A46="",$E46=""),0,IF(IFERROR(INDEX(WF_CLASS,MATCH($H46,WF_CODE,0)),"")="Inactive",1,0)) | W46: =IF($A46="","",IFERROR(INDEX(TYP_PHASE,MATCH($A46,TYP_TYPE,0)),"-")) | X46: =IF(AND($T46=1,$U46=0,N($N46)>0),$N46+ROW()/1000000,"") | Y46: =IF(AND($T46=1,$U46=0,OR($I46<>"",N($N46)>0)),N($N46)+ROW()/1000000,"") | Z46: =IF(AND($T46=1,$U46=0,$I46="",N($N46)<=0,-N($N46)<=HORIZON),N($N46)+ROW()/1000000,"")
A47: Inspection and Test Plan | B47: Equipment | C47: SYS-SG | D47: SG-IXL-01 Interlocking Cabinet North | E47: DMIC-SYS-SG-ITP-044 | F47: N. Bergstrom | G47: A. Mercer | H47: P6 - For Construction | K47: =IF($A47="","",IF($J47<>"",$J47,$S47)) | L47: =IF(OR($A47="",$E47=""),"",IF($J47<>"","Manual",IF($S47="","-","Auto"))) | M47: 46257 | N47: =IF($T47=0,"",IF($U47=1,IF($M47="","",$M47-$K47),IF($K47="","",TODAY()-$K47))) | O47: =IF(OR($A47="",$E47=""),"",IF($V47=1,S_INACT,IF(ISNA(MATCH($A47,TYP_TYPE,0)),S_TYPEKO,IF($U47=1,S_DONE,IF(AND($K47="",$R47=""),S_NOSCOPE,IF($K47="",S_NOTARGET,IF($N47>0,S_LATE,IF($I47<>"",S_WIP,IF(-$N47<=FEN_DOC,S_RISK,IF(-$N47<=HORIZON,S_COMING,S_NOTYET)))))))))) | P47: =IF(OR($A47="",$E47=""),"",IF($V47=1,"",IF(ISNA(MATCH($A47,TYP_TYPE,0)),"Type not in the library",IF($B47="","Scope not set",IF(AND($B47="System",$C47=""),"System not set",IF(AND($B47="Equipment",$D47=""),"Equipment not set",IF($F47="","Responsible not set",IF($K47="","No target date",IF(AND($B47="Equipment",$C47<>"",IFERROR(INDEX(EQP_SYS,MATCH($D47,EQP_NOM,0)),"")<>$C47),"Equipment not in that system",IF(AND($U47=1,$M47=""),"Approved with no approval date","")))))))))) | R47: =IF(OR($A47="",$B47=""),"",IF($B47="Equipment",IFERROR(INDEX(EQP_START,MATCH($D47,EQP_NOM,0)),""),IF($B47="System",IFERROR(INDEX(SYS_EARLIEST,MATCH($C47,SYS_ID,0)),""),IF($B47="All",CTR_EARLIEST,"")))) | S47: =IF(OR($A47="",$E47=""),"",IFERROR(IF(INDEX(TYP_ANCHOR,MATCH($A47,TYP_TYPE,0))="Commissioning Start",IF($R47="","",$R47-INDEX(TYP_LEAD,MATCH($A47,TYP_TYPE,0))),IF(INDEX(MS_PLAN,MATCH(INDEX(TYP_ANCHOR,MATCH($A47,TYP_TYPE,0)),MS_NOM,0))="","",INDEX(MS_PLAN,MATCH(INDEX(TYP_ANCHOR,MATCH($A47,TYP_TYPE,0)),MS_NOM,0))-INDEX(TYP_LEAD,MATCH($A47,TYP_TYPE,0)))),"")) | T47: =IF(OR($A47="",$E47=""),0,IF($V47=1,0,1)) | U47: =IF($T47=0,0,IF($M47<>"",1,IF(IFERROR(INDEX(WF_CLASS,MATCH($H47,WF_CODE,0)),"")="Done",1,0))) | V47: =IF(OR($A47="",$E47=""),0,IF(IFERROR(INDEX(WF_CLASS,MATCH($H47,WF_CODE,0)),"")="Inactive",1,0)) | W47: =IF($A47="","",IFERROR(INDEX(TYP_PHASE,MATCH($A47,TYP_TYPE,0)),"-")) | X47: =IF(AND($T47=1,$U47=0,N($N47)>0),$N47+ROW()/1000000,"") | Y47: =IF(AND($T47=1,$U47=0,OR($I47<>"",N($N47)>0)),N($N47)+ROW()/1000000,"") | Z47: =IF(AND($T47=1,$U47=0,$I47="",N($N47)<=0,-N($N47)<=HORIZON),N($N47)+ROW()/1000000,"")
A48: Planned End Of Erection Status Report | B48: Equipment | C48: SYS-SG | D48: SG-IXL-01 Interlocking Cabinet North | E48: DMIC-SYS-SG-PER-045 | F48: M. Haddad | G48: S. Okonkwo | H48: S3 - For Review | K48: =IF($A48="","",IF($J48<>"",$J48,$S48)) | L48: =IF(OR($A48="",$E48=""),"",IF($J48<>"","Manual",IF($S48="","-","Auto"))) | N48: =IF($T48=0,"",IF($U48=1,IF($M48="","",$M48-$K48),IF($K48="","",TODAY()-$K48))) | O48: =IF(OR($A48="",$E48=""),"",IF($V48=1,S_INACT,IF(ISNA(MATCH($A48,TYP_TYPE,0)),S_TYPEKO,IF($U48=1,S_DONE,IF(AND($K48="",$R48=""),S_NOSCOPE,IF($K48="",S_NOTARGET,IF($N48>0,S_LATE,IF($I48<>"",S_WIP,IF(-$N48<=FEN_DOC,S_RISK,IF(-$N48<=HORIZON,S_COMING,S_NOTYET)))))))))) | P48: =IF(OR($A48="",$E48=""),"",IF($V48=1,"",IF(ISNA(MATCH($A48,TYP_TYPE,0)),"Type not in the library",IF($B48="","Scope not set",IF(AND($B48="System",$C48=""),"System not set",IF(AND($B48="Equipment",$D48=""),"Equipment not set",IF($F48="","Responsible not set",IF($K48="","No target date",IF(AND($B48="Equipment",$C48<>"",IFERROR(INDEX(EQP_SYS,MATCH($D48,EQP_NOM,0)),"")<>$C48),"Equipment not in that system",IF(AND($U48=1,$M48=""),"Approved with no approval date","")))))))))) | R48: =IF(OR($A48="",$B48=""),"",IF($B48="Equipment",IFERROR(INDEX(EQP_START,MATCH($D48,EQP_NOM,0)),""),IF($B48="System",IFERROR(INDEX(SYS_EARLIEST,MATCH($C48,SYS_ID,0)),""),IF($B48="All",CTR_EARLIEST,"")))) | S48: =IF(OR($A48="",$E48=""),"",IFERROR(IF(INDEX(TYP_ANCHOR,MATCH($A48,TYP_TYPE,0))="Commissioning Start",IF($R48="","",$R48-INDEX(TYP_LEAD,MATCH($A48,TYP_TYPE,0))),IF(INDEX(MS_PLAN,MATCH(INDEX(TYP_ANCHOR,MATCH($A48,TYP_TYPE,0)),MS_NOM,0))="","",INDEX(MS_PLAN,MATCH(INDEX(TYP_ANCHOR,MATCH($A48,TYP_TYPE,0)),MS_NOM,0))-INDEX(TYP_LEAD,MATCH($A48,TYP_TYPE,0)))),"")) | T48: =IF(OR($A48="",$E48=""),0,IF($V48=1,0,1)) | U48: =IF($T48=0,0,IF($M48<>"",1,IF(IFERROR(INDEX(WF_CLASS,MATCH($H48,WF_CODE,0)),"")="Done",1,0))) | V48: =IF(OR($A48="",$E48=""),0,IF(IFERROR(INDEX(WF_CLASS,MATCH($H48,WF_CODE,0)),"")="Inactive",1,0)) | W48: =IF($A48="","",IFERROR(INDEX(TYP_PHASE,MATCH($A48,TYP_TYPE,0)),"-")) | X48: =IF(AND($T48=1,$U48=0,N($N48)>0),$N48+ROW()/1000000,"") | Y48: =IF(AND($T48=1,$U48=0,OR($I48<>"",N($N48)>0)),N($N48)+ROW()/1000000,"") | Z48: =IF(AND($T48=1,$U48=0,$I48="",N($N48)<=0,-N($N48)<=HORIZON),N($N48)+ROW()/1000000,"")
A49: Commissioning Procedure | B49: Equipment | C49: SYS-SG | D49: SG-IXL-02 Interlocking Cabinet South | E49: DMIC-SYS-SG-CPR-046 | F49: C. Vasquez | G49: L. Fontaine | H49: P1 - For Implementation | K49: =IF($A49="","",IF($J49<>"",$J49,$S49)) | L49: =IF(OR($A49="",$E49=""),"",IF($J49<>"","Manual",IF($S49="","-","Auto"))) | M49: 46255 | N49: =IF($T49=0,"",IF($U49=1,IF($M49="","",$M49-$K49),IF($K49="","",TODAY()-$K49))) | O49: =IF(OR($A49="",$E49=""),"",IF($V49=1,S_INACT,IF(ISNA(MATCH($A49,TYP_TYPE,0)),S_TYPEKO,IF($U49=1,S_DONE,IF(AND($K49="",$R49=""),S_NOSCOPE,IF($K49="",S_NOTARGET,IF($N49>0,S_LATE,IF($I49<>"",S_WIP,IF(-$N49<=FEN_DOC,S_RISK,IF(-$N49<=HORIZON,S_COMING,S_NOTYET)))))))))) | P49: =IF(OR($A49="",$E49=""),"",IF($V49=1,"",IF(ISNA(MATCH($A49,TYP_TYPE,0)),"Type not in the library",IF($B49="","Scope not set",IF(AND($B49="System",$C49=""),"System not set",IF(AND($B49="Equipment",$D49=""),"Equipment not set",IF($F49="","Responsible not set",IF($K49="","No target date",IF(AND($B49="Equipment",$C49<>"",IFERROR(INDEX(EQP_SYS,MATCH($D49,EQP_NOM,0)),"")<>$C49),"Equipment not in that system",IF(AND($U49=1,$M49=""),"Approved with no approval date","")))))))))) | R49: =IF(OR($A49="",$B49=""),"",IF($B49="Equipment",IFERROR(INDEX(EQP_START,MATCH($D49,EQP_NOM,0)),""),IF($B49="System",IFERROR(INDEX(SYS_EARLIEST,MATCH($C49,SYS_ID,0)),""),IF($B49="All",CTR_EARLIEST,"")))) | S49: =IF(OR($A49="",$E49=""),"",IFERROR(IF(INDEX(TYP_ANCHOR,MATCH($A49,TYP_TYPE,0))="Commissioning Start",IF($R49="","",$R49-INDEX(TYP_LEAD,MATCH($A49,TYP_TYPE,0))),IF(INDEX(MS_PLAN,MATCH(INDEX(TYP_ANCHOR,MATCH($A49,TYP_TYPE,0)),MS_NOM,0))="","",INDEX(MS_PLAN,MATCH(INDEX(TYP_ANCHOR,MATCH($A49,TYP_TYPE,0)),MS_NOM,0))-INDEX(TYP_LEAD,MATCH($A49,TYP_TYPE,0)))),"")) | T49: =IF(OR($A49="",$E49=""),0,IF($V49=1,0,1)) | U49: =IF($T49=0,0,IF($M49<>"",1,IF(IFERROR(INDEX(WF_CLASS,MATCH($H49,WF_CODE,0)),"")="Done",1,0))) | V49: =IF(OR($A49="",$E49=""),0,IF(IFERROR(INDEX(WF_CLASS,MATCH($H49,WF_CODE,0)),"")="Inactive",1,0)) | W49: =IF($A49="","",IFERROR(INDEX(TYP_PHASE,MATCH($A49,TYP_TYPE,0)),"-")) | X49: =IF(AND($T49=1,$U49=0,N($N49)>0),$N49+ROW()/1000000,"") | Y49: =IF(AND($T49=1,$U49=0,OR($I49<>"",N($N49)>0)),N($N49)+ROW()/1000000,"") | Z49: =IF(AND($T49=1,$U49=0,$I49="",N($N49)<=0,-N($N49)<=HORIZON),N($N49)+ROW()/1000000,"")
A50: Inspection and Test Plan | B50: Equipment | C50: SYS-SG | D50: SG-IXL-02 Interlocking Cabinet South | E50: DMIC-SYS-SG-ITP-047 | F50: H. Lindqvist | G50: D. Petrov | H50: P6 - For Construction | K50: =IF($A50="","",IF($J50<>"",$J50,$S50)) | L50: =IF(OR($A50="",$E50=""),"",IF($J50<>"","Manual",IF($S50="","-","Auto"))) | M50: 46254 | N50: =IF($T50=0,"",IF($U50=1,IF($M50="","",$M50-$K50),IF($K50="","",TODAY()-$K50))) | O50: =IF(OR($A50="",$E50=""),"",IF($V50=1,S_INACT,IF(ISNA(MATCH($A50,TYP_TYPE,0)),S_TYPEKO,IF($U50=1,S_DONE,IF(AND($K50="",$R50=""),S_NOSCOPE,IF($K50="",S_NOTARGET,IF($N50>0,S_LATE,IF($I50<>"",S_WIP,IF(-$N50<=FEN_DOC,S_RISK,IF(-$N50<=HORIZON,S_COMING,S_NOTYET)))))))))) | P50: =IF(OR($A50="",$E50=""),"",IF($V50=1,"",IF(ISNA(MATCH($A50,TYP_TYPE,0)),"Type not in the library",IF($B50="","Scope not set",IF(AND($B50="System",$C50=""),"System not set",IF(AND($B50="Equipment",$D50=""),"Equipment not set",IF($F50="","Responsible not set",IF($K50="","No target date",IF(AND($B50="Equipment",$C50<>"",IFERROR(INDEX(EQP_SYS,MATCH($D50,EQP_NOM,0)),"")<>$C50),"Equipment not in that system",IF(AND($U50=1,$M50=""),"Approved with no approval date","")))))))))) | R50: =IF(OR($A50="",$B50=""),"",IF($B50="Equipment",IFERROR(INDEX(EQP_START,MATCH($D50,EQP_NOM,0)),""),IF($B50="System",IFERROR(INDEX(SYS_EARLIEST,MATCH($C50,SYS_ID,0)),""),IF($B50="All",CTR_EARLIEST,"")))) | S50: =IF(OR($A50="",$E50=""),"",IFERROR(IF(INDEX(TYP_ANCHOR,MATCH($A50,TYP_TYPE,0))="Commissioning Start",IF($R50="","",$R50-INDEX(TYP_LEAD,MATCH($A50,TYP_TYPE,0))),IF(INDEX(MS_PLAN,MATCH(INDEX(TYP_ANCHOR,MATCH($A50,TYP_TYPE,0)),MS_NOM,0))="","",INDEX(MS_PLAN,MATCH(INDEX(TYP_ANCHOR,MATCH($A50,TYP_TYPE,0)),MS_NOM,0))-INDEX(TYP_LEAD,MATCH($A50,TYP_TYPE,0)))),"")) | T50: =IF(OR($A50="",$E50=""),0,IF($V50=1,0,1)) | U50: =IF($T50=0,0,IF($M50<>"",1,IF(IFERROR(INDEX(WF_CLASS,MATCH($H50,WF_CODE,0)),"")="Done",1,0))) | V50: =IF(OR($A50="",$E50=""),0,IF(IFERROR(INDEX(WF_CLASS,MATCH($H50,WF_CODE,0)),"")="Inactive",1,0)) | W50: =IF($A50="","",IFERROR(INDEX(TYP_PHASE,MATCH($A50,TYP_TYPE,0)),"-")) | X50: =IF(AND($T50=1,$U50=0,N($N50)>0),$N50+ROW()/1000000,"") | Y50: =IF(AND($T50=1,$U50=0,OR($I50<>"",N($N50)>0)),N($N50)+ROW()/1000000,"") | Z50: =IF(AND($T50=1,$U50=0,$I50="",N($N50)<=0,-N($N50)<=HORIZON),N($N50)+ROW()/1000000,"")
A51: Planned End Of Erection Status Report | B51: Equipment | C51: SYS-SG | D51: SG-IXL-02 Interlocking Cabinet South | E51: DMIC-SYS-SG-PER-048 | F51: A. Mercer | G51: J. Whitfield | H51: S4A - Approved | K51: =IF($A51="","",IF($J51<>"",$J51,$S51)) | L51: =IF(OR($A51="",$E51=""),"",IF($J51<>"","Manual",IF($S51="","-","Auto"))) | M51: 46253 | N51: =IF($T51=0,"",IF($U51=1,IF($M51="","",$M51-$K51),IF($K51="","",TODAY()-$K51))) | O51: =IF(OR($A51="",$E51=""),"",IF($V51=1,S_INACT,IF(ISNA(MATCH($A51,TYP_TYPE,0)),S_TYPEKO,IF($U51=1,S_DONE,IF(AND($K51="",$R51=""),S_NOSCOPE,IF($K51="",S_NOTARGET,IF($N51>0,S_LATE,IF($I51<>"",S_WIP,IF(-$N51<=FEN_DOC,S_RISK,IF(-$N51<=HORIZON,S_COMING,S_NOTYET)))))))))) | P51: =IF(OR($A51="",$E51=""),"",IF($V51=1,"",IF(ISNA(MATCH($A51,TYP_TYPE,0)),"Type not in the library",IF($B51="","Scope not set",IF(AND($B51="System",$C51=""),"System not set",IF(AND($B51="Equipment",$D51=""),"Equipment not set",IF($F51="","Responsible not set",IF($K51="","No target date",IF(AND($B51="Equipment",$C51<>"",IFERROR(INDEX(EQP_SYS,MATCH($D51,EQP_NOM,0)),"")<>$C51),"Equipment not in that system",IF(AND($U51=1,$M51=""),"Approved with no approval date","")))))))))) | R51: =IF(OR($A51="",$B51=""),"",IF($B51="Equipment",IFERROR(INDEX(EQP_START,MATCH($D51,EQP_NOM,0)),""),IF($B51="System",IFERROR(INDEX(SYS_EARLIEST,MATCH($C51,SYS_ID,0)),""),IF($B51="All",CTR_EARLIEST,"")))) | S51: =IF(OR($A51="",$E51=""),"",IFERROR(IF(INDEX(TYP_ANCHOR,MATCH($A51,TYP_TYPE,0))="Commissioning Start",IF($R51="","",$R51-INDEX(TYP_LEAD,MATCH($A51,TYP_TYPE,0))),IF(INDEX(MS_PLAN,MATCH(INDEX(TYP_ANCHOR,MATCH($A51,TYP_TYPE,0)),MS_NOM,0))="","",INDEX(MS_PLAN,MATCH(INDEX(TYP_ANCHOR,MATCH($A51,TYP_TYPE,0)),MS_NOM,0))-INDEX(TYP_LEAD,MATCH($A51,TYP_TYPE,0)))),"")) | T51: =IF(OR($A51="",$E51=""),0,IF($V51=1,0,1)) | U51: =IF($T51=0,0,IF($M51<>"",1,IF(IFERROR(INDEX(WF_CLASS,MATCH($H51,WF_CODE,0)),"")="Done",1,0))) | V51: =IF(OR($A51="",$E51=""),0,IF(IFERROR(INDEX(WF_CLASS,MATCH($H51,WF_CODE,0)),"")="Inactive",1,0)) | W51: =IF($A51="","",IFERROR(INDEX(TYP_PHASE,MATCH($A51,TYP_TYPE,0)),"-")) | X51: =IF(AND($T51=1,$U51=0,N($N51)>0),$N51+ROW()/1000000,"") | Y51: =IF(AND($T51=1,$U51=0,OR($I51<>"",N($N51)>0)),N($N51)+ROW()/1000000,"") | Z51: =IF(AND($T51=1,$U51=0,$I51="",N($N51)<=0,-N($N51)<=HORIZON),N($N51)+ROW()/1000000,"")
A52: Commissioning Procedure | B52: Equipment | C52: SYS-SG | D52: SG-ATP-03 ATP Trackside Equipment | E52: DMIC-SYS-SG-CPR-049 | F52: S. Okonkwo | G52: P. Nakamura | H52: P1 - For Implementation | K52: =IF($A52="","",IF($J52<>"",$J52,$S52)) | L52: =IF(OR($A52="",$E52=""),"",IF($J52<>"","Manual",IF($S52="","-","Auto"))) | M52: 46259 | N52: =IF($T52=0,"",IF($U52=1,IF($M52="","",$M52-$K52),IF($K52="","",TODAY()-$K52))) | O52: =IF(OR($A52="",$E52=""),"",IF($V52=1,S_INACT,IF(ISNA(MATCH($A52,TYP_TYPE,0)),S_TYPEKO,IF($U52=1,S_DONE,IF(AND($K52="",$R52=""),S_NOSCOPE,IF($K52="",S_NOTARGET,IF($N52>0,S_LATE,IF($I52<>"",S_WIP,IF(-$N52<=FEN_DOC,S_RISK,IF(-$N52<=HORIZON,S_COMING,S_NOTYET)))))))))) | P52: =IF(OR($A52="",$E52=""),"",IF($V52=1,"",IF(ISNA(MATCH($A52,TYP_TYPE,0)),"Type not in the library",IF($B52="","Scope not set",IF(AND($B52="System",$C52=""),"System not set",IF(AND($B52="Equipment",$D52=""),"Equipment not set",IF($F52="","Responsible not set",IF($K52="","No target date",IF(AND($B52="Equipment",$C52<>"",IFERROR(INDEX(EQP_SYS,MATCH($D52,EQP_NOM,0)),"")<>$C52),"Equipment not in that system",IF(AND($U52=1,$M52=""),"Approved with no approval date","")))))))))) | R52: =IF(OR($A52="",$B52=""),"",IF($B52="Equipment",IFERROR(INDEX(EQP_START,MATCH($D52,EQP_NOM,0)),""),IF($B52="System",IFERROR(INDEX(SYS_EARLIEST,MATCH($C52,SYS_ID,0)),""),IF($B52="All",CTR_EARLIEST,"")))) | S52: =IF(OR($A52="",$E52=""),"",IFERROR(IF(INDEX(TYP_ANCHOR,MATCH($A52,TYP_TYPE,0))="Commissioning Start",IF($R52="","",$R52-INDEX(TYP_LEAD,MATCH($A52,TYP_TYPE,0))),IF(INDEX(MS_PLAN,MATCH(INDEX(TYP_ANCHOR,MATCH($A52,TYP_TYPE,0)),MS_NOM,0))="","",INDEX(MS_PLAN,MATCH(INDEX(TYP_ANCHOR,MATCH($A52,TYP_TYPE,0)),MS_NOM,0))-INDEX(TYP_LEAD,MATCH($A52,TYP_TYPE,0)))),"")) | T52: =IF(OR($A52="",$E52=""),0,IF($V52=1,0,1)) | U52: =IF($T52=0,0,IF($M52<>"",1,IF(IFERROR(INDEX(WF_CLASS,MATCH($H52,WF_CODE,0)),"")="Done",1,0))) | V52: =IF(OR($A52="",$E52=""),0,IF(IFERROR(INDEX(WF_CLASS,MATCH($H52,WF_CODE,0)),"")="Inactive",1,0)) | W52: =IF($A52="","",IFERROR(INDEX(TYP_PHASE,MATCH($A52,TYP_TYPE,0)),"-")) | X52: =IF(AND($T52=1,$U52=0,N($N52)>0),$N52+ROW()/1000000,"") | Y52: =IF(AND($T52=1,$U52=0,OR($I52<>"",N($N52)>0)),N($N52)+ROW()/1000000,"") | Z52: =IF(AND($T52=1,$U52=0,$I52="",N($N52)<=0,-N($N52)<=HORIZON),N($N52)+ROW()/1000000,"")
A53: Inspection and Test Plan | B53: Equipment | C53: SYS-SG | D53: SG-ATP-03 ATP Trackside Equipment | E53: DMIC-SYS-SG-ITP-050 | F53: L. Fontaine | G53: K. Rasmussen | H53: P6 - For Construction | K53: =IF($A53="","",IF($J53<>"",$J53,$S53)) | L53: =IF(OR($A53="",$E53=""),"",IF($J53<>"","Manual",IF($S53="","-","Auto"))) | M53: 46258 | N53: =IF($T53=0,"",IF($U53=1,IF($M53="","",$M53-$K53),IF($K53="","",TODAY()-$K53))) | O53: =IF(OR($A53="",$E53=""),"",IF($V53=1,S_INACT,IF(ISNA(MATCH($A53,TYP_TYPE,0)),S_TYPEKO,IF($U53=1,S_DONE,IF(AND($K53="",$R53=""),S_NOSCOPE,IF($K53="",S_NOTARGET,IF($N53>0,S_LATE,IF($I53<>"",S_WIP,IF(-$N53<=FEN_DOC,S_RISK,IF(-$N53<=HORIZON,S_COMING,S_NOTYET)))))))))) | P53: =IF(OR($A53="",$E53=""),"",IF($V53=1,"",IF(ISNA(MATCH($A53,TYP_TYPE,0)),"Type not in the library",IF($B53="","Scope not set",IF(AND($B53="System",$C53=""),"System not set",IF(AND($B53="Equipment",$D53=""),"Equipment not set",IF($F53="","Responsible not set",IF($K53="","No target date",IF(AND($B53="Equipment",$C53<>"",IFERROR(INDEX(EQP_SYS,MATCH($D53,EQP_NOM,0)),"")<>$C53),"Equipment not in that system",IF(AND($U53=1,$M53=""),"Approved with no approval date","")))))))))) | R53: =IF(OR($A53="",$B53=""),"",IF($B53="Equipment",IFERROR(INDEX(EQP_START,MATCH($D53,EQP_NOM,0)),""),IF($B53="System",IFERROR(INDEX(SYS_EARLIEST,MATCH($C53,SYS_ID,0)),""),IF($B53="All",CTR_EARLIEST,"")))) | S53: =IF(OR($A53="",$E53=""),"",IFERROR(IF(INDEX(TYP_ANCHOR,MATCH($A53,TYP_TYPE,0))="Commissioning Start",IF($R53="","",$R53-INDEX(TYP_LEAD,MATCH($A53,TYP_TYPE,0))),IF(INDEX(MS_PLAN,MATCH(INDEX(TYP_ANCHOR,MATCH($A53,TYP_TYPE,0)),MS_NOM,0))="","",INDEX(MS_PLAN,MATCH(INDEX(TYP_ANCHOR,MATCH($A53,TYP_TYPE,0)),MS_NOM,0))-INDEX(TYP_LEAD,MATCH($A53,TYP_TYPE,0)))),"")) | T53: =IF(OR($A53="",$E53=""),0,IF($V53=1,0,1)) | U53: =IF($T53=0,0,IF($M53<>"",1,IF(IFERROR(INDEX(WF_CLASS,MATCH($H53,WF_CODE,0)),"")="Done",1,0))) | V53: =IF(OR($A53="",$E53=""),0,IF(IFERROR(INDEX(WF_CLASS,MATCH($H53,WF_CODE,0)),"")="Inactive",1,0)) | W53: =IF($A53="","",IFERROR(INDEX(TYP_PHASE,MATCH($A53,TYP_TYPE,0)),"-")) | X53: =IF(AND($T53=1,$U53=0,N($N53)>0),$N53+ROW()/1000000,"") | Y53: =IF(AND($T53=1,$U53=0,OR($I53<>"",N($N53)>0)),N($N53)+ROW()/1000000,"") | Z53: =IF(AND($T53=1,$U53=0,$I53="",N($N53)<=0,-N($N53)<=HORIZON),N($N53)+ROW()/1000000,"")
A54: Planned End Of Erection Status Report | B54: Equipment | C54: SYS-SG | D54: SG-ATP-03 ATP Trackside Equipment | E54: DMIC-SYS-SG-PER-051 | F54: D. Petrov | G54: R. Bellamy | H54: S4A - Approved | K54: =IF($A54="","",IF($J54<>"",$J54,$S54)) | L54: =IF(OR($A54="",$E54=""),"",IF($J54<>"","Manual",IF($S54="","-","Auto"))) | M54: 46257 | N54: =IF($T54=0,"",IF($U54=1,IF($M54="","",$M54-$K54),IF($K54="","",TODAY()-$K54))) | O54: =IF(OR($A54="",$E54=""),"",IF($V54=1,S_INACT,IF(ISNA(MATCH($A54,TYP_TYPE,0)),S_TYPEKO,IF($U54=1,S_DONE,IF(AND($K54="",$R54=""),S_NOSCOPE,IF($K54="",S_NOTARGET,IF($N54>0,S_LATE,IF($I54<>"",S_WIP,IF(-$N54<=FEN_DOC,S_RISK,IF(-$N54<=HORIZON,S_COMING,S_NOTYET)))))))))) | P54: =IF(OR($A54="",$E54=""),"",IF($V54=1,"",IF(ISNA(MATCH($A54,TYP_TYPE,0)),"Type not in the library",IF($B54="","Scope not set",IF(AND($B54="System",$C54=""),"System not set",IF(AND($B54="Equipment",$D54=""),"Equipment not set",IF($F54="","Responsible not set",IF($K54="","No target date",IF(AND($B54="Equipment",$C54<>"",IFERROR(INDEX(EQP_SYS,MATCH($D54,EQP_NOM,0)),"")<>$C54),"Equipment not in that system",IF(AND($U54=1,$M54=""),"Approved with no approval date","")))))))))) | R54: =IF(OR($A54="",$B54=""),"",IF($B54="Equipment",IFERROR(INDEX(EQP_START,MATCH($D54,EQP_NOM,0)),""),IF($B54="System",IFERROR(INDEX(SYS_EARLIEST,MATCH($C54,SYS_ID,0)),""),IF($B54="All",CTR_EARLIEST,"")))) | S54: =IF(OR($A54="",$E54=""),"",IFERROR(IF(INDEX(TYP_ANCHOR,MATCH($A54,TYP_TYPE,0))="Commissioning Start",IF($R54="","",$R54-INDEX(TYP_LEAD,MATCH($A54,TYP_TYPE,0))),IF(INDEX(MS_PLAN,MATCH(INDEX(TYP_ANCHOR,MATCH($A54,TYP_TYPE,0)),MS_NOM,0))="","",INDEX(MS_PLAN,MATCH(INDEX(TYP_ANCHOR,MATCH($A54,TYP_TYPE,0)),MS_NOM,0))-INDEX(TYP_LEAD,MATCH($A54,TYP_TYPE,0)))),"")) | T54: =IF(OR($A54="",$E54=""),0,IF($V54=1,0,1)) | U54: =IF($T54=0,0,IF($M54<>"",1,IF(IFERROR(INDEX(WF_CLASS,MATCH($H54,WF_CODE,0)),"")="Done",1,0))) | V54: =IF(OR($A54="",$E54=""),0,IF(IFERROR(INDEX(WF_CLASS,MATCH($H54,WF_CODE,0)),"")="Inactive",1,0)) | W54: =IF($A54="","",IFERROR(INDEX(TYP_PHASE,MATCH($A54,TYP_TYPE,0)),"-")) | X54: =IF(AND($T54=1,$U54=0,N($N54)>0),$N54+ROW()/1000000,"") | Y54: =IF(AND($T54=1,$U54=0,OR($I54<>"",N($N54)>0)),N($N54)+ROW()/1000000,"") | Z54: =IF(AND($T54=1,$U54=0,$I54="",N($N54)<=0,-N($N54)<=HORIZON),N($N54)+ROW()/1000000,"")
A55: Commissioning Procedure | B55: Equipment | C55: SYS-SG | D55: SG-OCC-04 Signalling Workstations | E55: DMIC-SYS-SG-CPR-052 | F55: J. Whitfield | G55: N. Bergstrom | H55: S6 - For Acceptance | K55: =IF($A55="","",IF($J55<>"",$J55,$S55)) | L55: =IF(OR($A55="",$E55=""),"",IF($J55<>"","Manual",IF($S55="","-","Auto"))) | N55: =IF($T55=0,"",IF($U55=1,IF($M55="","",$M55-$K55),IF($K55="","",TODAY()-$K55))) | O55: =IF(OR($A55="",$E55=""),"",IF($V55=1,S_INACT,IF(ISNA(MATCH($A55,TYP_TYPE,0)),S_TYPEKO,IF($U55=1,S_DONE,IF(AND($K55="",$R55=""),S_NOSCOPE,IF($K55="",S_NOTARGET,IF($N55>0,S_LATE,IF($I55<>"",S_WIP,IF(-$N55<=FEN_DOC,S_RISK,IF(-$N55<=HORIZON,S_COMING,S_NOTYET)))))))))) | P55: =IF(OR($A55="",$E55=""),"",IF($V55=1,"",IF(ISNA(MATCH($A55,TYP_TYPE,0)),"Type not in the library",IF($B55="","Scope not set",IF(AND($B55="System",$C55=""),"System not set",IF(AND($B55="Equipment",$D55=""),"Equipment not set",IF($F55="","Responsible not set",IF($K55="","No target date",IF(AND($B55="Equipment",$C55<>"",IFERROR(INDEX(EQP_SYS,MATCH($D55,EQP_NOM,0)),"")<>$C55),"Equipment not in that system",IF(AND($U55=1,$M55=""),"Approved with no approval date","")))))))))) | R55: =IF(OR($A55="",$B55=""),"",IF($B55="Equipment",IFERROR(INDEX(EQP_START,MATCH($D55,EQP_NOM,0)),""),IF($B55="System",IFERROR(INDEX(SYS_EARLIEST,MATCH($C55,SYS_ID,0)),""),IF($B55="All",CTR_EARLIEST,"")))) | S55: =IF(OR($A55="",$E55=""),"",IFERROR(IF(INDEX(TYP_ANCHOR,MATCH($A55,TYP_TYPE,0))="Commissioning Start",IF($R55="","",$R55-INDEX(TYP_LEAD,MATCH($A55,TYP_TYPE,0))),IF(INDEX(MS_PLAN,MATCH(INDEX(TYP_ANCHOR,MATCH($A55,TYP_TYPE,0)),MS_NOM,0))="","",INDEX(MS_PLAN,MATCH(INDEX(TYP_ANCHOR,MATCH($A55,TYP_TYPE,0)),MS_NOM,0))-INDEX(TYP_LEAD,MATCH($A55,TYP_TYPE,0)))),"")) | T55: =IF(OR($A55="",$E55=""),0,IF($V55=1,0,1)) | U55: =IF($T55=0,0,IF($M55<>"",1,IF(IFERROR(INDEX(WF_CLASS,MATCH($H55,WF_CODE,0)),"")="Done",1,0))) | V55: =IF(OR($A55="",$E55=""),0,IF(IFERROR(INDEX(WF_CLASS,MATCH($H55,WF_CODE,0)),"")="Inactive",1,0)) | W55: =IF($A55="","",IFERROR(INDEX(TYP_PHASE,MATCH($A55,TYP_TYPE,0)),"-")) | X55: =IF(AND($T55=1,$U55=0,N($N55)>0),$N55+ROW()/1000000,"") | Y55: =IF(AND($T55=1,$U55=0,OR($I55<>"",N($N55)>0)),N($N55)+ROW()/1000000,"") | Z55: =IF(AND($T55=1,$U55=0,$I55="",N($N55)<=0,-N($N55)<=HORIZON),N($N55)+ROW()/1000000,"")
A56: Inspection and Test Plan | B56: Equipment | C56: SYS-SG | D56: SG-OCC-04 Signalling Workstations | E56: DMIC-SYS-SG-ITP-053 | F56: P. Nakamura | G56: M. Haddad | H56: P6 - For Construction | K56: =IF($A56="","",IF($J56<>"",$J56,$S56)) | L56: =IF(OR($A56="",$E56=""),"",IF($J56<>"","Manual",IF($S56="","-","Auto"))) | M56: 46255 | N56: =IF($T56=0,"",IF($U56=1,IF($M56="","",$M56-$K56),IF($K56="","",TODAY()-$K56))) | O56: =IF(OR($A56="",$E56=""),"",IF($V56=1,S_INACT,IF(ISNA(MATCH($A56,TYP_TYPE,0)),S_TYPEKO,IF($U56=1,S_DONE,IF(AND($K56="",$R56=""),S_NOSCOPE,IF($K56="",S_NOTARGET,IF($N56>0,S_LATE,IF($I56<>"",S_WIP,IF(-$N56<=FEN_DOC,S_RISK,IF(-$N56<=HORIZON,S_COMING,S_NOTYET)))))))))) | P56: =IF(OR($A56="",$E56=""),"",IF($V56=1,"",IF(ISNA(MATCH($A56,TYP_TYPE,0)),"Type not in the library",IF($B56="","Scope not set",IF(AND($B56="System",$C56=""),"System not set",IF(AND($B56="Equipment",$D56=""),"Equipment not set",IF($F56="","Responsible not set",IF($K56="","No target date",IF(AND($B56="Equipment",$C56<>"",IFERROR(INDEX(EQP_SYS,MATCH($D56,EQP_NOM,0)),"")<>$C56),"Equipment not in that system",IF(AND($U56=1,$M56=""),"Approved with no approval date","")))))))))) | R56: =IF(OR($A56="",$B56=""),"",IF($B56="Equipment",IFERROR(INDEX(EQP_START,MATCH($D56,EQP_NOM,0)),""),IF($B56="System",IFERROR(INDEX(SYS_EARLIEST,MATCH($C56,SYS_ID,0)),""),IF($B56="All",CTR_EARLIEST,"")))) | S56: =IF(OR($A56="",$E56=""),"",IFERROR(IF(INDEX(TYP_ANCHOR,MATCH($A56,TYP_TYPE,0))="Commissioning Start",IF($R56="","",$R56-INDEX(TYP_LEAD,MATCH($A56,TYP_TYPE,0))),IF(INDEX(MS_PLAN,MATCH(INDEX(TYP_ANCHOR,MATCH($A56,TYP_TYPE,0)),MS_NOM,0))="","",INDEX(MS_PLAN,MATCH(INDEX(TYP_ANCHOR,MATCH($A56,TYP_TYPE,0)),MS_NOM,0))-INDEX(TYP_LEAD,MATCH($A56,TYP_TYPE,0)))),"")) | T56: =IF(OR($A56="",$E56=""),0,IF($V56=1,0,1)) | U56: =IF($T56=0,0,IF($M56<>"",1,IF(IFERROR(INDEX(WF_CLASS,MATCH($H56,WF_CODE,0)),"")="Done",1,0))) | V56: =IF(OR($A56="",$E56=""),0,IF(IFERROR(INDEX(WF_CLASS,MATCH($H56,WF_CODE,0)),"")="Inactive",1,0)) | W56: =IF($A56="","",IFERROR(INDEX(TYP_PHASE,MATCH($A56,TYP_TYPE,0)),"-")) | X56: =IF(AND($T56=1,$U56=0,N($N56)>0),$N56+ROW()/1000000,"") | Y56: =IF(AND($T56=1,$U56=0,OR($I56<>"",N($N56)>0)),N($N56)+ROW()/1000000,"") | Z56: =IF(AND($T56=1,$U56=0,$I56="",N($N56)<=0,-N($N56)<=HORIZON),N($N56)+ROW()/1000000,"")
A57: Planned End Of Erection Status Report | B57: Equipment | C57: SYS-SG | D57: SG-OCC-04 Signalling Workstations | E57: DMIC-SYS-SG-PER-054 | F57: K. Rasmussen | G57: C. Vasquez | H57: S4A - Approved | K57: =IF($A57="","",IF($J57<>"",$J57,$S57)) | L57: =IF(OR($A57="",$E57=""),"",IF($J57<>"","Manual",IF($S57="","-","Auto"))) | M57: 46254 | N57: =IF($T57=0,"",IF($U57=1,IF($M57="","",$M57-$K57),IF($K57="","",TODAY()-$K57))) | O57: =IF(OR($A57="",$E57=""),"",IF($V57=1,S_INACT,IF(ISNA(MATCH($A57,TYP_TYPE,0)),S_TYPEKO,IF($U57=1,S_DONE,IF(AND($K57="",$R57=""),S_NOSCOPE,IF($K57="",S_NOTARGET,IF($N57>0,S_LATE,IF($I57<>"",S_WIP,IF(-$N57<=FEN_DOC,S_RISK,IF(-$N57<=HORIZON,S_COMING,S_NOTYET)))))))))) | P57: =IF(OR($A57="",$E57=""),"",IF($V57=1,"",IF(ISNA(MATCH($A57,TYP_TYPE,0)),"Type not in the library",IF($B57="","Scope not set",IF(AND($B57="System",$C57=""),"System not set",IF(AND($B57="Equipment",$D57=""),"Equipment not set",IF($F57="","Responsible not set",IF($K57="","No target date",IF(AND($B57="Equipment",$C57<>"",IFERROR(INDEX(EQP_SYS,MATCH($D57,EQP_NOM,0)),"")<>$C57),"Equipment not in that system",IF(AND($U57=1,$M57=""),"Approved with no approval date","")))))))))) | R57: =IF(OR($A57="",$B57=""),"",IF($B57="Equipment",IFERROR(INDEX(EQP_START,MATCH($D57,EQP_NOM,0)),""),IF($B57="System",IFERROR(INDEX(SYS_EARLIEST,MATCH($C57,SYS_ID,0)),""),IF($B57="All",CTR_EARLIEST,"")))) | S57: =IF(OR($A57="",$E57=""),"",IFERROR(IF(INDEX(TYP_ANCHOR,MATCH($A57,TYP_TYPE,0))="Commissioning Start",IF($R57="","",$R57-INDEX(TYP_LEAD,MATCH($A57,TYP_TYPE,0))),IF(INDEX(MS_PLAN,MATCH(INDEX(TYP_ANCHOR,MATCH($A57,TYP_TYPE,0)),MS_NOM,0))="","",INDEX(MS_PLAN,MATCH(INDEX(TYP_ANCHOR,MATCH($A57,TYP_TYPE,0)),MS_NOM,0))-INDEX(TYP_LEAD,MATCH($A57,TYP_TYPE,0)))),"")) | T57: =IF(OR($A57="",$E57=""),0,IF($V57=1,0,1)) | U57: =IF($T57=0,0,IF($M57<>"",1,IF(IFERROR(INDEX(WF_CLASS,MATCH($H57,WF_CODE,0)),"")="Done",1,0))) | V57: =IF(OR($A57="",$E57=""),0,IF(IFERROR(INDEX(WF_CLASS,MATCH($H57,WF_CODE,0)),"")="Inactive",1,0)) | W57: =IF($A57="","",IFERROR(INDEX(TYP_PHASE,MATCH($A57,TYP_TYPE,0)),"-")) | X57: =IF(AND($T57=1,$U57=0,N($N57)>0),$N57+ROW()/1000000,"") | Y57: =IF(AND($T57=1,$U57=0,OR($I57<>"",N($N57)>0)),N($N57)+ROW()/1000000,"") | Z57: =IF(AND($T57=1,$U57=0,$I57="",N($N57)<=0,-N($N57)<=HORIZON),N($N57)+ROW()/1000000,"")
A58: Commissioning Procedure | B58: Equipment | C58: SYS-TV | D58: TV-JET-01 Jet Fan Array Tunnel 1 | E58: DMIC-SYS-TV-CPR-055 | F58: R. Bellamy | G58: H. Lindqvist | H58: S3 - For Review | K58: =IF($A58="","",IF($J58<>"",$J58,$S58)) | L58: =IF(OR($A58="",$E58=""),"",IF($J58<>"","Manual",IF($S58="","-","Auto"))) | N58: =IF($T58=0,"",IF($U58=1,IF($M58="","",$M58-$K58),IF($K58="","",TODAY()-$K58))) | O58: =IF(OR($A58="",$E58=""),"",IF($V58=1,S_INACT,IF(ISNA(MATCH($A58,TYP_TYPE,0)),S_TYPEKO,IF($U58=1,S_DONE,IF(AND($K58="",$R58=""),S_NOSCOPE,IF($K58="",S_NOTARGET,IF($N58>0,S_LATE,IF($I58<>"",S_WIP,IF(-$N58<=FEN_DOC,S_RISK,IF(-$N58<=HORIZON,S_COMING,S_NOTYET)))))))))) | P58: =IF(OR($A58="",$E58=""),"",IF($V58=1,"",IF(ISNA(MATCH($A58,TYP_TYPE,0)),"Type not in the library",IF($B58="","Scope not set",IF(AND($B58="System",$C58=""),"System not set",IF(AND($B58="Equipment",$D58=""),"Equipment not set",IF($F58="","Responsible not set",IF($K58="","No target date",IF(AND($B58="Equipment",$C58<>"",IFERROR(INDEX(EQP_SYS,MATCH($D58,EQP_NOM,0)),"")<>$C58),"Equipment not in that system",IF(AND($U58=1,$M58=""),"Approved with no approval date","")))))))))) | R58: =IF(OR($A58="",$B58=""),"",IF($B58="Equipment",IFERROR(INDEX(EQP_START,MATCH($D58,EQP_NOM,0)),""),IF($B58="System",IFERROR(INDEX(SYS_EARLIEST,MATCH($C58,SYS_ID,0)),""),IF($B58="All",CTR_EARLIEST,"")))) | S58: =IF(OR($A58="",$E58=""),"",IFERROR(IF(INDEX(TYP_ANCHOR,MATCH($A58,TYP_TYPE,0))="Commissioning Start",IF($R58="","",$R58-INDEX(TYP_LEAD,MATCH($A58,TYP_TYPE,0))),IF(INDEX(MS_PLAN,MATCH(INDEX(TYP_ANCHOR,MATCH($A58,TYP_TYPE,0)),MS_NOM,0))="","",INDEX(MS_PLAN,MATCH(INDEX(TYP_ANCHOR,MATCH($A58,TYP_TYPE,0)),MS_NOM,0))-INDEX(TYP_LEAD,MATCH($A58,TYP_TYPE,0)))),"")) | T58: =IF(OR($A58="",$E58=""),0,IF($V58=1,0,1)) | U58: =IF($T58=0,0,IF($M58<>"",1,IF(IFERROR(INDEX(WF_CLASS,MATCH($H58,WF_CODE,0)),"")="Done",1,0))) | V58: =IF(OR($A58="",$E58=""),0,IF(IFERROR(INDEX(WF_CLASS,MATCH($H58,WF_CODE,0)),"")="Inactive",1,0)) | W58: =IF($A58="","",IFERROR(INDEX(TYP_PHASE,MATCH($A58,TYP_TYPE,0)),"-")) | X58: =IF(AND($T58=1,$U58=0,N($N58)>0),$N58+ROW()/1000000,"") | Y58: =IF(AND($T58=1,$U58=0,OR($I58<>"",N($N58)>0)),N($N58)+ROW()/1000000,"") | Z58: =IF(AND($T58=1,$U58=0,$I58="",N($N58)<=0,-N($N58)<=HORIZON),N($N58)+ROW()/1000000,"")
A59: Inspection and Test Plan | B59: Equipment | C59: SYS-TV | D59: TV-JET-01 Jet Fan Array Tunnel 1 | E59: DMIC-SYS-TV-ITP-056 | F59: N. Bergstrom | G59: A. Mercer | H59: S4 - For Internal Approval | K59: =IF($A59="","",IF($J59<>"",$J59,$S59)) | L59: =IF(OR($A59="",$E59=""),"",IF($J59<>"","Manual",IF($S59="","-","Auto"))) | N59: =IF($T59=0,"",IF($U59=1,IF($M59="","",$M59-$K59),IF($K59="","",TODAY()-$K59))) | O59: =IF(OR($A59="",$E59=""),"",IF($V59=1,S_INACT,IF(ISNA(MATCH($A59,TYP_TYPE,0)),S_TYPEKO,IF($U59=1,S_DONE,IF(AND($K59="",$R59=""),S_NOSCOPE,IF($K59="",S_NOTARGET,IF($N59>0,S_LATE,IF($I59<>"",S_WIP,IF(-$N59<=FEN_DOC,S_RISK,IF(-$N59<=HORIZON,S_COMING,S_NOTYET)))))))))) | P59: =IF(OR($A59="",$E59=""),"",IF($V59=1,"",IF(ISNA(MATCH($A59,TYP_TYPE,0)),"Type not in the library",IF($B59="","Scope not set",IF(AND($B59="System",$C59=""),"System not set",IF(AND($B59="Equipment",$D59=""),"Equipment not set",IF($F59="","Responsible not set",IF($K59="","No target date",IF(AND($B59="Equipment",$C59<>"",IFERROR(INDEX(EQP_SYS,MATCH($D59,EQP_NOM,0)),"")<>$C59),"Equipment not in that system",IF(AND($U59=1,$M59=""),"Approved with no approval date","")))))))))) | R59: =IF(OR($A59="",$B59=""),"",IF($B59="Equipment",IFERROR(INDEX(EQP_START,MATCH($D59,EQP_NOM,0)),""),IF($B59="System",IFERROR(INDEX(SYS_EARLIEST,MATCH($C59,SYS_ID,0)),""),IF($B59="All",CTR_EARLIEST,"")))) | S59: =IF(OR($A59="",$E59=""),"",IFERROR(IF(INDEX(TYP_ANCHOR,MATCH($A59,TYP_TYPE,0))="Commissioning Start",IF($R59="","",$R59-INDEX(TYP_LEAD,MATCH($A59,TYP_TYPE,0))),IF(INDEX(MS_PLAN,MATCH(INDEX(TYP_ANCHOR,MATCH($A59,TYP_TYPE,0)),MS_NOM,0))="","",INDEX(MS_PLAN,MATCH(INDEX(TYP_ANCHOR,MATCH($A59,TYP_TYPE,0)),MS_NOM,0))-INDEX(TYP_LEAD,MATCH($A59,TYP_TYPE,0)))),"")) | T59: =IF(OR($A59="",$E59=""),0,IF($V59=1,0,1)) | U59: =IF($T59=0,0,IF($M59<>"",1,IF(IFERROR(INDEX(WF_CLASS,MATCH($H59,WF_CODE,0)),"")="Done",1,0))) | V59: =IF(OR($A59="",$E59=""),0,IF(IFERROR(INDEX(WF_CLASS,MATCH($H59,WF_CODE,0)),"")="Inactive",1,0)) | W59: =IF($A59="","",IFERROR(INDEX(TYP_PHASE,MATCH($A59,TYP_TYPE,0)),"-")) | X59: =IF(AND($T59=1,$U59=0,N($N59)>0),$N59+ROW()/1000000,"") | Y59: =IF(AND($T59=1,$U59=0,OR($I59<>"",N($N59)>0)),N($N59)+ROW()/1000000,"") | Z59: =IF(AND($T59=1,$U59=0,$I59="",N($N59)<=0,-N($N59)<=HORIZON),N($N59)+ROW()/1000000,"")
A60: Planned End Of Erection Status Report | B60: Equipment | C60: SYS-TV | D60: TV-JET-01 Jet Fan Array Tunnel 1 | E60: DMIC-SYS-TV-PER-057 | F60: M. Haddad | G60: S. Okonkwo | H60: S4A - Approved | K60: =IF($A60="","",IF($J60<>"",$J60,$S60)) | L60: =IF(OR($A60="",$E60=""),"",IF($J60<>"","Manual",IF($S60="","-","Auto"))) | M60: 46258 | N60: =IF($T60=0,"",IF($U60=1,IF($M60="","",$M60-$K60),IF($K60="","",TODAY()-$K60))) | O60: =IF(OR($A60="",$E60=""),"",IF($V60=1,S_INACT,IF(ISNA(MATCH($A60,TYP_TYPE,0)),S_TYPEKO,IF($U60=1,S_DONE,IF(AND($K60="",$R60=""),S_NOSCOPE,IF($K60="",S_NOTARGET,IF($N60>0,S_LATE,IF($I60<>"",S_WIP,IF(-$N60<=FEN_DOC,S_RISK,IF(-$N60<=HORIZON,S_COMING,S_NOTYET)))))))))) | P60: =IF(OR($A60="",$E60=""),"",IF($V60=1,"",IF(ISNA(MATCH($A60,TYP_TYPE,0)),"Type not in the library",IF($B60="","Scope not set",IF(AND($B60="System",$C60=""),"System not set",IF(AND($B60="Equipment",$D60=""),"Equipment not set",IF($F60="","Responsible not set",IF($K60="","No target date",IF(AND($B60="Equipment",$C60<>"",IFERROR(INDEX(EQP_SYS,MATCH($D60,EQP_NOM,0)),"")<>$C60),"Equipment not in that system",IF(AND($U60=1,$M60=""),"Approved with no approval date","")))))))))) | R60: =IF(OR($A60="",$B60=""),"",IF($B60="Equipment",IFERROR(INDEX(EQP_START,MATCH($D60,EQP_NOM,0)),""),IF($B60="System",IFERROR(INDEX(SYS_EARLIEST,MATCH($C60,SYS_ID,0)),""),IF($B60="All",CTR_EARLIEST,"")))) | S60: =IF(OR($A60="",$E60=""),"",IFERROR(IF(INDEX(TYP_ANCHOR,MATCH($A60,TYP_TYPE,0))="Commissioning Start",IF($R60="","",$R60-INDEX(TYP_LEAD,MATCH($A60,TYP_TYPE,0))),IF(INDEX(MS_PLAN,MATCH(INDEX(TYP_ANCHOR,MATCH($A60,TYP_TYPE,0)),MS_NOM,0))="","",INDEX(MS_PLAN,MATCH(INDEX(TYP_ANCHOR,MATCH($A60,TYP_TYPE,0)),MS_NOM,0))-INDEX(TYP_LEAD,MATCH($A60,TYP_TYPE,0)))),"")) | T60: =IF(OR($A60="",$E60=""),0,IF($V60=1,0,1)) | U60: =IF($T60=0,0,IF($M60<>"",1,IF(IFERROR(INDEX(WF_CLASS,MATCH($H60,WF_CODE,0)),"")="Done",1,0))) | V60: =IF(OR($A60="",$E60=""),0,IF(IFERROR(INDEX(WF_CLASS,MATCH($H60,WF_CODE,0)),"")="Inactive",1,0)) | W60: =IF($A60="","",IFERROR(INDEX(TYP_PHASE,MATCH($A60,TYP_TYPE,0)),"-")) | X60: =IF(AND($T60=1,$U60=0,N($N60)>0),$N60+ROW()/1000000,"") | Y60: =IF(AND($T60=1,$U60=0,OR($I60<>"",N($N60)>0)),N($N60)+ROW()/1000000,"") | Z60: =IF(AND($T60=1,$U60=0,$I60="",N($N60)<=0,-N($N60)<=HORIZON),N($N60)+ROW()/1000000,"")
A61: Commissioning Procedure | B61: Equipment | C61: SYS-TV | D61: TV-JET-02 Jet Fan Array Tunnel 2 | E61: DMIC-SYS-TV-CPR-058 | F61: C. Vasquez | G61: L. Fontaine | H61: S4B - Comments | K61: =IF($A61="","",IF($J61<>"",$J61,$S61)) | L61: =IF(OR($A61="",$E61=""),"",IF($J61<>"","Manual",IF($S61="","-","Auto"))) | N61: =IF($T61=0,"",IF($U61=1,IF($M61="","",$M61-$K61),IF($K61="","",TODAY()-$K61))) | O61: =IF(OR($A61="",$E61=""),"",IF($V61=1,S_INACT,IF(ISNA(MATCH($A61,TYP_TYPE,0)),S_TYPEKO,IF($U61=1,S_DONE,IF(AND($K61="",$R61=""),S_NOSCOPE,IF($K61="",S_NOTARGET,IF($N61>0,S_LATE,IF($I61<>"",S_WIP,IF(-$N61<=FEN_DOC,S_RISK,IF(-$N61<=HORIZON,S_COMING,S_NOTYET)))))))))) | P61: =IF(OR($A61="",$E61=""),"",IF($V61=1,"",IF(ISNA(MATCH($A61,TYP_TYPE,0)),"Type not in the library",IF($B61="","Scope not set",IF(AND($B61="System",$C61=""),"System not set",IF(AND($B61="Equipment",$D61=""),"Equipment not set",IF($F61="","Responsible not set",IF($K61="","No target date",IF(AND($B61="Equipment",$C61<>"",IFERROR(INDEX(EQP_SYS,MATCH($D61,EQP_NOM,0)),"")<>$C61),"Equipment not in that system",IF(AND($U61=1,$M61=""),"Approved with no approval date","")))))))))) | R61: =IF(OR($A61="",$B61=""),"",IF($B61="Equipment",IFERROR(INDEX(EQP_START,MATCH($D61,EQP_NOM,0)),""),IF($B61="System",IFERROR(INDEX(SYS_EARLIEST,MATCH($C61,SYS_ID,0)),""),IF($B61="All",CTR_EARLIEST,"")))) | S61: =IF(OR($A61="",$E61=""),"",IFERROR(IF(INDEX(TYP_ANCHOR,MATCH($A61,TYP_TYPE,0))="Commissioning Start",IF($R61="","",$R61-INDEX(TYP_LEAD,MATCH($A61,TYP_TYPE,0))),IF(INDEX(MS_PLAN,MATCH(INDEX(TYP_ANCHOR,MATCH($A61,TYP_TYPE,0)),MS_NOM,0))="","",INDEX(MS_PLAN,MATCH(INDEX(TYP_ANCHOR,MATCH($A61,TYP_TYPE,0)),MS_NOM,0))-INDEX(TYP_LEAD,MATCH($A61,TYP_TYPE,0)))),"")) | T61: =IF(OR($A61="",$E61=""),0,IF($V61=1,0,1)) | U61: =IF($T61=0,0,IF($M61<>"",1,IF(IFERROR(INDEX(WF_CLASS,MATCH($H61,WF_CODE,0)),"")="Done",1,0))) | V61: =IF(OR($A61="",$E61=""),0,IF(IFERROR(INDEX(WF_CLASS,MATCH($H61,WF_CODE,0)),"")="Inactive",1,0)) | W61: =IF($A61="","",IFERROR(INDEX(TYP_PHASE,MATCH($A61,TYP_TYPE,0)),"-")) | X61: =IF(AND($T61=1,$U61=0,N($N61)>0),$N61+ROW()/1000000,"") | Y61: =IF(AND($T61=1,$U61=0,OR($I61<>"",N($N61)>0)),N($N61)+ROW()/1000000,"") | Z61: =IF(AND($T61=1,$U61=0,$I61="",N($N61)<=0,-N($N61)<=HORIZON),N($N61)+ROW()/1000000,"")
A62: Inspection and Test Plan | B62: Equipment | C62: SYS-TV | D62: TV-JET-02 Jet Fan Array Tunnel 2 | E62: DMIC-SYS-TV-ITP-059 | F62: H. Lindqvist | G62: D. Petrov | H62: W1 - Draft | K62: =IF($A62="","",IF($J62<>"",$J62,$S62)) | L62: =IF(OR($A62="",$E62=""),"",IF($J62<>"","Manual",IF($S62="","-","Auto"))) | N62: =IF($T62=0,"",IF($U62=1,IF($M62="","",$M62-$K62),IF($K62="","",TODAY()-$K62))) | O62: =IF(OR($A62="",$E62=""),"",IF($V62=1,S_INACT,IF(ISNA(MATCH($A62,TYP_TYPE,0)),S_TYPEKO,IF($U62=1,S_DONE,IF(AND($K62="",$R62=""),S_NOSCOPE,IF($K62="",S_NOTARGET,IF($N62>0,S_LATE,IF($I62<>"",S_WIP,IF(-$N62<=FEN_DOC,S_RISK,IF(-$N62<=HORIZON,S_COMING,S_NOTYET)))))))))) | P62: =IF(OR($A62="",$E62=""),"",IF($V62=1,"",IF(ISNA(MATCH($A62,TYP_TYPE,0)),"Type not in the library",IF($B62="","Scope not set",IF(AND($B62="System",$C62=""),"System not set",IF(AND($B62="Equipment",$D62=""),"Equipment not set",IF($F62="","Responsible not set",IF($K62="","No target date",IF(AND($B62="Equipment",$C62<>"",IFERROR(INDEX(EQP_SYS,MATCH($D62,EQP_NOM,0)),"")<>$C62),"Equipment not in that system",IF(AND($U62=1,$M62=""),"Approved with no approval date","")))))))))) | R62: =IF(OR($A62="",$B62=""),"",IF($B62="Equipment",IFERROR(INDEX(EQP_START,MATCH($D62,EQP_NOM,0)),""),IF($B62="System",IFERROR(INDEX(SYS_EARLIEST,MATCH($C62,SYS_ID,0)),""),IF($B62="All",CTR_EARLIEST,"")))) | S62: =IF(OR($A62="",$E62=""),"",IFERROR(IF(INDEX(TYP_ANCHOR,MATCH($A62,TYP_TYPE,0))="Commissioning Start",IF($R62="","",$R62-INDEX(TYP_LEAD,MATCH($A62,TYP_TYPE,0))),IF(INDEX(MS_PLAN,MATCH(INDEX(TYP_ANCHOR,MATCH($A62,TYP_TYPE,0)),MS_NOM,0))="","",INDEX(MS_PLAN,MATCH(INDEX(TYP_ANCHOR,MATCH($A62,TYP_TYPE,0)),MS_NOM,0))-INDEX(TYP_LEAD,MATCH($A62,TYP_TYPE,0)))),"")) | T62: =IF(OR($A62="",$E62=""),0,IF($V62=1,0,1)) | U62: =IF($T62=0,0,IF($M62<>"",1,IF(IFERROR(INDEX(WF_CLASS,MATCH($H62,WF_CODE,0)),"")="Done",1,0))) | V62: =IF(OR($A62="",$E62=""),0,IF(IFERROR(INDEX(WF_CLASS,MATCH($H62,WF_CODE,0)),"")="Inactive",1,0)) | W62: =IF($A62="","",IFERROR(INDEX(TYP_PHASE,MATCH($A62,TYP_TYPE,0)),"-")) | X62: =IF(AND($T62=1,$U62=0,N($N62)>0),$N62+ROW()/1000000,"") | Y62: =IF(AND($T62=1,$U62=0,OR($I62<>"",N($N62)>0)),N($N62)+ROW()/1000000,"") | Z62: =IF(AND($T62=1,$U62=0,$I62="",N($N62)<=0,-N($N62)<=HORIZON),N($N62)+ROW()/1000000,"")
A63: Planned End Of Erection Status Report | B63: Equipment | C63: SYS-TV | D63: TV-JET-02 Jet Fan Array Tunnel 2 | E63: DMIC-SYS-TV-PER-060 | F63: A. Mercer | G63: J. Whitfield | H63: S4A - Approved | K63: =IF($A63="","",IF($J63<>"",$J63,$S63)) | L63: =IF(OR($A63="",$E63=""),"",IF($J63<>"","Manual",IF($S63="","-","Auto"))) | M63: 46255 | N63: =IF($T63=0,"",IF($U63=1,IF($M63="","",$M63-$K63),IF($K63="","",TODAY()-$K63))) | O63: =IF(OR($A63="",$E63=""),"",IF($V63=1,S_INACT,IF(ISNA(MATCH($A63,TYP_TYPE,0)),S_TYPEKO,IF($U63=1,S_DONE,IF(AND($K63="",$R63=""),S_NOSCOPE,IF($K63="",S_NOTARGET,IF($N63>0,S_LATE,IF($I63<>"",S_WIP,IF(-$N63<=FEN_DOC,S_RISK,IF(-$N63<=HORIZON,S_COMING,S_NOTYET)))))))))) | P63: =IF(OR($A63="",$E63=""),"",IF($V63=1,"",IF(ISNA(MATCH($A63,TYP_TYPE,0)),"Type not in the library",IF($B63="","Scope not set",IF(AND($B63="System",$C63=""),"System not set",IF(AND($B63="Equipment",$D63=""),"Equipment not set",IF($F63="","Responsible not set",IF($K63="","No target date",IF(AND($B63="Equipment",$C63<>"",IFERROR(INDEX(EQP_SYS,MATCH($D63,EQP_NOM,0)),"")<>$C63),"Equipment not in that system",IF(AND($U63=1,$M63=""),"Approved with no approval date","")))))))))) | R63: =IF(OR($A63="",$B63=""),"",IF($B63="Equipment",IFERROR(INDEX(EQP_START,MATCH($D63,EQP_NOM,0)),""),IF($B63="System",IFERROR(INDEX(SYS_EARLIEST,MATCH($C63,SYS_ID,0)),""),IF($B63="All",CTR_EARLIEST,"")))) | S63: =IF(OR($A63="",$E63=""),"",IFERROR(IF(INDEX(TYP_ANCHOR,MATCH($A63,TYP_TYPE,0))="Commissioning Start",IF($R63="","",$R63-INDEX(TYP_LEAD,MATCH($A63,TYP_TYPE,0))),IF(INDEX(MS_PLAN,MATCH(INDEX(TYP_ANCHOR,MATCH($A63,TYP_TYPE,0)),MS_NOM,0))="","",INDEX(MS_PLAN,MATCH(INDEX(TYP_ANCHOR,MATCH($A63,TYP_TYPE,0)),MS_NOM,0))-INDEX(TYP_LEAD,MATCH($A63,TYP_TYPE,0)))),"")) | T63: =IF(OR($A63="",$E63=""),0,IF($V63=1,0,1)) | U63: =IF($T63=0,0,IF($M63<>"",1,IF(IFERROR(INDEX(WF_CLASS,MATCH($H63,WF_CODE,0)),"")="Done",1,0))) | V63: =IF(OR($A63="",$E63=""),0,IF(IFERROR(INDEX(WF_CLASS,MATCH($H63,WF_CODE,0)),"")="Inactive",1,0)) | W63: =IF($A63="","",IFERROR(INDEX(TYP_PHASE,MATCH($A63,TYP_TYPE,0)),"-")) | X63: =IF(AND($T63=1,$U63=0,N($N63)>0),$N63+ROW()/1000000,"") | Y63: =IF(AND($T63=1,$U63=0,OR($I63<>"",N($N63)>0)),N($N63)+ROW()/1000000,"") | Z63: =IF(AND($T63=1,$U63=0,$I63="",N($N63)<=0,-N($N63)<=HORIZON),N($N63)+ROW()/1000000,"")
A64: Commissioning Procedure | B64: Equipment | C64: SYS-TV | D64: TV-SMK-03 Smoke Extraction Plant | E64: DMIC-SYS-TV-CPR-061 | F64: S. Okonkwo | G64: P. Nakamura | H64: S4 - For Internal Approval | K64: =IF($A64="","",IF($J64<>"",$J64,$S64)) | L64: =IF(OR($A64="",$E64=""),"",IF($J64<>"","Manual",IF($S64="","-","Auto"))) | N64: =IF($T64=0,"",IF($U64=1,IF($M64="","",$M64-$K64),IF($K64="","",TODAY()-$K64))) | O64: =IF(OR($A64="",$E64=""),"",IF($V64=1,S_INACT,IF(ISNA(MATCH($A64,TYP_TYPE,0)),S_TYPEKO,IF($U64=1,S_DONE,IF(AND($K64="",$R64=""),S_NOSCOPE,IF($K64="",S_NOTARGET,IF($N64>0,S_LATE,IF($I64<>"",S_WIP,IF(-$N64<=FEN_DOC,S_RISK,IF(-$N64<=HORIZON,S_COMING,S_NOTYET)))))))))) | P64: =IF(OR($A64="",$E64=""),"",IF($V64=1,"",IF(ISNA(MATCH($A64,TYP_TYPE,0)),"Type not in the library",IF($B64="","Scope not set",IF(AND($B64="System",$C64=""),"System not set",IF(AND($B64="Equipment",$D64=""),"Equipment not set",IF($F64="","Responsible not set",IF($K64="","No target date",IF(AND($B64="Equipment",$C64<>"",IFERROR(INDEX(EQP_SYS,MATCH($D64,EQP_NOM,0)),"")<>$C64),"Equipment not in that system",IF(AND($U64=1,$M64=""),"Approved with no approval date","")))))))))) | R64: =IF(OR($A64="",$B64=""),"",IF($B64="Equipment",IFERROR(INDEX(EQP_START,MATCH($D64,EQP_NOM,0)),""),IF($B64="System",IFERROR(INDEX(SYS_EARLIEST,MATCH($C64,SYS_ID,0)),""),IF($B64="All",CTR_EARLIEST,"")))) | S64: =IF(OR($A64="",$E64=""),"",IFERROR(IF(INDEX(TYP_ANCHOR,MATCH($A64,TYP_TYPE,0))="Commissioning Start",IF($R64="","",$R64-INDEX(TYP_LEAD,MATCH($A64,TYP_TYPE,0))),IF(INDEX(MS_PLAN,MATCH(INDEX(TYP_ANCHOR,MATCH($A64,TYP_TYPE,0)),MS_NOM,0))="","",INDEX(MS_PLAN,MATCH(INDEX(TYP_ANCHOR,MATCH($A64,TYP_TYPE,0)),MS_NOM,0))-INDEX(TYP_LEAD,MATCH($A64,TYP_TYPE,0)))),"")) | T64: =IF(OR($A64="",$E64=""),0,IF($V64=1,0,1)) | U64: =IF($T64=0,0,IF($M64<>"",1,IF(IFERROR(INDEX(WF_CLASS,MATCH($H64,WF_CODE,0)),"")="Done",1,0))) | V64: =IF(OR($A64="",$E64=""),0,IF(IFERROR(INDEX(WF_CLASS,MATCH($H64,WF_CODE,0)),"")="Inactive",1,0)) | W64: =IF($A64="","",IFERROR(INDEX(TYP_PHASE,MATCH($A64,TYP_TYPE,0)),"-")) | X64: =IF(AND($T64=1,$U64=0,N($N64)>0),$N64+ROW()/1000000,"") | Y64: =IF(AND($T64=1,$U64=0,OR($I64<>"",N($N64)>0)),N($N64)+ROW()/1000000,"") | Z64: =IF(AND($T64=1,$U64=0,$I64="",N($N64)<=0,-N($N64)<=HORIZON),N($N64)+ROW()/1000000,"")
A65: Inspection and Test Plan | B65: Equipment | C65: SYS-TV | D65: TV-SMK-03 Smoke Extraction Plant | E65: DMIC-SYS-TV-ITP-062 | F65: L. Fontaine | G65: K. Rasmussen | H65: S6 - For Acceptance | K65: =IF($A65="","",IF($J65<>"",$J65,$S65)) | L65: =IF(OR($A65="",$E65=""),"",IF($J65<>"","Manual",IF($S65="","-","Auto"))) | N65: =IF($T65=0,"",IF($U65=1,IF($M65="","",$M65-$K65),IF($K65="","",TODAY()-$K65))) | O65: =IF(OR($A65="",$E65=""),"",IF($V65=1,S_INACT,IF(ISNA(MATCH($A65,TYP_TYPE,0)),S_TYPEKO,IF($U65=1,S_DONE,IF(AND($K65="",$R65=""),S_NOSCOPE,IF($K65="",S_NOTARGET,IF($N65>0,S_LATE,IF($I65<>"",S_WIP,IF(-$N65<=FEN_DOC,S_RISK,IF(-$N65<=HORIZON,S_COMING,S_NOTYET)))))))))) | P65: =IF(OR($A65="",$E65=""),"",IF($V65=1,"",IF(ISNA(MATCH($A65,TYP_TYPE,0)),"Type not in the library",IF($B65="","Scope not set",IF(AND($B65="System",$C65=""),"System not set",IF(AND($B65="Equipment",$D65=""),"Equipment not set",IF($F65="","Responsible not set",IF($K65="","No target date",IF(AND($B65="Equipment",$C65<>"",IFERROR(INDEX(EQP_SYS,MATCH($D65,EQP_NOM,0)),"")<>$C65),"Equipment not in that system",IF(AND($U65=1,$M65=""),"Approved with no approval date","")))))))))) | R65: =IF(OR($A65="",$B65=""),"",IF($B65="Equipment",IFERROR(INDEX(EQP_START,MATCH($D65,EQP_NOM,0)),""),IF($B65="System",IFERROR(INDEX(SYS_EARLIEST,MATCH($C65,SYS_ID,0)),""),IF($B65="All",CTR_EARLIEST,"")))) | S65: =IF(OR($A65="",$E65=""),"",IFERROR(IF(INDEX(TYP_ANCHOR,MATCH($A65,TYP_TYPE,0))="Commissioning Start",IF($R65="","",$R65-INDEX(TYP_LEAD,MATCH($A65,TYP_TYPE,0))),IF(INDEX(MS_PLAN,MATCH(INDEX(TYP_ANCHOR,MATCH($A65,TYP_TYPE,0)),MS_NOM,0))="","",INDEX(MS_PLAN,MATCH(INDEX(TYP_ANCHOR,MATCH($A65,TYP_TYPE,0)),MS_NOM,0))-INDEX(TYP_LEAD,MATCH($A65,TYP_TYPE,0)))),"")) | T65: =IF(OR($A65="",$E65=""),0,IF($V65=1,0,1)) | U65: =IF($T65=0,0,IF($M65<>"",1,IF(IFERROR(INDEX(WF_CLASS,MATCH($H65,WF_CODE,0)),"")="Done",1,0))) | V65: =IF(OR($A65="",$E65=""),0,IF(IFERROR(INDEX(WF_CLASS,MATCH($H65,WF_CODE,0)),"")="Inactive",1,0)) | W65: =IF($A65="","",IFERROR(INDEX(TYP_PHASE,MATCH($A65,TYP_TYPE,0)),"-")) | X65: =IF(AND($T65=1,$U65=0,N($N65)>0),$N65+ROW()/1000000,"") | Y65: =IF(AND($T65=1,$U65=0,OR($I65<>"",N($N65)>0)),N($N65)+ROW()/1000000,"") | Z65: =IF(AND($T65=1,$U65=0,$I65="",N($N65)<=0,-N($N65)<=HORIZON),N($N65)+ROW()/1000000,"")
A66: Planned End Of Erection Status Report | B66: Equipment | C66: SYS-TV | D66: TV-SMK-03 Smoke Extraction Plant | E66: DMIC-SYS-TV-PER-063 | F66: D. Petrov | G66: R. Bellamy | H66: S4A - Approved | K66: =IF($A66="","",IF($J66<>"",$J66,$S66)) | L66: =IF(OR($A66="",$E66=""),"",IF($J66<>"","Manual",IF($S66="","-","Auto"))) | M66: 46259 | N66: =IF($T66=0,"",IF($U66=1,IF($M66="","",$M66-$K66),IF($K66="","",TODAY()-$K66))) | O66: =IF(OR($A66="",$E66=""),"",IF($V66=1,S_INACT,IF(ISNA(MATCH($A66,TYP_TYPE,0)),S_TYPEKO,IF($U66=1,S_DONE,IF(AND($K66="",$R66=""),S_NOSCOPE,IF($K66="",S_NOTARGET,IF($N66>0,S_LATE,IF($I66<>"",S_WIP,IF(-$N66<=FEN_DOC,S_RISK,IF(-$N66<=HORIZON,S_COMING,S_NOTYET)))))))))) | P66: =IF(OR($A66="",$E66=""),"",IF($V66=1,"",IF(ISNA(MATCH($A66,TYP_TYPE,0)),"Type not in the library",IF($B66="","Scope not set",IF(AND($B66="System",$C66=""),"System not set",IF(AND($B66="Equipment",$D66=""),"Equipment not set",IF($F66="","Responsible not set",IF($K66="","No target date",IF(AND($B66="Equipment",$C66<>"",IFERROR(INDEX(EQP_SYS,MATCH($D66,EQP_NOM,0)),"")<>$C66),"Equipment not in that system",IF(AND($U66=1,$M66=""),"Approved with no approval date","")))))))))) | R66: =IF(OR($A66="",$B66=""),"",IF($B66="Equipment",IFERROR(INDEX(EQP_START,MATCH($D66,EQP_NOM,0)),""),IF($B66="System",IFERROR(INDEX(SYS_EARLIEST,MATCH($C66,SYS_ID,0)),""),IF($B66="All",CTR_EARLIEST,"")))) | S66: =IF(OR($A66="",$E66=""),"",IFERROR(IF(INDEX(TYP_ANCHOR,MATCH($A66,TYP_TYPE,0))="Commissioning Start",IF($R66="","",$R66-INDEX(TYP_LEAD,MATCH($A66,TYP_TYPE,0))),IF(INDEX(MS_PLAN,MATCH(INDEX(TYP_ANCHOR,MATCH($A66,TYP_TYPE,0)),MS_NOM,0))="","",INDEX(MS_PLAN,MATCH(INDEX(TYP_ANCHOR,MATCH($A66,TYP_TYPE,0)),MS_NOM,0))-INDEX(TYP_LEAD,MATCH($A66,TYP_TYPE,0)))),"")) | T66: =IF(OR($A66="",$E66=""),0,IF($V66=1,0,1)) | U66: =IF($T66=0,0,IF($M66<>"",1,IF(IFERROR(INDEX(WF_CLASS,MATCH($H66,WF_CODE,0)),"")="Done",1,0))) | V66: =IF(OR($A66="",$E66=""),0,IF(IFERROR(INDEX(WF_CLASS,MATCH($H66,WF_CODE,0)),"")="Inactive",1,0)) | W66: =IF($A66="","",IFERROR(INDEX(TYP_PHASE,MATCH($A66,TYP_TYPE,0)),"-")) | X66: =IF(AND($T66=1,$U66=0,N($N66)>0),$N66+ROW()/1000000,"") | Y66: =IF(AND($T66=1,$U66=0,OR($I66<>"",N($N66)>0)),N($N66)+ROW()/1000000,"") | Z66: =IF(AND($T66=1,$U66=0,$I66="",N($N66)<=0,-N($N66)<=HORIZON),N($N66)+ROW()/1000000,"")
A67: Commissioning Procedure | B67: Equipment | C67: SYS-FA | D67: FA-PAN-01 Fire Panel Main | E67: DMIC-SYS-FA-CPR-064 | F67: J. Whitfield | G67: N. Bergstrom | H67: W1 - Draft | K67: =IF($A67="","",IF($J67<>"",$J67,$S67)) | L67: =IF(OR($A67="",$E67=""),"",IF($J67<>"","Manual",IF($S67="","-","Auto"))) | N67: =IF($T67=0,"",IF($U67=1,IF($M67="","",$M67-$K67),IF($K67="","",TODAY()-$K67))) | O67: =IF(OR($A67="",$E67=""),"",IF($V67=1,S_INACT,IF(ISNA(MATCH($A67,TYP_TYPE,0)),S_TYPEKO,IF($U67=1,S_DONE,IF(AND($K67="",$R67=""),S_NOSCOPE,IF($K67="",S_NOTARGET,IF($N67>0,S_LATE,IF($I67<>"",S_WIP,IF(-$N67<=FEN_DOC,S_RISK,IF(-$N67<=HORIZON,S_COMING,S_NOTYET)))))))))) | P67: =IF(OR($A67="",$E67=""),"",IF($V67=1,"",IF(ISNA(MATCH($A67,TYP_TYPE,0)),"Type not in the library",IF($B67="","Scope not set",IF(AND($B67="System",$C67=""),"System not set",IF(AND($B67="Equipment",$D67=""),"Equipment not set",IF($F67="","Responsible not set",IF($K67="","No target date",IF(AND($B67="Equipment",$C67<>"",IFERROR(INDEX(EQP_SYS,MATCH($D67,EQP_NOM,0)),"")<>$C67),"Equipment not in that system",IF(AND($U67=1,$M67=""),"Approved with no approval date","")))))))))) | R67: =IF(OR($A67="",$B67=""),"",IF($B67="Equipment",IFERROR(INDEX(EQP_START,MATCH($D67,EQP_NOM,0)),""),IF($B67="System",IFERROR(INDEX(SYS_EARLIEST,MATCH($C67,SYS_ID,0)),""),IF($B67="All",CTR_EARLIEST,"")))) | S67: =IF(OR($A67="",$E67=""),"",IFERROR(IF(INDEX(TYP_ANCHOR,MATCH($A67,TYP_TYPE,0))="Commissioning Start",IF($R67="","",$R67-INDEX(TYP_LEAD,MATCH($A67,TYP_TYPE,0))),IF(INDEX(MS_PLAN,MATCH(INDEX(TYP_ANCHOR,MATCH($A67,TYP_TYPE,0)),MS_NOM,0))="","",INDEX(MS_PLAN,MATCH(INDEX(TYP_ANCHOR,MATCH($A67,TYP_TYPE,0)),MS_NOM,0))-INDEX(TYP_LEAD,MATCH($A67,TYP_TYPE,0)))),"")) | T67: =IF(OR($A67="",$E67=""),0,IF($V67=1,0,1)) | U67: =IF($T67=0,0,IF($M67<>"",1,IF(IFERROR(INDEX(WF_CLASS,MATCH($H67,WF_CODE,0)),"")="Done",1,0))) | V67: =IF(OR($A67="",$E67=""),0,IF(IFERROR(INDEX(WF_CLASS,MATCH($H67,WF_CODE,0)),"")="Inactive",1,0)) | W67: =IF($A67="","",IFERROR(INDEX(TYP_PHASE,MATCH($A67,TYP_TYPE,0)),"-")) | X67: =IF(AND($T67=1,$U67=0,N($N67)>0),$N67+ROW()/1000000,"") | Y67: =IF(AND($T67=1,$U67=0,OR($I67<>"",N($N67)>0)),N($N67)+ROW()/1000000,"") | Z67: =IF(AND($T67=1,$U67=0,$I67="",N($N67)<=0,-N($N67)<=HORIZON),N($N67)+ROW()/1000000,"")
A68: Inspection and Test Plan | B68: Equipment | C68: SYS-FA | D68: FA-PAN-01 Fire Panel Main | E68: DMIC-SYS-FA-ITP-065 | F68: P. Nakamura | G68: M. Haddad | H68: S3 - For Review | K68: =IF($A68="","",IF($J68<>"",$J68,$S68)) | L68: =IF(OR($A68="",$E68=""),"",IF($J68<>"","Manual",IF($S68="","-","Auto"))) | N68: =IF($T68=0,"",IF($U68=1,IF($M68="","",$M68-$K68),IF($K68="","",TODAY()-$K68))) | O68: =IF(OR($A68="",$E68=""),"",IF($V68=1,S_INACT,IF(ISNA(MATCH($A68,TYP_TYPE,0)),S_TYPEKO,IF($U68=1,S_DONE,IF(AND($K68="",$R68=""),S_NOSCOPE,IF($K68="",S_NOTARGET,IF($N68>0,S_LATE,IF($I68<>"",S_WIP,IF(-$N68<=FEN_DOC,S_RISK,IF(-$N68<=HORIZON,S_COMING,S_NOTYET)))))))))) | P68: =IF(OR($A68="",$E68=""),"",IF($V68=1,"",IF(ISNA(MATCH($A68,TYP_TYPE,0)),"Type not in the library",IF($B68="","Scope not set",IF(AND($B68="System",$C68=""),"System not set",IF(AND($B68="Equipment",$D68=""),"Equipment not set",IF($F68="","Responsible not set",IF($K68="","No target date",IF(AND($B68="Equipment",$C68<>"",IFERROR(INDEX(EQP_SYS,MATCH($D68,EQP_NOM,0)),"")<>$C68),"Equipment not in that system",IF(AND($U68=1,$M68=""),"Approved with no approval date","")))))))))) | R68: =IF(OR($A68="",$B68=""),"",IF($B68="Equipment",IFERROR(INDEX(EQP_START,MATCH($D68,EQP_NOM,0)),""),IF($B68="System",IFERROR(INDEX(SYS_EARLIEST,MATCH($C68,SYS_ID,0)),""),IF($B68="All",CTR_EARLIEST,"")))) | S68: =IF(OR($A68="",$E68=""),"",IFERROR(IF(INDEX(TYP_ANCHOR,MATCH($A68,TYP_TYPE,0))="Commissioning Start",IF($R68="","",$R68-INDEX(TYP_LEAD,MATCH($A68,TYP_TYPE,0))),IF(INDEX(MS_PLAN,MATCH(INDEX(TYP_ANCHOR,MATCH($A68,TYP_TYPE,0)),MS_NOM,0))="","",INDEX(MS_PLAN,MATCH(INDEX(TYP_ANCHOR,MATCH($A68,TYP_TYPE,0)),MS_NOM,0))-INDEX(TYP_LEAD,MATCH($A68,TYP_TYPE,0)))),"")) | T68: =IF(OR($A68="",$E68=""),0,IF($V68=1,0,1)) | U68: =IF($T68=0,0,IF($M68<>"",1,IF(IFERROR(INDEX(WF_CLASS,MATCH($H68,WF_CODE,0)),"")="Done",1,0))) | V68: =IF(OR($A68="",$E68=""),0,IF(IFERROR(INDEX(WF_CLASS,MATCH($H68,WF_CODE,0)),"")="Inactive",1,0)) | W68: =IF($A68="","",IFERROR(INDEX(TYP_PHASE,MATCH($A68,TYP_TYPE,0)),"-")) | X68: =IF(AND($T68=1,$U68=0,N($N68)>0),$N68+ROW()/1000000,"") | Y68: =IF(AND($T68=1,$U68=0,OR($I68<>"",N($N68)>0)),N($N68)+ROW()/1000000,"") | Z68: =IF(AND($T68=1,$U68=0,$I68="",N($N68)<=0,-N($N68)<=HORIZON),N($N68)+ROW()/1000000,"")
A69: Planned End Of Erection Status Report | B69: Equipment | C69: SYS-FA | D69: FA-PAN-01 Fire Panel Main | E69: DMIC-SYS-FA-PER-066 | F69: K. Rasmussen | G69: C. Vasquez | H69: S4 - For Internal Approval | K69: =IF($A69="","",IF($J69<>"",$J69,$S69)) | L69: =IF(OR($A69="",$E69=""),"",IF($J69<>"","Manual",IF($S69="","-","Auto"))) | N69: =IF($T69=0,"",IF($U69=1,IF($M69="","",$M69-$K69),IF($K69="","",TODAY()-$K69))) | O69: =IF(OR($A69="",$E69=""),"",IF($V69=1,S_INACT,IF(ISNA(MATCH($A69,TYP_TYPE,0)),S_TYPEKO,IF($U69=1,S_DONE,IF(AND($K69="",$R69=""),S_NOSCOPE,IF($K69="",S_NOTARGET,IF($N69>0,S_LATE,IF($I69<>"",S_WIP,IF(-$N69<=FEN_DOC,S_RISK,IF(-$N69<=HORIZON,S_COMING,S_NOTYET)))))))))) | P69: =IF(OR($A69="",$E69=""),"",IF($V69=1,"",IF(ISNA(MATCH($A69,TYP_TYPE,0)),"Type not in the library",IF($B69="","Scope not set",IF(AND($B69="System",$C69=""),"System not set",IF(AND($B69="Equipment",$D69=""),"Equipment not set",IF($F69="","Responsible not set",IF($K69="","No target date",IF(AND($B69="Equipment",$C69<>"",IFERROR(INDEX(EQP_SYS,MATCH($D69,EQP_NOM,0)),"")<>$C69),"Equipment not in that system",IF(AND($U69=1,$M69=""),"Approved with no approval date","")))))))))) | R69: =IF(OR($A69="",$B69=""),"",IF($B69="Equipment",IFERROR(INDEX(EQP_START,MATCH($D69,EQP_NOM,0)),""),IF($B69="System",IFERROR(INDEX(SYS_EARLIEST,MATCH($C69,SYS_ID,0)),""),IF($B69="All",CTR_EARLIEST,"")))) | S69: =IF(OR($A69="",$E69=""),"",IFERROR(IF(INDEX(TYP_ANCHOR,MATCH($A69,TYP_TYPE,0))="Commissioning Start",IF($R69="","",$R69-INDEX(TYP_LEAD,MATCH($A69,TYP_TYPE,0))),IF(INDEX(MS_PLAN,MATCH(INDEX(TYP_ANCHOR,MATCH($A69,TYP_TYPE,0)),MS_NOM,0))="","",INDEX(MS_PLAN,MATCH(INDEX(TYP_ANCHOR,MATCH($A69,TYP_TYPE,0)),MS_NOM,0))-INDEX(TYP_LEAD,MATCH($A69,TYP_TYPE,0)))),"")) | T69: =IF(OR($A69="",$E69=""),0,IF($V69=1,0,1)) | U69: =IF($T69=0,0,IF($M69<>"",1,IF(IFERROR(INDEX(WF_CLASS,MATCH($H69,WF_CODE,0)),"")="Done",1,0))) | V69: =IF(OR($A69="",$E69=""),0,IF(IFERROR(INDEX(WF_CLASS,MATCH($H69,WF_CODE,0)),"")="Inactive",1,0)) | W69: =IF($A69="","",IFERROR(INDEX(TYP_PHASE,MATCH($A69,TYP_TYPE,0)),"-")) | X69: =IF(AND($T69=1,$U69=0,N($N69)>0),$N69+ROW()/1000000,"") | Y69: =IF(AND($T69=1,$U69=0,OR($I69<>"",N($N69)>0)),N($N69)+ROW()/1000000,"") | Z69: =IF(AND($T69=1,$U69=0,$I69="",N($N69)<=0,-N($N69)<=HORIZON),N($N69)+ROW()/1000000,"")
A70: Commissioning Procedure | B70: Equipment | C70: SYS-FA | D70: FA-DET-02 Detection Loop Zone A | E70: DMIC-SYS-FA-CPR-067 | F70: R. Bellamy | G70: H. Lindqvist | H70: S6 - For Acceptance | K70: =IF($A70="","",IF($J70<>"",$J70,$S70)) | L70: =IF(OR($A70="",$E70=""),"",IF($J70<>"","Manual",IF($S70="","-","Auto"))) | N70: =IF($T70=0,"",IF($U70=1,IF($M70="","",$M70-$K70),IF($K70="","",TODAY()-$K70))) | O70: =IF(OR($A70="",$E70=""),"",IF($V70=1,S_INACT,IF(ISNA(MATCH($A70,TYP_TYPE,0)),S_TYPEKO,IF($U70=1,S_DONE,IF(AND($K70="",$R70=""),S_NOSCOPE,IF($K70="",S_NOTARGET,IF($N70>0,S_LATE,IF($I70<>"",S_WIP,IF(-$N70<=FEN_DOC,S_RISK,IF(-$N70<=HORIZON,S_COMING,S_NOTYET)))))))))) | P70: =IF(OR($A70="",$E70=""),"",IF($V70=1,"",IF(ISNA(MATCH($A70,TYP_TYPE,0)),"Type not in the library",IF($B70="","Scope not set",IF(AND($B70="System",$C70=""),"System not set",IF(AND($B70="Equipment",$D70=""),"Equipment not set",IF($F70="","Responsible not set",IF($K70="","No target date",IF(AND($B70="Equipment",$C70<>"",IFERROR(INDEX(EQP_SYS,MATCH($D70,EQP_NOM,0)),"")<>$C70),"Equipment not in that system",IF(AND($U70=1,$M70=""),"Approved with no approval date","")))))))))) | R70: =IF(OR($A70="",$B70=""),"",IF($B70="Equipment",IFERROR(INDEX(EQP_START,MATCH($D70,EQP_NOM,0)),""),IF($B70="System",IFERROR(INDEX(SYS_EARLIEST,MATCH($C70,SYS_ID,0)),""),IF($B70="All",CTR_EARLIEST,"")))) | S70: =IF(OR($A70="",$E70=""),"",IFERROR(IF(INDEX(TYP_ANCHOR,MATCH($A70,TYP_TYPE,0))="Commissioning Start",IF($R70="","",$R70-INDEX(TYP_LEAD,MATCH($A70,TYP_TYPE,0))),IF(INDEX(MS_PLAN,MATCH(INDEX(TYP_ANCHOR,MATCH($A70,TYP_TYPE,0)),MS_NOM,0))="","",INDEX(MS_PLAN,MATCH(INDEX(TYP_ANCHOR,MATCH($A70,TYP_TYPE,0)),MS_NOM,0))-INDEX(TYP_LEAD,MATCH($A70,TYP_TYPE,0)))),"")) | T70: =IF(OR($A70="",$E70=""),0,IF($V70=1,0,1)) | U70: =IF($T70=0,0,IF($M70<>"",1,IF(IFERROR(INDEX(WF_CLASS,MATCH($H70,WF_CODE,0)),"")="Done",1,0))) | V70: =IF(OR($A70="",$E70=""),0,IF(IFERROR(INDEX(WF_CLASS,MATCH($H70,WF_CODE,0)),"")="Inactive",1,0)) | W70: =IF($A70="","",IFERROR(INDEX(TYP_PHASE,MATCH($A70,TYP_TYPE,0)),"-")) | X70: =IF(AND($T70=1,$U70=0,N($N70)>0),$N70+ROW()/1000000,"") | Y70: =IF(AND($T70=1,$U70=0,OR($I70<>"",N($N70)>0)),N($N70)+ROW()/1000000,"") | Z70: =IF(AND($T70=1,$U70=0,$I70="",N($N70)<=0,-N($N70)<=HORIZON),N($N70)+ROW()/1000000,"")
A71: Inspection and Test Plan | B71: Equipment | C71: SYS-FA | D71: FA-DET-02 Detection Loop Zone A | E71: DMIC-SYS-FA-ITP-068 | F71: N. Bergstrom | G71: A. Mercer | H71: S4B - Comments | K71: =IF($A71="","",IF($J71<>"",$J71,$S71)) | L71: =IF(OR($A71="",$E71=""),"",IF($J71<>"","Manual",IF($S71="","-","Auto"))) | N71: =IF($T71=0,"",IF($U71=1,IF($M71="","",$M71-$K71),IF($K71="","",TODAY()-$K71))) | O71: =IF(OR($A71="",$E71=""),"",IF($V71=1,S_INACT,IF(ISNA(MATCH($A71,TYP_TYPE,0)),S_TYPEKO,IF($U71=1,S_DONE,IF(AND($K71="",$R71=""),S_NOSCOPE,IF($K71="",S_NOTARGET,IF($N71>0,S_LATE,IF($I71<>"",S_WIP,IF(-$N71<=FEN_DOC,S_RISK,IF(-$N71<=HORIZON,S_COMING,S_NOTYET)))))))))) | P71: =IF(OR($A71="",$E71=""),"",IF($V71=1,"",IF(ISNA(MATCH($A71,TYP_TYPE,0)),"Type not in the library",IF($B71="","Scope not set",IF(AND($B71="System",$C71=""),"System not set",IF(AND($B71="Equipment",$D71=""),"Equipment not set",IF($F71="","Responsible not set",IF($K71="","No target date",IF(AND($B71="Equipment",$C71<>"",IFERROR(INDEX(EQP_SYS,MATCH($D71,EQP_NOM,0)),"")<>$C71),"Equipment not in that system",IF(AND($U71=1,$M71=""),"Approved with no approval date","")))))))))) | R71: =IF(OR($A71="",$B71=""),"",IF($B71="Equipment",IFERROR(INDEX(EQP_START,MATCH($D71,EQP_NOM,0)),""),IF($B71="System",IFERROR(INDEX(SYS_EARLIEST,MATCH($C71,SYS_ID,0)),""),IF($B71="All",CTR_EARLIEST,"")))) | S71: =IF(OR($A71="",$E71=""),"",IFERROR(IF(INDEX(TYP_ANCHOR,MATCH($A71,TYP_TYPE,0))="Commissioning Start",IF($R71="","",$R71-INDEX(TYP_LEAD,MATCH($A71,TYP_TYPE,0))),IF(INDEX(MS_PLAN,MATCH(INDEX(TYP_ANCHOR,MATCH($A71,TYP_TYPE,0)),MS_NOM,0))="","",INDEX(MS_PLAN,MATCH(INDEX(TYP_ANCHOR,MATCH($A71,TYP_TYPE,0)),MS_NOM,0))-INDEX(TYP_LEAD,MATCH($A71,TYP_TYPE,0)))),"")) | T71: =IF(OR($A71="",$E71=""),0,IF($V71=1,0,1)) | U71: =IF($T71=0,0,IF($M71<>"",1,IF(IFERROR(INDEX(WF_CLASS,MATCH($H71,WF_CODE,0)),"")="Done",1,0))) | V71: =IF(OR($A71="",$E71=""),0,IF(IFERROR(INDEX(WF_CLASS,MATCH($H71,WF_CODE,0)),"")="Inactive",1,0)) | W71: =IF($A71="","",IFERROR(INDEX(TYP_PHASE,MATCH($A71,TYP_TYPE,0)),"-")) | X71: =IF(AND($T71=1,$U71=0,N($N71)>0),$N71+ROW()/1000000,"") | Y71: =IF(AND($T71=1,$U71=0,OR($I71<>"",N($N71)>0)),N($N71)+ROW()/1000000,"") | Z71: =IF(AND($T71=1,$U71=0,$I71="",N($N71)<=0,-N($N71)<=HORIZON),N($N71)+ROW()/1000000,"")
